"company","title","location","link","postedOn","updatedOn"
"TRL11, Inc","Summer 2025 Engineering Internship","Irvine, California","https://apply.workable.com/trl11-inc/j/390657F01E/","2026-01-10T00:00:00.000Z",""
"Abnormal Security","AI Product Engineer","Remote - USA","https://abnormal.ai/careers/jobs/7659302003?gh_jid=7659302003","2026-03-17T16:16:47-04:00","2026-03-27T14:47:31-04:00"
"Abnormal Security","Software Engineer 2 (Fullstack), Threat Narrative","Remote - Canada; Remote - USA","https://abnormal.ai/careers/jobs/7658409003?gh_jid=7658409003","2026-03-09T17:59:30-04:00","2026-03-30T13:59:26-04:00"
"Addepar","Backend Software Engineer - Investor Solutions","New York, NY","https://job-boards.greenhouse.io/addepar1/jobs/8387694002","2026-02-03T08:51:50-05:00","2026-03-17T09:05:42-04:00"
"Addepar","Data Onboarding Specialist","Salt Lake City, UT","https://job-boards.greenhouse.io/addepar1/jobs/8460797002","2026-03-13T10:26:40-04:00","2026-03-31T15:50:18-04:00"
"Addepar","Software Engineer - Portfolio Services ","New York, NY","https://job-boards.greenhouse.io/addepar1/jobs/8451446002","2026-03-06T09:46:41-05:00","2026-03-17T09:05:42-04:00"
"Affirm ","Analyst II, International Credit Risk","Remote US","https://job-boards.greenhouse.io/affirm/jobs/7590561003","2026-01-22T13:24:59-05:00","2026-04-02T11:02:43-04:00"
"Affirm ","Software Engineer I, Backend (Purchasing Power)","Remote US","https://job-boards.greenhouse.io/affirm/jobs/7673122003","2026-03-24T13:23:36-04:00","2026-04-02T11:02:43-04:00"
"Affirm ","Software Engineer II, Backend (Credit Decisioning) ","Remote US","https://job-boards.greenhouse.io/affirm/jobs/7597920003","2026-01-25T13:09:00-05:00","2026-04-02T11:02:43-04:00"
"Affirm ","Software Engineer II, Backend (Identity Decisioning)   ","Remote US","https://job-boards.greenhouse.io/affirm/jobs/7543978003","2025-12-15T16:43:39-05:00","2026-04-02T11:02:43-04:00"
"Affirm ","Software Engineer II, Full-Stack (Marketplace Performance)","Remote US","https://job-boards.greenhouse.io/affirm/jobs/7678887003","2026-03-30T16:26:47-04:00","2026-04-02T15:44:45-04:00"
"Affirm ","Software Engineering Apprentice, Full-Stack","Remote US","https://job-boards.greenhouse.io/affirm/jobs/7647925003","2026-03-17T12:19:33-04:00","2026-04-02T11:02:43-04:00"
"Airbnb","Machine Learning Engineering Intern (PhD)","United States","https://careers.airbnb.com/positions/7669906?gh_jid=7669906","2026-03-02T14:56:10-05:00","2026-03-02T14:56:10-05:00"
"Airbnb","Sourcing Operations & Innovation Intern (MBA)","United States","https://careers.airbnb.com/positions/7673826?gh_jid=7673826","2026-03-03T13:39:51-05:00","2026-03-03T13:43:58-05:00"
"Akuna Capital","Junior Compliance Analyst ","Chicago, Illinois","https://www.akunacapital.com/careers/job/7700820/?gh_jid=7700820","2026-03-18T13:28:11-04:00","2026-03-19T18:38:16-04:00"
"Akuna Capital","Software Engineer - Data Engineering","Chicago, IL","https://www.akunacapital.com/careers/job/7496411/?gh_jid=7496411","2026-01-02T11:26:14-05:00","2026-03-06T20:03:04-05:00"
"Allen Control Systems","Computer Vision & Machine Learning, Junior","Austin, TX","https://job-boards.greenhouse.io/allencontrolsystems/jobs/4685229008","2025-05-14T11:50:50-04:00","2026-02-12T12:10:01-05:00"
"Allen Control Systems","CV/ML Platform Engineer ","Austin, TX","https://job-boards.greenhouse.io/allencontrolsystems/jobs/5156551008","2026-03-20T11:28:14-04:00","2026-03-20T11:28:14-04:00"
"Allen Control Systems","Manufacturing Intern","Austin, TX","https://job-boards.greenhouse.io/allencontrolsystems/jobs/5159308008","2026-03-24T10:19:27-04:00","2026-03-24T10:19:27-04:00"
"Allen Control Systems","Platform Engineer, Data","Austin, TX","https://job-boards.greenhouse.io/allencontrolsystems/jobs/5145637008","2026-03-06T14:54:41-05:00","2026-03-18T16:43:22-04:00"
"Allen Control Systems","Robotics Software Test Technician","Austin, TX","https://job-boards.greenhouse.io/allencontrolsystems/jobs/5156507008","2026-03-17T18:15:58-04:00","2026-03-17T18:15:58-04:00"
"Allen Control Systems","Software Engineer ","Austin, TX","https://job-boards.greenhouse.io/allencontrolsystems/jobs/4534368008","2025-02-11T18:53:19-05:00","2026-02-25T14:12:35-05:00"
"Allen Control Systems","Unreal Systems Developer ","Austin, TX ","https://job-boards.greenhouse.io/allencontrolsystems/jobs/4170009008","2024-10-08T14:29:08-04:00","2026-03-26T10:04:27-04:00"
"ALTEN Technology USA","Avionic Software Engineer","Raleigh, North Carolina, United States","https://job-boards.greenhouse.io/altentechnologyusa/jobs/5002413007","2025-12-10T15:23:28-05:00","2026-03-24T11:44:27-04:00"
"ALTEN Technology USA","Avionic Software Engineer","Burlington, Vermont, United States","https://job-boards.greenhouse.io/altentechnologyusa/jobs/5002377007","2025-12-10T15:17:18-05:00","2026-03-24T11:44:26-04:00"
"ALTEN Technology USA","Data Collection Operator","San Francisco, California, United States","https://job-boards.greenhouse.io/altentechnologyusa/jobs/4981897007","2025-11-14T13:40:15-05:00","2026-03-24T19:51:08-04:00"
"ALTEN Technology USA","Data Collection Operator I","San Francisco, California","https://job-boards.greenhouse.io/altentechnologyusa/jobs/4827839007","2025-08-25T17:51:26-04:00","2026-03-24T11:44:44-04:00"
"ALTEN Technology USA","Full Stack Software Engineer (medical devices)","Denver, Colorado","https://job-boards.greenhouse.io/altentechnologyusa/jobs/5098671007","2026-04-02T18:17:46-04:00","2026-04-02T18:17:46-04:00"
"ALTEN Technology USA","In-Vehicle Infotainment Systems Engineer","Dearborn, Michigan, United States","https://job-boards.greenhouse.io/altentechnologyusa/jobs/5085194007","2026-03-20T10:26:50-04:00","2026-03-26T09:06:10-04:00"
"ALTEN Technology USA","Software Defined Vehicle (SDV) System Architect","Dearborn, Michigan, United States","https://job-boards.greenhouse.io/altentechnologyusa/jobs/5085183007","2026-03-20T10:10:55-04:00","2026-03-24T11:44:27-04:00"
"Altruist","Founding GTM Engineer, Hazel AI","San Francisco, CA","https://altruist.com/join-altruist/5817418004?gh_jid=5817418004","2026-03-02T23:10:42-05:00","2026-03-22T15:00:53-04:00"
"Altruist","Junior IT Support Engineer (Contract)","San Francisco, CA","https://altruist.com/join-altruist/5835997004?gh_jid=5835997004","2026-03-24T15:23:16-04:00","2026-03-30T20:36:35-04:00"
"ally","Email","N/A","mailto:?subject=Admin%20Dealer%20Credit%20-%20Careers&body=https%3A%2F%2Fally.avature.net%2Fcareers%2FJobDetail%2FAdmin-Dealer-Credit%2F16284","",""
"ally","Email","N/A","mailto:?subject=CSG%20Sr.%20Underwriter%20or%20Regular%20Underwriter%20-%20Careers&body=https%3A%2F%2Fally.avature.net%2Fcareers%2FJobDetail%2FCSG-Sr-Underwriter-or-Regular-Underwriter%2F16306","",""
"ally","Email","N/A","mailto:?subject=Bilingual%20Spanish%20Auto%20Mechanic%2C%20Service%20Manager%20or%20Service%20Technician%20%E2%80%93%20Schaumburg%2C%20IL%20in-office%20position%20-%20Careers&body=https%3A%2F%2Fally.avature.net%2Fcareers%2FJobDetail%2FBilingual-Spanish-Auto-Mechanic-Service-Manager-or-Service-Technician-Schaumburg-IL-in-office-position%2F16265","",""
"ally","Email","N/A","mailto:?subject=Auto%20Mechanic%2C%20Service%20Manager%20or%20Service%20Technician%20%E2%80%93%20Schaumburg%2C%20IL%20in-office%20position%20-%20Careers&body=https%3A%2F%2Fally.avature.net%2Fcareers%2FJobDetail%2FAuto-Mechanic-Service-Manager-or-Service-Technician-Schaumburg-IL-in-office-position%2F16266","",""
"ally","Email","N/A","mailto:?subject=Principal%20-%20Business%20Strategy%20Enablement%20%28Data%20Governance%29%20-%20Careers&body=https%3A%2F%2Fally.avature.net%2Fcareers%2FJobDetail%2FPrincipal-Business-Strategy-Enablement-Data-Governance%2F16301","",""
"ally","Email","N/A","mailto:?subject=Account%20Executive%2C%20Vehicle%20Remarketing%20-%20Greater%20Bay%20Area%2FNorthern%20CA%20Sales%20Market%20-%20Careers&body=https%3A%2F%2Fally.avature.net%2Fcareers%2FJobDetail%2FCalifornia-United-States-Account-Executive-Vehicle-Remarketing-Greater-Bay-Area-Northern-CA-Sales-Market%2F16332","",""
"Amperity","Submit Your Application for Future Consideration","Seattle, WA","https://amperity.com/careers?gh_jid=7344191#openpositions","2025-10-20T13:49:51-04:00","2026-03-05T13:09:28-05:00"
"Amperity","Submit Your Application for Future Consideration","New York, NY; Remote; Seattle, WA ","https://amperity.com/careers?gh_jid=7271303#openpositions","2025-09-23T12:22:56-04:00","2026-03-05T13:09:28-05:00"
"Amperity","Submit Your Application for Future Consideration","Seattle, WA","https://amperity.com/careers?gh_jid=7113605#openpositions","2025-07-28T13:47:07-04:00","2026-03-05T13:09:28-05:00"
"Amperity","Submit Your Application for Future Consideration","New York, NY; Remote; Seattle, WA","https://amperity.com/careers?gh_jid=7345019#openpositions","2025-10-20T17:16:39-04:00","2026-03-05T13:09:28-05:00"
"Amperity","Submit Your Application for Future Consideration","New York, NY; Remote; Seattle, WA","https://amperity.com/careers?gh_jid=7344882#openpositions","2025-10-20T16:55:31-04:00","2026-03-05T13:09:28-05:00"
"Amperity","Submit Your Application for Future Consideration","Seattle, WA","https://amperity.com/careers?gh_jid=7344226#openpositions","2025-10-20T13:59:01-04:00","2026-03-05T13:09:28-05:00"
"Anduril Industries","Associate Software Engineer","Sydney, New South Wales, Australia","https://boards.greenhouse.io/andurilindustries/jobs/5073263007?gh_jid=5073263007","2026-03-09T10:10:11-04:00","2026-04-01T13:33:33-04:00"
"Anduril Industries","Cloud Deployment Engineer, Space ","Costa Mesa, California, United States","https://boards.greenhouse.io/andurilindustries/jobs/5016027007?gh_jid=5016027007","2026-01-06T20:41:38-05:00","2026-04-01T13:33:33-04:00"
"Anduril Industries","	CNC Programmer","Costa Mesa, California, United States","https://boards.greenhouse.io/andurilindustries/jobs/4799423007?gh_jid=4799423007","2025-07-25T02:33:14-04:00","2026-04-01T13:33:33-04:00"
"Anduril Industries","Curriculum Developer, Eagle Eye","Costa Mesa, California, United States","https://boards.greenhouse.io/andurilindustries/jobs/4997519007?gh_jid=4997519007","2025-12-04T11:22:08-05:00","2026-04-01T13:33:33-04:00"
"Anduril Industries","Data Analyst, Corporate Operations","Costa Mesa, California, United States","https://boards.greenhouse.io/andurilindustries/jobs/5027763007?gh_jid=5027763007","2026-01-18T15:13:37-05:00","2026-04-01T13:33:33-04:00"
"Anduril Industries","Data Engineer, Infrastructure FinOps","Costa Mesa, California, United States","https://boards.greenhouse.io/andurilindustries/jobs/5090905007?gh_jid=5090905007","2026-04-02T11:25:11-04:00","2026-04-02T11:25:11-04:00"
"Anduril Industries","DevOps Engineer","Reston, Virginia, United States","https://boards.greenhouse.io/andurilindustries/jobs/5039332007?gh_jid=5039332007","2026-02-02T13:08:19-05:00","2026-04-01T13:33:33-04:00"
"Anduril Industries","Enterprise Applications Engineer","Costa Mesa, California, United States","https://boards.greenhouse.io/andurilindustries/jobs/4969511007?gh_jid=4969511007","2025-12-05T17:07:10-05:00","2026-04-01T13:33:33-04:00"
"Anduril Industries","Flight Software Engineer, Maritime","Costa Mesa, California, United States","https://boards.greenhouse.io/andurilindustries/jobs/5062302007?gh_jid=5062302007","2026-02-27T23:28:05-05:00","2026-04-01T13:33:33-04:00"
"Anduril Industries","Ground Software Engineer, Space","Costa Mesa, California, United States","https://boards.greenhouse.io/andurilindustries/jobs/4497427007?gh_jid=4497427007","2024-08-27T16:53:26-04:00","2026-04-01T13:33:33-04:00"
"Anduril Industries","Ground Software Engineer, Space","Washington, District of Columbia, United States","https://boards.greenhouse.io/andurilindustries/jobs/4767772007?gh_jid=4767772007","2025-06-17T18:41:40-04:00","2026-04-01T13:33:33-04:00"
"Anduril Industries","Industrial Engineer Intern","Ashville, Ohio, United States","https://boards.greenhouse.io/andurilindustries/jobs/5089667007?gh_jid=5089667007","2026-03-26T14:53:53-04:00","2026-04-01T13:33:33-04:00"
"Anduril Industries","Infrastructure Engineer, Intelligence Systems","Reston, Virginia, United States","https://boards.greenhouse.io/andurilindustries/jobs/5066769007?gh_jid=5066769007","2026-03-02T14:17:56-05:00","2026-04-01T13:33:33-04:00"
"Anduril Industries","IT Infrastructure Materials Handler","Costa Mesa, California, United States","https://boards.greenhouse.io/andurilindustries/jobs/5088179007?gh_jid=5088179007","2026-03-24T15:21:17-04:00","2026-04-01T13:33:33-04:00"
"Anduril Industries","Machinist / Programmer","Costa Mesa, California, United States","https://boards.greenhouse.io/andurilindustries/jobs/4955181007?gh_jid=4955181007","2025-10-23T22:00:17-04:00","2026-04-01T13:33:33-04:00"
"Anduril Industries","Manufacturing Engineering Intern","Ashville, Ohio, United States","https://boards.greenhouse.io/andurilindustries/jobs/4797700007?gh_jid=4797700007","2025-08-11T13:36:29-04:00","2026-04-01T13:33:33-04:00"
"Anduril Industries","Manufacturing Engineering Trainer","Costa Mesa, California, United States","https://boards.greenhouse.io/andurilindustries/jobs/5055305007?gh_jid=5055305007","2026-02-17T20:58:47-05:00","2026-04-01T13:33:33-04:00"
"Anduril Industries","Manufacturing Software Engineer, Intelligence Systems","Ashville, Ohio, United States","https://boards.greenhouse.io/andurilindustries/jobs/5080387007?gh_jid=5080387007","2026-03-16T17:25:16-04:00","2026-04-01T13:33:33-04:00"
"Anduril Industries","Mission Software Engineer","Costa Mesa, California, United States","https://boards.greenhouse.io/andurilindustries/jobs/5047469007?gh_jid=5047469007","2026-03-04T17:36:08-05:00","2026-04-01T13:33:33-04:00"
"Anduril Industries","Mission Software Engineer - Connected Warfare","Canberra, Australian Capital Territory, Australia; Sydney, New South Wales, Australia","https://boards.greenhouse.io/andurilindustries/jobs/5047996007?gh_jid=5047996007","2026-02-10T00:41:35-05:00","2026-04-01T13:33:33-04:00"
"Anduril Industries","Mission Software Engineer, Vehicle Software, Active Clearance","Costa Mesa, California, United States","https://boards.greenhouse.io/andurilindustries/jobs/4672916007?gh_jid=4672916007","2025-03-14T12:42:37-04:00","2026-04-01T13:33:33-04:00"
"Anduril Industries","Mission Software Engineer, Vehicle Software, Computer Vision","Costa Mesa, California, United States","https://boards.greenhouse.io/andurilindustries/jobs/4734570007?gh_jid=4734570007","2025-05-14T14:42:23-04:00","2026-04-01T13:33:33-04:00"
"Anduril Industries","Mission Software Engineer, Vehicle Software, GenSWE","Costa Mesa, California, United States","https://boards.greenhouse.io/andurilindustries/jobs/4672868007?gh_jid=4672868007","2025-04-03T18:14:37-04:00","2026-04-01T13:33:33-04:00"
"Anduril Industries","Mission Systems Software Engineer","Costa Mesa, California, United States","https://boards.greenhouse.io/andurilindustries/jobs/4933917007?gh_jid=4933917007","2025-10-07T13:01:19-04:00","2026-04-01T13:33:33-04:00"
"Anduril Industries","OIC Developer ","Atlanta, Georgia, United States","https://boards.greenhouse.io/andurilindustries/jobs/5061445007?gh_jid=5061445007","2026-02-24T11:39:53-05:00","2026-04-01T13:33:33-04:00"
"Anduril Industries","OIC Developer ","Seattle, Washington, United States","https://boards.greenhouse.io/andurilindustries/jobs/5058273007?gh_jid=5058273007","2026-02-20T14:29:42-05:00","2026-04-01T13:33:33-04:00"
"Anduril Industries","OIC Developer ","Costa Mesa, California, United States","https://boards.greenhouse.io/andurilindustries/jobs/5058262007?gh_jid=5058262007","2026-02-20T14:28:19-05:00","2026-04-01T13:33:33-04:00"
"Anduril Industries","OIC Developer ","Boston, Massachusetts, United States","https://boards.greenhouse.io/andurilindustries/jobs/5061434007?gh_jid=5061434007","2026-02-24T11:34:45-05:00","2026-04-01T13:33:33-04:00"
"Anduril Industries","Operations Analyst, Software Spend","Costa Mesa, California, United States","https://boards.greenhouse.io/andurilindustries/jobs/5076811007?gh_jid=5076811007","2026-03-23T12:18:26-04:00","2026-04-01T13:33:33-04:00"
"Anduril Industries","Optimization Software Engineer","Washington, District of Columbia, United States","https://boards.greenhouse.io/andurilindustries/jobs/5089067007?gh_jid=5089067007","2026-03-24T19:52:07-04:00","2026-04-01T13:33:33-04:00"
"Anduril Industries","Oracle Fusion Software Developer","Costa Mesa, California, United States","https://boards.greenhouse.io/andurilindustries/jobs/5058266007?gh_jid=5058266007","2026-02-20T14:28:20-05:00","2026-04-01T13:33:33-04:00"
"Anduril Industries","Oracle Fusion Software Developer","Boston, Massachusetts, United States","https://boards.greenhouse.io/andurilindustries/jobs/5061437007?gh_jid=5061437007","2026-02-24T11:34:46-05:00","2026-04-01T13:33:33-04:00"
"Anduril Industries","Oracle Fusion Software Developer","Seattle, Washington, United States","https://boards.greenhouse.io/andurilindustries/jobs/5058269007?gh_jid=5058269007","2026-02-20T14:29:07-05:00","2026-04-01T13:33:33-04:00"
"Anduril Industries","Oracle Fusion Software Developer","Atlanta, Georgia, United States","https://boards.greenhouse.io/andurilindustries/jobs/5061446007?gh_jid=5061446007","2026-02-24T11:40:48-05:00","2026-04-01T13:33:33-04:00"
"Anduril Industries","Oracle Integration Cloud Developer","Costa Mesa, California, United States","https://boards.greenhouse.io/andurilindustries/jobs/5055686007?gh_jid=5055686007","2026-02-19T16:16:36-05:00","2026-04-01T13:33:33-04:00"
"Anduril Industries","Orbital Software Engineer, Space","Costa Mesa, California, United States","https://boards.greenhouse.io/andurilindustries/jobs/4872480007?gh_jid=4872480007","2025-09-12T19:41:09-04:00","2026-04-01T13:33:33-04:00"
"Anduril Industries","Perception Engineering Intern","Costa Mesa, California, United States","https://boards.greenhouse.io/andurilindustries/jobs/4830032007?gh_jid=4830032007","2025-11-13T13:56:51-05:00","2026-04-01T13:33:33-04:00"
"Anduril Industries","Product Training Engineer","Atlanta, Georgia, United States","https://boards.greenhouse.io/andurilindustries/jobs/5055326007?gh_jid=5055326007","2026-02-24T14:08:14-05:00","2026-04-01T13:33:33-04:00"
"Anduril Industries","Program Protection Software Engineer","Costa Mesa, California, United States","https://boards.greenhouse.io/andurilindustries/jobs/5081313007?gh_jid=5081313007","2026-03-17T12:42:20-04:00","2026-04-01T13:33:33-04:00"
"Anduril Industries","Propulsion Test Infrastructure Engineer","Santa Ana, CA (3100 Harbor)","https://boards.greenhouse.io/andurilindustries/jobs/5030310007?gh_jid=5030310007","2026-02-25T20:07:01-05:00","2026-04-01T13:33:33-04:00"
"Anduril Industries","Quantum Software Engineer","Washington, District of Columbia, United States","https://boards.greenhouse.io/andurilindustries/jobs/5089054007?gh_jid=5089054007","2026-03-24T19:52:21-04:00","2026-04-01T13:33:33-04:00"
"Anduril Industries","Robotics Software Engineer","Costa Mesa, California, United States","https://boards.greenhouse.io/andurilindustries/jobs/4772830007?gh_jid=4772830007","2026-03-09T19:28:13-04:00","2026-04-01T13:33:33-04:00"
"Anduril Industries","Robotics Software Engineer ","Atlanta, Georgia, United States","https://boards.greenhouse.io/andurilindustries/jobs/5078772007?gh_jid=5078772007","2026-03-13T12:13:00-04:00","2026-04-01T13:33:33-04:00"
"Anduril Industries","Robotics Software Engineer, Vehicle Software","Costa Mesa, California, United States","https://boards.greenhouse.io/andurilindustries/jobs/4672892007?gh_jid=4672892007","2025-03-14T12:41:23-04:00","2026-04-01T13:33:33-04:00"
"Anduril Industries","Service Cloud Software Developer","Costa Mesa, California, United States","https://boards.greenhouse.io/andurilindustries/jobs/5055289007?gh_jid=5055289007","2026-02-17T20:29:30-05:00","2026-04-01T13:33:33-04:00"
"Anduril Industries","Skillbridge Software Engineer, EagleEye","Bellevue, Washington, United States","https://boards.greenhouse.io/andurilindustries/jobs/5050524007?gh_jid=5050524007","2026-02-11T18:29:35-05:00","2026-04-01T13:33:33-04:00"
"Anduril Industries","Software Development Engineer in Test, Intelligence Systems ","Reston, Virginia, United States","https://boards.greenhouse.io/andurilindustries/jobs/5093611007?gh_jid=5093611007","2026-03-30T17:11:38-04:00","2026-04-01T13:33:33-04:00"
"Anduril Industries","Software Engineer","Sydney, New South Wales, Australia","https://boards.greenhouse.io/andurilindustries/jobs/4948307007?gh_jid=4948307007","2025-10-16T22:20:21-04:00","2026-04-01T13:33:33-04:00"
"Anduril Industries","Software Engineer","Broomfield, Colorado, United States; Fort Collins, Colorado, United States","https://boards.greenhouse.io/andurilindustries/jobs/5070913007?gh_jid=5070913007","2026-03-05T15:37:26-05:00","2026-04-01T13:33:33-04:00"
"Anduril Industries","Software Engineer","Broomfield, Colorado, United States","https://boards.greenhouse.io/andurilindustries/jobs/4869264007?gh_jid=4869264007","2025-09-09T16:25:38-04:00","2026-04-01T13:33:33-04:00"
"Anduril Industries","Software Engineer","Huntsville, Alabama, United States","https://boards.greenhouse.io/andurilindustries/jobs/5025619007?gh_jid=5025619007","2026-01-15T14:09:49-05:00","2026-04-01T13:33:33-04:00"
"Anduril Industries","Software Engineer","Melbourne, Victoria, Australia","https://boards.greenhouse.io/andurilindustries/jobs/4948330007?gh_jid=4948330007","2025-10-16T23:12:54-04:00","2026-04-01T13:33:33-04:00"
"Anduril Industries","Software Engineer, Anvil","Costa Mesa, California, United States","https://boards.greenhouse.io/andurilindustries/jobs/4932828007?gh_jid=4932828007","2025-10-06T19:51:40-04:00","2026-04-01T13:33:33-04:00"
"Anduril Industries","Software Engineer, C#","Costa Mesa, California, United States; Santa Ana, CA (3100 Harbor)","https://boards.greenhouse.io/andurilindustries/jobs/5065236007?gh_jid=5065236007","2026-02-27T12:28:39-05:00","2026-04-01T13:33:33-04:00"
"Anduril Industries","Software Engineer, Connected Warfare (Active Clearance)","Costa Mesa, California, United States","https://boards.greenhouse.io/andurilindustries/jobs/4263021007?gh_jid=4263021007","2024-02-22T12:17:03-05:00","2026-04-01T13:33:33-04:00"
"Anduril Industries","Software Engineer, Connected Warfare (Active Clearance)","Washington, District of Columbia, United States","https://boards.greenhouse.io/andurilindustries/jobs/4263023007?gh_jid=4263023007","2024-02-22T12:17:04-05:00","2026-04-01T13:33:33-04:00"
"Anduril Industries","Software Engineer, Connected Warfare (Active Clearance)","Seattle, Washington, United States","https://boards.greenhouse.io/andurilindustries/jobs/4263030007?gh_jid=4263030007","2024-02-22T12:17:06-05:00","2026-04-01T13:33:33-04:00"
"Anduril Industries","Software Engineer, Data Engineering","Costa Mesa, California, United States","https://boards.greenhouse.io/andurilindustries/jobs/4991618007?gh_jid=4991618007","2025-12-01T13:02:49-05:00","2026-04-01T13:33:33-04:00"
"Anduril Industries","Software Engineer, Device Infrastructure","Atlanta, Georgia, United States","https://boards.greenhouse.io/andurilindustries/jobs/5006927007?gh_jid=5006927007","2025-12-18T13:53:49-05:00","2026-04-01T13:33:33-04:00"
"Anduril Industries","Software Engineer, Device Infrastructure","Costa Mesa, California, United States","https://boards.greenhouse.io/andurilindustries/jobs/4775866007?gh_jid=4775866007","2025-12-18T13:53:48-05:00","2026-04-01T13:33:33-04:00"
"Anduril Industries","Software Engineer, DevOps, Discovery","Seattle, Washington, United States","https://boards.greenhouse.io/andurilindustries/jobs/5038025007?gh_jid=5038025007","2026-01-29T16:10:24-05:00","2026-04-01T13:33:33-04:00"
"Anduril Industries","Software Engineer, DevOps, Discovery","Washington, District of Columbia, United States","https://boards.greenhouse.io/andurilindustries/jobs/4981660007?gh_jid=4981660007","2025-11-14T17:13:14-05:00","2026-04-01T13:33:33-04:00"
"Anduril Industries","Software Engineer, Discovery","Seattle, Washington, United States; Washington, District of Columbia, United States","https://boards.greenhouse.io/andurilindustries/jobs/4980592007?gh_jid=4980592007","2025-11-13T14:34:13-05:00","2026-04-01T13:33:33-04:00"
"Anduril Industries","Software Engineer (Flight Software)","Costa Mesa, California, United States","https://boards.greenhouse.io/andurilindustries/jobs/4975205007?gh_jid=4975205007","2025-11-09T23:18:55-05:00","2026-04-01T13:33:33-04:00"
"Anduril Industries","Software Engineer, Full Stack","Irvine, California, United States","https://boards.greenhouse.io/andurilindustries/jobs/4836302007?gh_jid=4836302007","2025-08-22T10:03:02-04:00","2026-04-01T13:33:33-04:00"
"Anduril Industries","Software Engineer, Game Development","Costa Mesa, California, United States","https://boards.greenhouse.io/andurilindustries/jobs/4928130007?gh_jid=4928130007","2025-10-02T12:57:53-04:00","2026-04-01T13:33:33-04:00"
"Anduril Industries","Software Engineer, Generalist","Irvine, California, United States","https://boards.greenhouse.io/andurilindustries/jobs/5009117007?gh_jid=5009117007","2026-01-26T17:51:51-05:00","2026-04-01T13:33:33-04:00"
"Anduril Industries","Software Engineer, Ghost","Costa Mesa, California, United States","https://boards.greenhouse.io/andurilindustries/jobs/4932891007?gh_jid=4932891007","2025-10-06T19:51:39-04:00","2026-04-01T13:33:33-04:00"
"Anduril Industries","Software Engineer, Imaging","Lexington, Massachusetts, United States","https://boards.greenhouse.io/andurilindustries/jobs/4967445007?gh_jid=4967445007","2025-11-03T14:26:23-05:00","2026-04-01T13:33:33-04:00"
"Anduril Industries","Software Engineer, Intelligence Systems","Reston, Virginia, United States","https://boards.greenhouse.io/andurilindustries/jobs/5089662007?gh_jid=5089662007","2026-03-25T13:27:46-04:00","2026-04-01T13:33:33-04:00"
"Anduril Industries","Software Engineer, Intelligence Systems","Reston, Virginia, United States","https://boards.greenhouse.io/andurilindustries/jobs/5064165007?gh_jid=5064165007","2026-03-11T18:15:58-04:00","2026-04-01T13:33:33-04:00"
"Anduril Industries","Software Engineer, Intelligence Systems","Reston, Virginia, United States; Washington, District of Columbia, United States","https://boards.greenhouse.io/andurilindustries/jobs/5068451007?gh_jid=5068451007","2026-03-03T16:45:11-05:00","2026-04-01T13:33:33-04:00"
"Anduril Industries","Software Engineer, Intelligence Systems (Active Clearance)","Reston, Virginia, United States","https://boards.greenhouse.io/andurilindustries/jobs/5068128007?gh_jid=5068128007","2026-03-03T14:37:25-05:00","2026-04-01T13:33:33-04:00"
"Anduril Industries","Software Engineer Intern","Atlanta, Georgia, United States; Boston, Massachusetts, United States; Costa Mesa, California, United States; Irvine, California, United States; Quincy, Massachusetts, United States; Reston, Virginia, United States; Seattle, Washington, United States","https://boards.greenhouse.io/andurilindustries/jobs/4807506007?gh_jid=4807506007","2025-08-11T13:37:34-04:00","2026-04-01T13:33:33-04:00"
"Anduril Industries","Software Engineer, Manufacturing, Sentry Tower ","Irvine, California, United States","https://boards.greenhouse.io/andurilindustries/jobs/5069758007?gh_jid=5069758007","2026-03-04T17:12:05-05:00","2026-04-01T15:56:55-04:00"
"Anduril Industries","Software Engineer, Manufacturing Test","Costa Mesa, California, United States","https://boards.greenhouse.io/andurilindustries/jobs/5003654007?gh_jid=5003654007","2025-12-11T19:05:42-05:00","2026-04-01T13:33:33-04:00"
"Anduril Industries","Software Engineer, Manufacturing Test","Costa Mesa, California, United States","https://boards.greenhouse.io/andurilindustries/jobs/5003658007?gh_jid=5003658007","2025-12-11T19:47:12-05:00","2026-04-01T13:33:33-04:00"
"Anduril Industries","Software Engineer, Maritime","Boston, Massachusetts, United States","https://boards.greenhouse.io/andurilindustries/jobs/5085712007?gh_jid=5085712007","2026-03-20T14:27:36-04:00","2026-04-01T13:33:33-04:00"
"Anduril Industries","Software Engineer, Maritime","Quincy, Massachusetts, United States","https://boards.greenhouse.io/andurilindustries/jobs/5049648007?gh_jid=5049648007","2026-02-11T09:51:32-05:00","2026-04-01T13:33:33-04:00"
"Anduril Industries","Software Engineer, Maritime","Costa Mesa, California, United States","https://boards.greenhouse.io/andurilindustries/jobs/5051550007?gh_jid=5051550007","2026-02-12T15:32:48-05:00","2026-04-01T13:33:33-04:00"
"Anduril Industries","Software Engineer, Mission Simulation ","Seattle, Washington, United States","https://boards.greenhouse.io/andurilindustries/jobs/4986111007?gh_jid=4986111007","2025-11-18T21:23:18-05:00","2026-04-01T13:33:33-04:00"
"Anduril Industries","Software Engineer, Modeling and Simulation, Discovery","Washington, District of Columbia, United States","https://boards.greenhouse.io/andurilindustries/jobs/4981758007?gh_jid=4981758007","2025-11-14T17:15:26-05:00","2026-04-01T13:33:33-04:00"
"Anduril Industries","Software Engineer, Modeling and Simulation, Discovery","Seattle, Washington, United States","https://boards.greenhouse.io/andurilindustries/jobs/5038051007?gh_jid=5038051007","2026-01-29T16:24:30-05:00","2026-04-01T13:33:33-04:00"
"Anduril Industries","Software Engineer, Modeling & Simulation","Irvine, California, United States","https://boards.greenhouse.io/andurilindustries/jobs/5009182007?gh_jid=5009182007","2026-02-02T13:38:56-05:00","2026-04-01T13:33:33-04:00"
"Anduril Industries","Software Engineer, Modeling & Simulation","Costa Mesa, California, United States","https://boards.greenhouse.io/andurilindustries/jobs/5008369007?gh_jid=5008369007","2026-02-02T13:38:54-05:00","2026-04-01T13:33:33-04:00"
"Anduril Industries","Software Engineer (Network), Intelligence Systems","Reston, Virginia, United States","https://boards.greenhouse.io/andurilindustries/jobs/4961005007?gh_jid=4961005007","2025-10-30T17:10:13-04:00","2026-04-01T13:33:33-04:00"
"Anduril Industries","Software Engineer, Rapid Integration and Test","Costa Mesa, California, United States","https://boards.greenhouse.io/andurilindustries/jobs/4637573007?gh_jid=4637573007","2025-04-07T19:35:59-04:00","2026-04-01T13:33:33-04:00"
"Anduril Industries","Software Engineer, Robotics","Irvine, California, United States","https://boards.greenhouse.io/andurilindustries/jobs/4932360007?gh_jid=4932360007","2025-10-08T12:10:29-04:00","2026-04-01T13:33:33-04:00"
"Anduril Industries","Software Engineer, Test Infrastructure & Simulation","Costa Mesa, California, United States","https://boards.greenhouse.io/andurilindustries/jobs/4834412007?gh_jid=4834412007","2025-08-20T14:02:20-04:00","2026-04-01T13:33:33-04:00"
"Anduril Industries","Software Engineer, Vehicle Management Systems ","Atlanta, Georgia, United States","https://boards.greenhouse.io/andurilindustries/jobs/4956802007?gh_jid=4956802007","2025-10-24T11:41:00-04:00","2026-04-01T13:33:33-04:00"
"Anduril Industries","Software Test Engineer, Intelligence Systems","Reston, Virginia, United States","https://boards.greenhouse.io/andurilindustries/jobs/4754188007?gh_jid=4754188007","2025-06-05T17:16:36-04:00","2026-04-01T13:33:33-04:00"
"Anduril Industries","Sustainment Engineer","Costa Mesa, California, United States","https://boards.greenhouse.io/andurilindustries/jobs/5041084007?gh_jid=5041084007","2026-02-03T02:07:02-05:00","2026-04-01T13:33:33-04:00"
"Anduril Industries","Tactical C2 Software Engineer, Cloud","Costa Mesa, California, United States","https://boards.greenhouse.io/andurilindustries/jobs/4997983007?gh_jid=4997983007","2025-12-04T12:49:54-05:00","2026-04-01T13:33:33-04:00"
"Appian ","Solution Engineer (Software Support, Third Shift) ","McLean, Virginia","https://job-boards.greenhouse.io/appian/jobs/7716118","2026-03-13T09:34:50-04:00","2026-03-31T16:17:44-04:00"
"Appian ","Workplace Events Intern","McLean, Virginia","https://job-boards.greenhouse.io/appian/jobs/7641776","2026-02-20T11:19:27-05:00","2026-03-31T16:17:44-04:00"
"Applied Intuition","Android Software Engineer - Applications","Sunnyvale, California, United States","https://boards.greenhouse.io/appliedintuition/jobs/4582602005?gh_jid=4582602005","2025-07-07T13:31:39-04:00","2026-02-17T18:09:02-05:00"
"Applied Intuition","Data & ML Pipeline Software Engineer","Sunnyvale, California, United States","https://boards.greenhouse.io/appliedintuition/jobs/4659522005?gh_jid=4659522005","2026-02-10T13:10:39-05:00","2026-03-10T13:51:18-04:00"
"Applied Intuition","Defense Software Engineer ","Washington, District of Columbia, United States","https://boards.greenhouse.io/appliedintuition/jobs/4151747005?gh_jid=4151747005","2023-01-18T17:07:01-05:00","2026-03-27T15:20:19-04:00"
"Applied Intuition","Field Application Engineer, Korea Market (US-based)","Sunnyvale, California, United States","https://boards.greenhouse.io/appliedintuition/jobs/4238438005?gh_jid=4238438005","2023-04-17T16:59:13-04:00","2026-03-19T21:12:41-04:00"
"Applied Intuition","Forward Deployed Software Engineer - Physical AI","Washington, District of Columbia, United States","https://boards.greenhouse.io/appliedintuition/jobs/4590784005?gh_jid=4590784005","2025-07-28T14:52:02-04:00","2026-03-25T17:33:28-04:00"
"Applied Intuition","Missions Software Engineer - Physical AI","Washington, District of Columbia, United States","https://boards.greenhouse.io/appliedintuition/jobs/4623316005?gh_jid=4623316005","2025-10-30T11:10:04-04:00","2026-03-25T17:33:59-04:00"
"Applied Intuition","ML Perception Software Engineer","Sunnyvale, California, United States","https://boards.greenhouse.io/appliedintuition/jobs/4373447005?gh_jid=4373447005","2024-09-08T19:02:14-04:00","2026-02-17T14:56:19-05:00"
"Applied Intuition","ML Runtime Optimization Engineer","Sunnyvale, California, United States","https://boards.greenhouse.io/appliedintuition/jobs/4536716005?gh_jid=4536716005","2025-03-04T20:06:01-05:00","2026-02-02T17:01:32-05:00"
"Applied Intuition","Research Engineer - AI/RL Infrastructure","Sunnyvale, California, United States","https://boards.greenhouse.io/appliedintuition/jobs/4468330005?gh_jid=4468330005","2024-09-16T20:52:37-04:00","2026-02-13T15:28:40-05:00"
"Applied Intuition","Research Engineer - Robotic Hardware, Simulation and Data","Sunnyvale, California, United States","https://boards.greenhouse.io/appliedintuition/jobs/4599645005?gh_jid=4599645005","2025-08-19T17:30:39-04:00","2026-02-17T14:40:52-05:00"
"Applied Intuition","Research Intern - 3D Vision and Generation, Self-Driving","Sunnyvale, California, United States","https://boards.greenhouse.io/appliedintuition/jobs/4661663005?gh_jid=4661663005","2026-02-12T21:46:07-05:00","2026-02-17T14:41:59-05:00"
"Applied Intuition","Research Intern - Reinforcement Learning, Robotics","Sunnyvale, California, United States","https://boards.greenhouse.io/appliedintuition/jobs/4661665005?gh_jid=4661665005","2026-02-12T21:46:08-05:00","2026-02-17T14:49:41-05:00"
"Applied Intuition","Research Intern - Reinforcement Learning, Self-Driving","Sunnyvale, California, United States","https://boards.greenhouse.io/appliedintuition/jobs/4473608005?gh_jid=4473608005","2024-09-20T21:04:03-04:00","2026-02-17T14:49:51-05:00"
"Applied Intuition","Research Intern - Robotic Hardware, Simulation and Data","Sunnyvale, California, United States","https://boards.greenhouse.io/appliedintuition/jobs/4661664005?gh_jid=4661664005","2026-02-12T21:46:11-05:00","2026-02-17T14:50:03-05:00"
"Applied Intuition","Research Intern - World-Action Foundation Model, Robotics","Sunnyvale, California, United States","https://boards.greenhouse.io/appliedintuition/jobs/4661666005?gh_jid=4661666005","2026-02-12T21:46:12-05:00","2026-02-17T14:50:14-05:00"
"Applied Intuition","Robotic Software Engineer - Aerial Autonomy","Fort Walton Beach, Florida, United States","https://boards.greenhouse.io/appliedintuition/jobs/4677113005?gh_jid=4677113005","2026-03-24T18:59:59-04:00","2026-03-24T18:59:59-04:00"
"Applied Intuition","Robotic Software Engineer (Drone Stack)","Washington, District of Columbia, United States","https://boards.greenhouse.io/appliedintuition/jobs/4677114005?gh_jid=4677114005","2026-03-24T18:59:56-04:00","2026-03-25T12:57:38-04:00"
"Applied Intuition","Robotic Software Engineer (Drone Stack)","Fort Walton Beach, Florida, United States","https://boards.greenhouse.io/appliedintuition/jobs/4609156005?gh_jid=4609156005","2025-09-16T09:26:00-04:00","2026-03-25T12:57:23-04:00"
"Applied Intuition","Robotic Software Engineer, Perception","San Diego, California, United States","https://boards.greenhouse.io/appliedintuition/jobs/4605513005?gh_jid=4605513005","2025-09-04T15:57:10-04:00","2026-01-14T17:31:02-05:00"
"Applied Intuition","Robotic Software Engineer, Perception","Washington, District of Columbia, United States","https://boards.greenhouse.io/appliedintuition/jobs/4553358005?gh_jid=4553358005","2025-04-14T19:16:32-04:00","2026-01-14T17:31:02-05:00"
"Applied Intuition","Robotic Software Engineer, Perception ","Ann Arbor, Michigan, United States","https://boards.greenhouse.io/appliedintuition/jobs/4605512005?gh_jid=4605512005","2025-09-04T15:56:41-04:00","2026-01-14T17:31:02-05:00"
"Applied Intuition","Sensor Sim - ML Engineer","Sunnyvale, California, United States","https://boards.greenhouse.io/appliedintuition/jobs/4678157005?gh_jid=4678157005","2026-03-27T20:01:32-04:00","2026-03-27T20:01:32-04:00"
"Applied Intuition","Software Architect - Fallback Stack","Sunnyvale, California, United States","https://boards.greenhouse.io/appliedintuition/jobs/4666731005?gh_jid=4666731005","2026-02-25T21:10:02-05:00","2026-02-25T21:10:02-05:00"
"Applied Intuition","Software Engineer","Sunnyvale, California, United States","https://boards.greenhouse.io/appliedintuition/jobs/4044661005?gh_jid=4044661005","2022-07-29T18:50:32-04:00","2026-01-14T17:31:02-05:00"
"Applied Intuition","Software Engineer","Ann Arbor, Michigan, United States","https://boards.greenhouse.io/appliedintuition/jobs/4608634005?gh_jid=4608634005","2025-09-15T17:13:22-04:00","2026-01-14T17:31:02-05:00"
"Applied Intuition","Software Engineer - AI Engineering","Sunnyvale, California, United States","https://boards.greenhouse.io/appliedintuition/jobs/4677060005?gh_jid=4677060005","2026-03-25T11:07:08-04:00","2026-03-25T11:07:08-04:00"
"Applied Intuition","Software Engineer – Autonomy Tooling","Sunnyvale, California, United States","https://boards.greenhouse.io/appliedintuition/jobs/4670827005?gh_jid=4670827005","2026-03-06T20:34:58-05:00","2026-03-06T20:34:58-05:00"
"Applied Intuition","Software Engineer - Backend","Sunnyvale, California, United States","https://boards.greenhouse.io/appliedintuition/jobs/4669710005?gh_jid=4669710005","2026-03-04T19:28:11-05:00","2026-03-31T14:13:38-04:00"
"Applied Intuition","Software Engineer - Calibration","Sunnyvale, California, United States","https://boards.greenhouse.io/appliedintuition/jobs/4373450005?gh_jid=4373450005","2024-08-20T20:25:59-04:00","2026-03-11T15:39:18-04:00"
"Applied Intuition","Software Engineer - Cloud Infrastructure","Sunnyvale, California, United States","https://boards.greenhouse.io/appliedintuition/jobs/4045252005?gh_jid=4045252005","2022-07-29T18:52:11-04:00","2026-02-17T14:31:56-05:00"
"Applied Intuition","Software Engineer - Developer Infrastructure ","Sunnyvale, California, United States","https://boards.greenhouse.io/appliedintuition/jobs/4581501005?gh_jid=4581501005","2025-06-30T16:22:14-04:00","2026-01-14T17:31:02-05:00"
"Applied Intuition","Software Engineer - E2E Autonomy","Sunnyvale, California, United States","https://boards.greenhouse.io/appliedintuition/jobs/4626940005?gh_jid=4626940005","2025-11-05T17:59:55-05:00","2026-03-10T16:35:48-04:00"
"Applied Intuition","Software Engineer - Insights Platform","Sunnyvale, California, United States","https://boards.greenhouse.io/appliedintuition/jobs/4678610005?gh_jid=4678610005","2026-03-27T20:38:18-04:00","2026-03-27T20:39:48-04:00"
"Applied Intuition","Software Engineer - Kafka","Sunnyvale, California, United States","https://boards.greenhouse.io/appliedintuition/jobs/4584510005?gh_jid=4584510005","2025-07-09T14:23:48-04:00","2026-03-18T20:57:08-04:00"
"Applied Intuition","Software Engineer - Low Speed Motion Planning & Control","Sunnyvale, California, United States","https://boards.greenhouse.io/appliedintuition/jobs/4657838005?gh_jid=4657838005","2026-02-04T17:00:03-05:00","2026-02-05T11:11:13-05:00"
"Applied Intuition","Software Engineer - Mapping and Localization","Sunnyvale, California, United States","https://boards.greenhouse.io/appliedintuition/jobs/4045240005?gh_jid=4045240005","2022-07-29T18:51:18-04:00","2026-03-19T12:49:20-04:00"
"Applied Intuition","Software Engineer - Maps Infrastructure","Sunnyvale, California, United States","https://boards.greenhouse.io/appliedintuition/jobs/4045242005?gh_jid=4045242005","2022-07-29T18:51:20-04:00","2026-03-27T20:09:19-04:00"
"Applied Intuition","Software Engineer - Middleware","Sunnyvale, California, United States","https://boards.greenhouse.io/appliedintuition/jobs/4652157005?gh_jid=4652157005","2026-02-02T18:22:13-05:00","2026-02-17T19:53:20-05:00"
"Applied Intuition","Software Engineer – Motion Planning and Control","Sunnyvale, California, United States","https://boards.greenhouse.io/appliedintuition/jobs/4656124005?gh_jid=4656124005","2026-02-02T14:10:23-05:00","2026-02-02T14:11:34-05:00"
"Applied Intuition","Software Engineer - Motion Planning (Fallback Stack)","Sunnyvale, California, United States","https://boards.greenhouse.io/appliedintuition/jobs/4672253005?gh_jid=4672253005","2026-03-12T00:28:03-04:00","2026-03-12T00:28:55-04:00"
"Applied Intuition","Software Engineer - Perception (Fallback Stack)","Sunnyvale, California, United States","https://boards.greenhouse.io/appliedintuition/jobs/4674858005?gh_jid=4674858005","2026-03-18T18:47:02-04:00","2026-03-18T18:47:02-04:00"
"Applied Intuition","Software Engineer - Planning","Sunnyvale, California, United States","https://boards.greenhouse.io/appliedintuition/jobs/4045247005?gh_jid=4045247005","2022-07-29T18:51:35-04:00","2026-02-17T14:59:28-05:00"
"Applied Intuition","Software Engineer - Prediction and Behavior ML","Sunnyvale, California, United States","https://boards.greenhouse.io/appliedintuition/jobs/4346998005?gh_jid=4346998005","2023-12-05T20:14:27-05:00","2026-02-17T15:00:42-05:00"
"Applied Intuition","Software Engineer - Python","Sunnyvale, California, United States","https://boards.greenhouse.io/appliedintuition/jobs/4674857005?gh_jid=4674857005","2026-03-18T19:42:00-04:00","2026-03-18T19:42:00-04:00"
"Applied Intuition","Software Engineer - Systems Engineering AI Tooling","Sunnyvale, California, United States","https://boards.greenhouse.io/appliedintuition/jobs/4670757005?gh_jid=4670757005","2026-03-06T20:42:19-05:00","2026-03-06T20:42:19-05:00"
"Applied Intuition","Software Engineer - Telematics","Sunnyvale, California, United States","https://boards.greenhouse.io/appliedintuition/jobs/4578496005?gh_jid=4578496005","2025-06-20T20:02:07-04:00","2026-02-02T17:01:31-05:00"
"Applied Intuition","Software Engineer - Validation Toolset","Sunnyvale, California, United States","https://boards.greenhouse.io/appliedintuition/jobs/4519423005?gh_jid=4519423005","2025-01-21T13:39:44-05:00","2026-01-14T17:31:02-05:00"
"Applied Intuition","Workplace Operations, Frontend","Sunnyvale, California, United States","https://boards.greenhouse.io/appliedintuition/jobs/4598202005?gh_jid=4598202005","2025-08-15T12:08:17-04:00","2026-02-24T21:50:42-05:00"
"AppLovin ","Backend Engineer II","Palo Alto, CA","https://boards.greenhouse.io/applovin/jobs/4375888006?gh_jid=4375888006","2024-06-10T16:30:47-04:00","2026-03-25T21:47:35-04:00"
"AppLovin ","Backend Engineer, New Grad ","Palo Alto, CA","https://boards.greenhouse.io/applovin/jobs/4451556006?gh_jid=4451556006","2025-03-04T16:57:06-05:00","2026-03-12T10:57:21-04:00"
"AppLovin ","Cloud Network Engineer","Palo Alto, CA","https://boards.greenhouse.io/applovin/jobs/4602474006?gh_jid=4602474006","2025-09-18T17:34:40-04:00","2026-03-12T10:57:21-04:00"
"AppLovin ","ML Infrastructure Engineer ","Palo Alto, CA","https://boards.greenhouse.io/applovin/jobs/4655740006?gh_jid=4655740006","2026-02-18T17:12:33-05:00","2026-03-17T14:57:21-04:00"
"AQR Capital Management","Portfolio Implementation Associate (AQR Capital Management, LLC, Greenwich, CT)","Greenwich, CT","https://careers.aqr.com/jobs?gh_jid=7758856&gh_jid=7758856","2026-03-26T13:16:32-04:00","2026-03-27T10:48:59-04:00"
"AQR Capital Management","Software Engineer - Quantitative Research","Greenwich, CT","https://careers.aqr.com/jobs?gh_jid=7308328&gh_jid=7308328","2025-10-20T12:12:33-04:00","2026-03-04T13:49:51-05:00"
"Archer 56","Configuration and Data Management Specialist","San Jose, California, United States","https://job-boards.greenhouse.io/archer56/jobs/7593784003","2026-03-02T22:01:35-05:00","2026-03-23T15:31:49-04:00"
"Archer 56","Electrical Application Engineer ","San Jose, California, United States","https://job-boards.greenhouse.io/archer56/jobs/7571807003","2026-01-13T17:23:32-05:00","2026-02-05T12:50:29-05:00"
"Archer 56","Engineering Trainer - PLM, CAD, and Configuration Enablement","San Jose, California, United States","https://job-boards.greenhouse.io/archer56/jobs/7593881003","2026-03-03T00:16:35-05:00","2026-03-23T15:33:12-04:00"
"Archer 56","GNC Controls Intern","San Jose, California, United States","https://job-boards.greenhouse.io/archer56/jobs/7570848003","2025-12-24T17:24:07-05:00","2026-02-05T12:50:29-05:00"
"Archer 56","Landing Gear Intern","San Jose, California, United States","https://job-boards.greenhouse.io/archer56/jobs/7637485003","2026-02-24T02:05:45-05:00","2026-02-24T02:05:45-05:00"
"Archer 56","Liaison Engineering Focal","Washington, United States","https://job-boards.greenhouse.io/archer56/jobs/7587563003","2026-01-13T12:18:19-05:00","2026-02-05T12:50:29-05:00"
"Archer 56","Mass Properties Intern","San Jose, California, United States","https://job-boards.greenhouse.io/archer56/jobs/7647795003","2026-03-03T15:52:28-05:00","2026-03-03T15:52:28-05:00"
"Archer 56","M&P Engineering Intern","San Jose, California, United States","https://job-boards.greenhouse.io/archer56/jobs/7622609003","2026-02-06T17:42:30-05:00","2026-02-06T17:42:30-05:00"
"Archer 56","Powertrain Manufacturing Test Engineer","San Jose, California, United States","https://job-boards.greenhouse.io/archer56/jobs/7577550003","2026-02-04T19:21:31-05:00","2026-02-05T12:50:29-05:00"
"Archer 56","Powertrain Simulation Engineer","San Jose, California, United States","https://job-boards.greenhouse.io/archer56/jobs/7552620003","2025-12-30T14:16:28-05:00","2026-03-19T13:29:55-04:00"
"Archer 56","Simulation Software Engineer","San Jose, California, United States","https://job-boards.greenhouse.io/archer56/jobs/7575763003","2026-01-05T19:22:22-05:00","2026-02-05T12:50:29-05:00"
"Archer 56","Software Engineer, Electric Engine","San Jose, California, United States","https://job-boards.greenhouse.io/archer56/jobs/7651144003","2026-03-05T10:57:57-05:00","2026-03-20T12:49:58-04:00"
"Archer 56","Software Integration and Operations","San Jose, California, United States","https://job-boards.greenhouse.io/archer56/jobs/7617404003","2026-02-18T19:02:42-05:00","2026-03-31T13:58:26-04:00"
"Archer 56","VMS Software Engineer","San Jose, California, United States","https://job-boards.greenhouse.io/archer56/jobs/7607278003","2026-02-11T13:52:35-05:00","2026-03-30T14:35:54-04:00"
"CrowdStrike, Inc","GTM Data & Automation Analyst (Remote)","USA - Remote","https://crowdstrike.wd5.myworkdayjobs.com/en-US/crowdstrikecareers/job/USA---Remote/Data---Automation-Analyst--Remote-_R26541-1","Posted 15 Days Ago",""
"Motorola Solutions, Inc","Technical Trainer","Pennsylvania, US Offsite, More...","https://motorolasolutions.wd5.myworkdayjobs.com/en-US/Careers/job/Pennsylvania-US-Offsite/Technical-Trainer_R63325","Posted Today",""
"566 DEPARTMENT OF TOURISM AND RECREATION","Training Specialist I for PMP","Oklahoma County","https://okgov.wd1.myworkdayjobs.com/en-US/okgovjobs/job/Oklahoma-County/Training-Specialist-I-for-PMP_JR56310","Posted Today",""
"Allstate","Enterprise Software Developer Expert","IL - Northbrook","https://allstate.wd5.myworkdayjobs.com/en-US/allstate_careers/job/IL---Northbrook/Enterprise-Software-Developer-Expert_R28478","Posted Today",""
"Allstate","Auto Adjuster Trainee","US - Remote","https://allstate.wd5.myworkdayjobs.com/en-US/allstate_careers/job/US---Remote/Auto-Adjuster-Trainee_R28698","Posted Today",""
"566 DEPARTMENT OF TOURISM AND RECREATION","Applications Developer Intern","Oklahoma County","https://okgov.wd1.myworkdayjobs.com/en-US/okgovjobs/job/Oklahoma-County/Applications-Developer-Intern_JR58174","Posted Yesterday",""
"566 DEPARTMENT OF TOURISM AND RECREATION","Housekeeping/Custodial Worker - Quartz Mountain State Park Lodge","Kiowa County","https://okgov.wd1.myworkdayjobs.com/en-US/okgovjobs/job/Kiowa-County/Housekeeping-Custodial-Worker---Quartz-Mountain-State-Park-Lodge_JR58170-1","Posted Yesterday",""
"Allstate","Product Engineer – Java Spring Boot w/ Full Stack Option","US - Remote","https://allstate.wd5.myworkdayjobs.com/en-US/allstate_careers/job/US---Remote/Entry-Level-Product-Engineer---Java-Spring-Boot-w--Full-Stack-Option_R27487","Posted Yesterday",""
"CrowdStrike, Inc","SME, Data Protection Analyst (Remote)","USA - Remote","https://crowdstrike.wd5.myworkdayjobs.com/en-US/crowdstrikecareers/job/USA---Remote/Sr-Data-Protection-Analyst--Remote-_R28045","Posted 3 Days Ago",""
"Art of Problem Solving","Data Scientist - Growth","San Diego, California, United States","https://artofproblemsolving.com/careers/job/7636151003?gh_jid=7636151003","2026-02-27T14:44:01-05:00","2026-02-27T16:54:17-05:00"
"Motorola Solutions, Inc","Silvus International Field Service Representative – Australia","NSW Offsite, Australia","https://motorolasolutions.wd5.myworkdayjobs.com/en-US/Careers/job/NSW-Offsite-Australia/Silvus-International-Field-Service-Representative---Australia_R63457","Posted 2 Days Ago",""
"Motorola Solutions, Inc","Software Engineer - Digital Signal Processing","Plantation, FL","https://motorolasolutions.wd5.myworkdayjobs.com/en-US/Careers/job/Plantation-FL/Software-Engineer---Digital-Signal-Processing_R56029","Posted 3 Days Ago",""
"CrowdStrike, Inc","Data Protection Analyst (Remote)","USA - Remote, CA","https://crowdstrike.wd5.myworkdayjobs.com/en-US/crowdstrikecareers/job/USA---Remote-CA/Data-Protection-Analyst--Remote-_R28184-1","Posted 3 Days Ago",""
"Motorola Solutions, Inc","R&D Intern - Test Engineer - 2026","Los Angeles, CA","https://motorolasolutions.wd5.myworkdayjobs.com/en-US/Careers/job/Los-Angeles-CA/R-D-Intern---Test-Engineer---2026_R62377","Posted 3 Days Ago",""
"Motorola Solutions, Inc","R&D Intern - Wireless Systems Engineer - 2026","Los Angeles, CA","https://motorolasolutions.wd5.myworkdayjobs.com/en-US/Careers/job/Los-Angeles-CA/R-D-Intern---Wireless-Systems-Engineer---2026_R62376","Posted 3 Days Ago",""
"Motorola Solutions, Inc","Intern - Software Test Engineer - 2026","Los Angeles, CA","https://motorolasolutions.wd5.myworkdayjobs.com/en-US/Careers/job/Los-Angeles-CA/Intern---Software-Test-Engineer---2026_R62370","Posted 3 Days Ago",""
"Motorola Solutions, Inc","Applications Specialist","Illinois Remote Work, More...","https://motorolasolutions.wd5.myworkdayjobs.com/en-US/Careers/job/Illinois-Remote-Work/Applications-Specialist_R62902","Posted 3 Days Ago",""
"CrowdStrike, Inc","Software Engineer, Falcon - NG-SIEM, Global Serverless Platform","Denmark - Aarhus","https://crowdstrike.wd5.myworkdayjobs.com/en-US/crowdstrikecareers/job/Denmark---Aarhus/Software-Engineer--Falcon---NG-SIEM--Global-Serverless-Platform_R28175-1","Posted 6 Days Ago",""
"Allstate","Managing Engineer (Network Application Delivery)","USA - IL (Remote)","https://allstate.wd5.myworkdayjobs.com/en-US/allstate_careers/job/USA---IL-Remote/Managing-Engineer--Network-Application-Delivery-_R27185-1","Posted 2 Days Ago",""
"566 DEPARTMENT OF TOURISM AND RECREATION","Applications Developer","Oklahoma County","https://okgov.wd1.myworkdayjobs.com/en-US/okgovjobs/job/Oklahoma-County/Applications-Developer_JR58085","Posted 3 Days Ago",""
"Motorola Solutions, Inc","Upgrade Operations Field Engineer","Illinois, US Offsite, More...","https://motorolasolutions.wd5.myworkdayjobs.com/en-US/Careers/job/Illinois-US-Offsite/Upgrade-Operations-Field-Engineer_R62537","Posted 6 Days Ago",""
"Motorola Solutions, Inc","Upgrade Operations Field Engineer","Illinois, US Offsite, More...","https://motorolasolutions.wd5.myworkdayjobs.com/en-US/Careers/job/Illinois-US-Offsite/Upgrade-Operations-Field-Engineer_R62541","Posted 6 Days Ago",""
"Motorola Solutions, Inc","Fullstack Software Engineer","Melbourne, Australia","https://motorolasolutions.wd5.myworkdayjobs.com/en-US/Careers/job/Melbourne-Australia/Fullstack-Software-Engineer_R63111","Posted 6 Days Ago",""
"Motorola Solutions, Inc","PremierOne Records Application Specialist - US Remote","Illinois Remote Work, More...","https://motorolasolutions.wd5.myworkdayjobs.com/en-US/Careers/job/Illinois-Remote-Work/PremierOne-Records-Application-Specialist---US-Remote_R63087","Posted 7 Days Ago",""
"CrowdStrike, Inc","Front End Engineer III -  Cloud Detection Engine (Hybrid)","USA - New York, NY","https://crowdstrike.wd5.myworkdayjobs.com/en-US/crowdstrikecareers/job/USA---New-York-NY/Front-End-Engineer-III---Graph-Systems--Remote--East---Central-_R23912","Posted 8 Days Ago",""
"CrowdStrike, Inc","Backend Engineer III, Falcon NG-SIEM, Global Serverless Platform (Hybrid)","USA - Austin, TX","https://crowdstrike.wd5.myworkdayjobs.com/en-US/crowdstrikecareers/job/USA---Austin-TX/Backend-Engineer-III--Falcon-NG-SIEM--Global-Serverless-Platform--Remote--East-Coast-_R25320","Posted 8 Days Ago",""
"Allstate","Microsoft 365 Cloud Platform Engineer Expert","USA - IL (Remote)","https://allstate.wd5.myworkdayjobs.com/en-US/allstate_careers/job/USA---IL-Remote/Cloud-Platform-Engineer-Expert_R27507","Posted 6 Days Ago",""
"Applied Materials","Sustaining/Test Engineer","Austin,TX","https://amat.wd1.myworkdayjobs.com/en-US/External/job/AustinTX/Sustaining-Test-Engineer_R2611200","Posted 30+ Days Ago",""
"566 DEPARTMENT OF TOURISM AND RECREATION","Training Curriculum Supervisor","Oklahoma County","https://okgov.wd1.myworkdayjobs.com/en-US/okgovjobs/job/Oklahoma-County/Training-Curriculum-Supervisor_JR57991","Posted 6 Days Ago",""
"566 DEPARTMENT OF TOURISM AND RECREATION","Database Administrator","Oklahoma County","https://okgov.wd1.myworkdayjobs.com/en-US/okgovjobs/job/Oklahoma-County/Database-Administrator_JR57973-1","Posted 6 Days Ago",""
"Samsung Electronics America, Inc","Software Engineer, Backend Internship","645 Clyde Avenue, Mountain View, CA, USA","https://sec.wd3.myworkdayjobs.com/en-US/Samsung_Careers/job/645-Clyde-Avenue-Mountain-View-CA-USA/Software-Engineer--Backend-Internship_R115950","Posted 3 Days Ago",""
"CrowdStrike, Inc","Data Engineer, Go To Market (Remote)","USA - Remote, CA","https://crowdstrike.wd5.myworkdayjobs.com/en-US/crowdstrikecareers/job/USA---Remote-CA/Data-Engineer--Sales-Data-Domain--Remote-_R28144","Posted 10 Days Ago",""
"Applied Materials","AIx Field Service Engineer II (E2)","Linthicum,MD","https://amat.wd1.myworkdayjobs.com/en-US/External/job/LinthicumMD/AIx-Field-Service-Engineer-II--E2-_R2518123","Posted Today",""
"566 DEPARTMENT OF TOURISM AND RECREATION","Seasonal Desk Clerk - Quartz Mountain State Park Lodge","Kiowa County","https://okgov.wd1.myworkdayjobs.com/en-US/okgovjobs/job/Kiowa-County/Seasonal-Desk-Clerk---Quartz-Mountain-State-Park-Lodge_JR57956","Posted 7 Days Ago",""
"ASMLEXT1","Material Handler CRL 2nd Shift","Wilton, CT, USA","https://asml.wd3.myworkdayjobs.com/en-US/ASMLEXT1/job/Wilton-CT-USA/Material-Handler-CRL-2nd-Shift_J-00337529","Posted Yesterday",""
"Motorola Solutions, Inc","Software Upgrade Operations Field Engineer","Alabama Remote Work, More...","https://motorolasolutions.wd5.myworkdayjobs.com/en-US/Careers/job/Alabama-Remote-Work/Software-Upgrade-Operations-Field-Engineer---Remote-_R62984","Posted 10 Days Ago",""
"Motorola Solutions, Inc","Software Upgrade Operations Field Engineer","Alabama, US Offsite, More...","https://motorolasolutions.wd5.myworkdayjobs.com/en-US/Careers/job/Alabama-US-Offsite/Software-Upgrade-Operations-Field-Engineer--Remote-_R62513","Posted 10 Days Ago",""
"Motorola Solutions, Inc","Field Service Technician (Beltsville, MD) 2026 Co-Op Program","Beltsville, MD","https://motorolasolutions.wd5.myworkdayjobs.com/en-US/Careers/job/Beltsville-MD/Field-Service-Technician--Beltsville--MD--2026-Co-Op-Program_R63265","Posted 10 Days Ago",""
"Allstate","Cloud FinOps Engineer","USA - IL (Remote)","https://allstate.wd5.myworkdayjobs.com/en-US/allstate_careers/job/USA---IL-Remote/Cloud-FinOps-Engineer_R27970","Posted 9 Days Ago",""
"Motorola Solutions, Inc","Applications Engineer-I, USA","Los Angeles, CA","https://motorolasolutions.wd5.myworkdayjobs.com/en-US/Careers/job/Los-Angeles-CA/Applications-Engineer-I--USA_R63208","Posted 13 Days Ago",""
"Allstate","Field Auto Appraiser - Nassau County","USA - NY (Remote)","https://allstate.wd5.myworkdayjobs.com/en-US/allstate_careers/job/USA---NY-Remote/Field-Auto-Appraiser---Nassau-County_R27567","Posted 10 Days Ago",""
"Allstate","Field Auto Appraiser - Danbury, CT","USA - CT (Remote)","https://allstate.wd5.myworkdayjobs.com/en-US/allstate_careers/job/USA---CT-Remote/Field-Auto-Appraiser---Danbury--CT_R27916","Posted 10 Days Ago",""
"Allstate","Field Auto Appraiser - Stonington, CT","USA - CT (Remote)","https://allstate.wd5.myworkdayjobs.com/en-US/allstate_careers/job/USA---CT-Remote/Field-Auto-Appraiser---Stonington--CT_R27344","Posted 10 Days Ago",""
"Allstate","Field Auto Appraiser","USA - RI (Remote)","https://allstate.wd5.myworkdayjobs.com/en-US/allstate_careers/job/USA---RI-Remote/Field-Auto-Appraiser_R27571","Posted 10 Days Ago",""
"athenahealth ","Software Engineer, Platform – COCore","Boston MA","https://athenahealth.wd1.myworkdayjobs.com/en-US/External/job/Boston-MA/Associate-Software-Engineer--Platform---COCore_R14664","Posted 13 Days Ago",""
"ASMLEXT1","Polishing and Double Side Polish/Grind Technician CWW Back End Days","Wilton, CT, USA","https://asml.wd3.myworkdayjobs.com/en-US/ASMLEXT1/job/Wilton-CT-USA/Polishing-and-Double-Side-Polish-Grind-Technician-CWW-Back-End-Days_J-00336401-1","Posted 2 Days Ago",""
"ASMLEXT1","Material Handler/Optical","Wilton, CT, USA","https://asml.wd3.myworkdayjobs.com/en-US/ASMLEXT1/job/Wilton-CT-USA/Material-Handler-Optical_J-00331489","Posted 2 Days Ago",""
"CrowdStrike, Inc","Backend Engineer III - Managed Services (Hybrid)","USA - Austin, TX","https://crowdstrike.wd5.myworkdayjobs.com/en-US/crowdstrikecareers/job/USA---Austin-TX/Backend-Engineer-III---Managed-Services--Hybrid-_R27313","Posted 15 Days Ago",""
"Samsung Electronics America, Inc","Partnerships and New Channels Intern","700 Sylvan Ave Englewood Cliffs, NJ, USA","https://sec.wd3.myworkdayjobs.com/en-US/Samsung_Careers/job/700-Sylvan-Ave-Englewood-Cliffs-NJ-USA/Partnerships-and-New-Channels-Intern_R114359","Posted 3 Days Ago",""
"Motorola Solutions, Inc","Software Engineer","Plantation, FL","https://motorolasolutions.wd5.myworkdayjobs.com/en-US/Careers/job/Plantation-FL/Software-Engineer_R63225","Posted 14 Days Ago",""
"ASMLEXT1","Field Applications Engineer","Hillsboro, OR, USA","https://asml.wd3.myworkdayjobs.com/en-US/ASMLEXT1/job/Hillsboro-OR-USA/Field-Applications-Engineer_J-00330462-1","Posted 3 Days Ago",""
"ASMLEXT1","IT Infrastructure Engineer","Wilton, CT, USA","https://asml.wd3.myworkdayjobs.com/en-US/ASMLEXT1/job/Wilton-CT-USA/IT-Infrastructure-Engineer_J-00336111","Posted 3 Days Ago",""
"Samsung Electronics America, Inc","PhotoEES Application Engineer","1530 FM 973 Taylor, TX, USA","https://sec.wd3.myworkdayjobs.com/en-US/Samsung_Careers/job/1530-FM-973-Taylor-TX-USA/RMS-Engineer_R113744-1","Posted 6 Days Ago",""
"ASMLEXT1","System Integration and Test Engineer Optics CWW Backend Nights","Wilton, CT, USA","https://asml.wd3.myworkdayjobs.com/en-US/ASMLEXT1/job/Wilton-CT-USA/System-Integration-and-Test-Engineer-Optics_J-00335601","Posted 6 Days Ago",""
"ASMLEXT1","Co-op - Learning Specialist - Fall 2026 (Internship)","Wilton, CT, USA","https://asml.wd3.myworkdayjobs.com/en-US/ASMLEXT1/job/Wilton-CT-USA/Co-op---Learning-Specialist---Fall-2026--Internship-_J-00337283","Posted 6 Days Ago",""
"ASMLEXT1","Wilton Factory Optics Fabrication Technician  - CWW Back End Nights","Wilton, CT, USA","https://asml.wd3.myworkdayjobs.com/en-US/ASMLEXT1/job/Wilton-CT-USA/Wilton-Factory-Optics-Fabrication-Technician----CWW-Back-End-Nights_J-00336934","Posted 7 Days Ago",""
"Motorola Solutions, Inc","Software Engineer","West Valley City, UT","https://motorolasolutions.wd5.myworkdayjobs.com/en-US/Careers/job/West-Valley-City-UT/Software-Engineer_R63109","Posted 17 Days Ago",""
"Applied Materials","AI Application Engineer for Quantum Development Intern (Masters/PhD - Santa Clara, CA)","Santa Clara,CA","https://amat.wd1.myworkdayjobs.com/en-US/External/job/Santa-ClaraCA/AI-Application-Enginer-for-Quantum-Development-Intern--Masters-PhD---Santa-Clara--CA-_R2616483","Posted Yesterday",""
"Applied Materials","New College Grad IT System Solutions Management (Bachelors  Santa Clara, CA)","Santa Clara,CA","https://amat.wd1.myworkdayjobs.com/en-US/External/job/Santa-ClaraCA/New-College-Grad-IT-System-Solutions-Management--Bachelors--Santa-Clara--CA-_R2616322","Posted Yesterday",""
"ASMLEXT1","Wilton Factory Optics Fabrication Technician - CWW Front End Nights","Wilton, CT, USA","https://asml.wd3.myworkdayjobs.com/en-US/ASMLEXT1/job/Wilton-CT-USA/Wilton-Factory-Optics-Fabrication-Technician---CWW-Front-End-Nights_J-00336856","Posted 7 Days Ago",""
"ASMLEXT1","IT Applications Business Analyst","San Diego, CA, USA","https://asml.wd3.myworkdayjobs.com/en-US/ASMLEXT1/job/San-Diego-CA-USA/IT-Applications-Business-Analyst_J-00337366","Posted 7 Days Ago",""
"566 DEPARTMENT OF TOURISM AND RECREATION","Correctional Training Officer","Oklahoma County","https://okgov.wd1.myworkdayjobs.com/en-US/okgovjobs/job/Oklahoma-County/Correctional-Training-Officer_JR57665","Posted 13 Days Ago",""
"Samsung Electronics America, Inc","Software Systems & Controls Engineer","1530 FM 973 Taylor, TX, USA","https://sec.wd3.myworkdayjobs.com/en-US/Samsung_Careers/job/1530-FM-973-Taylor-TX-USA/Software-Systems---Controls-Engineer_R115905","Posted 6 Days Ago",""
"Allstate","Product Engineer Java Spring Boot","US - Remote","https://allstate.wd5.myworkdayjobs.com/en-US/allstate_careers/job/US---Remote/Product-Engineer-Java-Spring-Boot_R25062","Posted 28 Days Ago",""
"CrowdStrike, Inc","AI Fraud and Risk Automation Analyst (Remote)","USA - Remote","https://crowdstrike.wd5.myworkdayjobs.com/en-US/crowdstrikecareers/job/USA---Remote/AI-Fraud-and-Risk-Automation-Analyst--Remote-_R27628","Posted 24 Days Ago",""
"Motorola Solutions, Inc","Production Material Handler- I (PM Shift)","Los Angeles, CA","https://motorolasolutions.wd5.myworkdayjobs.com/en-US/Careers/job/Los-Angeles-CA/Production-Material-Handler--I--PM-Shift-_R63003","Posted 20 Days Ago",""
"Motorola Solutions, Inc","DevOps Private/Public Cloud Engineer","Chicago, IL, More...","https://motorolasolutions.wd5.myworkdayjobs.com/en-US/Careers/job/Chicago-IL/DevOps-Private-Public-Cloud-Engineer_R61766","Posted 22 Days Ago",""
"CrowdStrike, Inc","Front End Engineer (Hybrid)","USA - Austin, TX","https://crowdstrike.wd5.myworkdayjobs.com/en-US/crowdstrikecareers/job/USA---Austin-TX/Sr-UI-Visualization-Front-End-Engineer--Remote-_R23528","Posted 28 Days Ago",""
"Applied Materials","2026 Fall Materials Engineering Co-op (TCAD Modeling) - Doctorate (Gloucester, MA)","Gloucester,MA","https://amat.wd1.myworkdayjobs.com/en-US/External/job/GloucesterMA/XMLNAME-2026-Fall-Materials-Engineering-Co-op---Doctorate--Gloucester--MA-_R2611503","Posted Yesterday",""
"566 DEPARTMENT OF TOURISM AND RECREATION","Innovation Data Analyst","Oklahoma County","https://okgov.wd1.myworkdayjobs.com/en-US/okgovjobs/job/Oklahoma-County/Innovation-Data-Analyst_JR55477","Posted 22 Days Ago",""
"566 DEPARTMENT OF TOURISM AND RECREATION","Data Analyst Supervisor","Oklahoma County","https://okgov.wd1.myworkdayjobs.com/en-US/okgovjobs/job/Oklahoma-County/Data-Analyst-Supervisor_JR57278","Posted 22 Days Ago",""
"CrowdStrike, Inc","General Application","USA - Remote","https://crowdstrike.wd5.myworkdayjobs.com/en-US/crowdstrikecareers/job/USA---Remote/General-Application_R16376","Posted 30 Days Ago",""
"ASMLEXT1","Co-Op – Business Process Analyst Fall 2026 (Internship)","Wilton, CT, USA","https://asml.wd3.myworkdayjobs.com/en-US/ASMLEXT1/job/Wilton-CT-USA/Co-Op---Business-Process-Analyst-Fall-2026--Internship-_J-00336705","Posted 20 Days Ago",""
"Allstate","Product Engineer (Multiple Levels Available)","US - Remote","https://allstate.wd5.myworkdayjobs.com/en-US/allstate_careers/job/US---Remote/Product-Engineer--Multiple-Levels-Available-_R25322-1","Posted 30+ Days Ago",""
"Allstate","Quantum Algorithm Developer Expert","USA - IL (Remote)","https://allstate.wd5.myworkdayjobs.com/en-US/allstate_careers/job/USA---IL-Remote/Quantum-Algorithm-Developer-Expert_R24432","Posted 30+ Days Ago",""
"Atlas Sand","Mine Planning / Geology Intern","Kermit, TX","https://job-boards.greenhouse.io/atlassand/jobs/8418768002","2026-02-11T11:58:33-05:00","2026-03-20T12:37:48-04:00"
"Atlas Sand","Production Engineering Intern","Kermit, TX","https://job-boards.greenhouse.io/atlassand/jobs/8421512002","2026-02-12T18:21:46-05:00","2026-03-20T12:37:48-04:00"
"Atlas Sand","Safety Engineering Intern – Unpaid Internship ","Washington, Pennsylvania","https://job-boards.greenhouse.io/atlassand/jobs/8430393002","2026-02-19T16:15:43-05:00","2026-03-30T16:44:50-04:00"
"ASMLEXT1","Co-op - Test and Measurement Facility Engineer - Fall 2026 (Internship)","Wilton, CT, USA","https://asml.wd3.myworkdayjobs.com/en-US/ASMLEXT1/job/Wilton-CT-USA/Co-op---Test-and-Measurement-Facility-Engineer---Fall-2026--Internship-_J-00333520","Posted 22 Days Ago",""
"Atomicwork Inc","Applied AI Engineer","United States ","https://job-boards.greenhouse.io/atomicwork/jobs/5073381008","2026-01-15T23:24:31-05:00","2026-01-26T15:22:05-05:00"
"Aurora","Behavior Planning Software Engineer","San Francisco, California","https://aurora.tech/jobs/8391240002?gh_jid=8391240002","2026-03-11T14:44:32-04:00","2026-03-11T14:44:32-04:00"
"Aurora","Join Aurora's CDL Truck Driver Community!","Midland, Texas","https://aurora.tech/jobs/7719954002?gh_jid=7719954002","2024-11-15T12:07:08-05:00","2026-02-13T16:21:39-05:00"
"Aurora","Software Engineer, Autonomy Controls","Pittsburgh, Pennsylvania","https://aurora.tech/jobs/8400711002?gh_jid=8400711002","2026-02-02T14:36:47-05:00","2026-03-06T14:07:41-05:00"
"Aurora","Software Engineer, Autonomy Controls","Mountain View, California","https://aurora.tech/jobs/8252330002?gh_jid=8252330002","2026-02-02T14:33:04-05:00","2026-03-06T14:07:41-05:00"
"Aurora","Software Engineer, Behavior Planning","Mountain View, California","https://aurora.tech/jobs/8309022002?gh_jid=8309022002","2025-12-16T14:18:05-05:00","2026-03-06T14:07:42-05:00"
"Aurora","Software Engineer, Behavior Planning ML Platform","Pittsburgh, Pennsylvania","https://aurora.tech/jobs/8336063002?gh_jid=8336063002","2026-03-31T14:31:02-04:00","2026-03-31T14:31:02-04:00"
"Aurora","Software Engineer, Functional Architecture","Pittsburgh, Pennsylvania","https://aurora.tech/jobs/8192053002?gh_jid=8192053002","2025-10-29T14:48:06-04:00","2026-03-06T14:07:40-05:00"
"Aurora","Software Engineer I","Mountain View, California","https://aurora.tech/jobs/8159549002?gh_jid=8159549002","2026-03-16T23:27:58-04:00","2026-03-16T23:31:44-04:00"
"Aurora","Software Engineer I - Data Platform","Pittsburgh, Pennsylvania","https://aurora.tech/jobs/8377795002?gh_jid=8377795002","2026-01-16T17:28:25-05:00","2026-03-23T11:01:31-04:00"
"Aurora","Software Engineer I, FinOps","Mountain View, California","https://aurora.tech/jobs/8450213002?gh_jid=8450213002","2026-03-12T15:58:16-04:00","2026-04-01T16:38:51-04:00"
"Aurora","Software Engineer II, Behavior Simulation","Mountain View, California","https://aurora.tech/jobs/8200724002?gh_jid=8200724002","2026-02-26T13:54:35-05:00","2026-03-06T14:07:40-05:00"
"Aurora","Software Engineer II, Calibration","Mountain View, California","https://aurora.tech/jobs/8349377002?gh_jid=8349377002","2026-02-09T12:26:30-05:00","2026-03-06T14:07:43-05:00"
"Aurora","Software Engineer II, Controls Data & Simulation","Pittsburgh, Pennsylvania","https://aurora.tech/jobs/8040957002?gh_jid=8040957002","2025-08-11T17:20:58-04:00","2026-04-01T13:39:59-04:00"
"Aurora","Software Engineer II, Test Drive","Pittsburgh, Pennsylvania","https://aurora.tech/jobs/8294297002?gh_jid=8294297002","2025-12-11T17:47:35-05:00","2026-03-06T14:07:42-05:00"
"Aurora","Software Engineer II, Visualization","Mountain View, California","https://aurora.tech/jobs/8490724002?gh_jid=8490724002","2026-04-01T20:01:17-04:00","2026-04-01T20:01:17-04:00"
"Aurora","Software Engineer I, Visualization ","Mountain View, California","https://aurora.tech/jobs/8372578002?gh_jid=8372578002","2026-01-21T18:15:55-05:00","2026-03-09T21:06:32-04:00"
"Aurora","Software Engineer, Map Health and Validation","Mountain View, California","https://aurora.tech/jobs/8204390002?gh_jid=8204390002","2025-10-29T15:30:14-04:00","2026-03-30T16:31:13-04:00"
"Aurora","Software Engineer, Map Health and Validation","Louisville, Colorado","https://aurora.tech/jobs/8233707002?gh_jid=8233707002","2025-10-29T15:30:15-04:00","2026-03-30T16:31:13-04:00"
"Aurora","Software Engineer, Map Orchestration","Pittsburgh, Pennsylvania","https://aurora.tech/jobs/8310472002?gh_jid=8310472002","2025-12-08T19:36:51-05:00","2026-03-06T14:07:42-05:00"
"Aurora","Software Engineer, Mapping","Mountain View, California","https://aurora.tech/jobs/8204392002?gh_jid=8204392002","2025-11-07T18:54:48-05:00","2026-03-30T16:31:25-04:00"
"Aurora","Software Engineer, Mapping","Seattle, Washington","https://aurora.tech/jobs/8291042002?gh_jid=8291042002","2025-11-13T19:31:11-05:00","2026-03-30T16:31:25-04:00"
"Aurora","Software Engineer, Mapping","Pittsburgh, Pennsylvania","https://aurora.tech/jobs/8250339002?gh_jid=8250339002","2025-11-07T18:54:49-05:00","2026-03-30T16:31:25-04:00"
"Aurora","Software Engineer, MLDE Labels Platform","Seattle, Washington","https://aurora.tech/jobs/8445161002?gh_jid=8445161002","2026-03-02T14:32:31-05:00","2026-03-06T14:07:41-05:00"
"Aurora","Software Engineer, MLDE Labels Platform","Pittsburgh, Pennsylvania","https://aurora.tech/jobs/8245605002?gh_jid=8245605002","2025-12-16T19:43:02-05:00","2026-03-06T14:07:41-05:00"
"Aurora","Software Engineer, Planner Architecture","Mountain View, California","https://aurora.tech/jobs/8291368002?gh_jid=8291368002","2025-12-08T19:35:03-05:00","2026-03-06T14:07:41-05:00"
"Aurora","Software Engineer, Vehicle Platform Integrations","Pittsburgh, Pennsylvania","https://aurora.tech/jobs/8185077002?gh_jid=8185077002","2025-10-29T14:47:53-04:00","2026-03-06T14:07:40-05:00"
"Aurora","Software Test Engineer","Pittsburgh, Pennsylvania","https://aurora.tech/jobs/8438840002?gh_jid=8438840002","2026-04-02T13:02:03-04:00","2026-04-02T13:02:03-04:00"
"Motorola Solutions, Inc","Cloud Specialist (New England)","Massachusetts Remote Work","https://motorolasolutions.wd5.myworkdayjobs.com/en-US/Careers/job/Massachusetts-Remote-Work/Cloud-Specialist--New-England-_R61778","Posted 30+ Days Ago",""
"ASMLEXT1","Upgrade Install and Relocation Engineer","Dallas, TX, USA","https://asml.wd3.myworkdayjobs.com/en-US/ASMLEXT1/job/Dallas-TX-USA/Upgrade-Install-and-Relocation-Engineer_J-00334609","Posted 24 Days Ago",""
"ASMLEXT1","Internship - Learning Specialist - Summer 2026","Wilton, CT, USA","https://asml.wd3.myworkdayjobs.com/en-US/ASMLEXT1/job/Wilton-CT-USA/Internship---Learning-Specialist---Summer-2026_J-00327822","Posted 27 Days Ago",""
"CrowdStrike, Inc","Software Engineer III - Data Ingestion and Onboarding, NG-SIEM (Hybrid)","USA - New York, NY","https://crowdstrike.wd5.myworkdayjobs.com/en-US/crowdstrikecareers/job/USA---New-York-NY/Software-Engineer-II---Data-Ingestion-and-Onboarding--NG-SIEM---Remote--EST-_R24232","Posted 30+ Days Ago",""
"Samsung Electronics America, Inc","Internal Forensic Investigator","700 Sylvan Ave Englewood Cliffs, NJ, USA","https://sec.wd3.myworkdayjobs.com/en-US/Samsung_Careers/job/700-Sylvan-Ave-Englewood-Cliffs-NJ-USA/Internal-Forensic-Investigator_R112427","Posted 8 Days Ago",""
"Motorola Solutions, Inc","Full Stack .NET Developer","Schaumburg, IL, More...","https://motorolasolutions.wd5.myworkdayjobs.com/en-US/Careers/job/Schaumburg-IL/Full-Stack-NET-Developer_R62389","Posted 30+ Days Ago",""
"Motorola Solutions, Inc","Software Engineer II","Schaumburg, IL","https://motorolasolutions.wd5.myworkdayjobs.com/en-US/Careers/job/Schaumburg-IL/Software-Engineer-II_R60995","Posted 30+ Days Ago",""
"CrowdStrike, Inc","Engineer III - Cloud - Cloud Runtime Protection (Hybrid)","USA - New York, NY","https://crowdstrike.wd5.myworkdayjobs.com/en-US/crowdstrikecareers/job/USA---New-York-NY/Engineer-III---Cloud---Cloud-Runtime-Protection--Remote-_R26157","Posted 30+ Days Ago",""
"CrowdStrike, Inc","Front End Engineer I (Hybrid)","USA - Austin, TX","https://crowdstrike.wd5.myworkdayjobs.com/en-US/crowdstrikecareers/job/USA---Austin-TX/Front-End-Engineer-I--Hybrid-_R26953","Posted 30+ Days Ago",""
"ASMLEXT1","Upgrade Install and Relocation Engineer","Austin, TX, USA","https://asml.wd3.myworkdayjobs.com/en-US/ASMLEXT1/job/Austin-TX-USA/Upgrade-Install-and-Relocation-Engineer_J-00336327","Posted 30 Days Ago",""
"Applied Materials","Software Engineer III - (E3)","Santa Clara,CA","https://amat.wd1.myworkdayjobs.com/en-US/External/job/Santa-ClaraCA/Software-Engineer-III----E3-_R2613513","Posted 3 Days Ago",""
"Motorola Solutions, Inc","ECH Applications Specialist - Eastern Region - US Remote","Maryland Remote Work, More...","https://motorolasolutions.wd5.myworkdayjobs.com/en-US/Careers/job/Maryland-Remote-Work/ECH-Applications-Specialist---Eastern-Region---US-Remote_R62057","Posted 30+ Days Ago",""
"Motorola Solutions, Inc","PremierOne CAD Application Specialist","Illinois Remote Work, More...","https://motorolasolutions.wd5.myworkdayjobs.com/en-US/Careers/job/Illinois-Remote-Work/PremierOne-CAD-Application-Specialist_R61953-1","Posted 30+ Days Ago",""
"ASMLEXT1","Upgrade Install and Relocation Engineer","Chandler, AZ, USA","https://asml.wd3.myworkdayjobs.com/en-US/ASMLEXT1/job/Chandler-AZ-USA/Upgrade-Install-and-Relocation-Engineer_J-00330603-1","Posted 30+ Days Ago",""
"Applied Materials","Field Service Engineer II (C2) - Chandler, AZ.","Chandler,AZ","https://amat.wd1.myworkdayjobs.com/en-US/External/job/ChandlerAZ/Field-Service-Engineer-II--C2----Chandler--AZ_R2615860","Posted 4 Days Ago",""
"CrowdStrike, Inc","Software Engineer III, Cloud - Data Experience, NG-SIEM","Denmark - Aarhus","https://crowdstrike.wd5.myworkdayjobs.com/en-US/crowdstrikecareers/job/Denmark---Aarhus/Software-Engineer-III--Cloud---Data-Experience--NG-SIEM_R26968","Posted 30+ Days Ago",""
"CrowdStrike, Inc","Engineer III - Cloud SDET - Lightning (Hybrid)","USA - Sunnyvale, CA","https://crowdstrike.wd5.myworkdayjobs.com/en-US/crowdstrikecareers/job/USA---Sunnyvale-CA/Engineer-III---Cloud-SDET---Lightning--Remote-_R24950","Posted 30+ Days Ago",""
"Applied Materials","2026 Summer/Fall Co-op - Metrology Engineer Intern (Tempe, AZ)","Tempe,AZ","https://amat.wd1.myworkdayjobs.com/en-US/External/job/TempeAZ/Summer-Intern-Second-Shift-Metrology_R2615976","Posted 6 Days Ago",""
"Applied Materials","Process Integration Engineer III, New College Grad - Doctorate (Albany, NY)","Albany,NY","https://amat.wd1.myworkdayjobs.com/en-US/External/job/AlbanyNY/Process-Integration-Engineer-III--New-College-Grad---Doctorate--Albany--NY-_R2616326","Posted 6 Days Ago",""
"566 DEPARTMENT OF TOURISM AND RECREATION","OneLink Application Developer","Oklahoma County","https://okgov.wd1.myworkdayjobs.com/en-US/okgovjobs/job/Oklahoma-County/OneLink-Application-Developer_JR40107","Posted 30+ Days Ago",""
"CrowdStrike, Inc","GenAI Engineering Intern  - SkillBridge (Remote)","USA - Remote","https://crowdstrike.wd5.myworkdayjobs.com/en-US/crowdstrikecareers/job/USA---Remote/GenAI-Engineering-Intern----SkillBridge--Remote-_R26742","Posted 30+ Days Ago",""
"CrowdStrike, Inc","AIDR SE Specialist - Public Sector/Healthcare (Remote)","USA - Remote","https://crowdstrike.wd5.myworkdayjobs.com/en-US/crowdstrikecareers/job/USA---Remote/AIDR-SE-Specialist---Public-Sector-Healthcare--Remote-_R26703","Posted 30+ Days Ago",""
"Motorola Solutions, Inc","Software Test Engineer","Los Angeles, CA","https://motorolasolutions.wd5.myworkdayjobs.com/en-US/Careers/job/Los-Angeles-CA/Software-Test-Engineer_R61858","Posted 30+ Days Ago",""
"Motorola Solutions, Inc","Software Engineer I - SQA","Los Angeles, CA","https://motorolasolutions.wd5.myworkdayjobs.com/en-US/Careers/job/Los-Angeles-CA/Software-Engineer-I---SQA_R61857","Posted 30+ Days Ago",""
"Autodesk","Intern, Software Development Engineer [COO-ESE]","APAC - Singapore - Singapore - Fusionopolis","https://autodesk.wd1.myworkdayjobs.com/en-US/uni/job/APAC---Singapore---Singapore---Fusionopolis/Intern--Software-Development-Engineer--COO-ESE-_25WD94023","Posted 3 Days Ago",""
"CrowdStrike, Inc","AI Platform Owner, Enterprise AI (Remote)","USA - Remote","https://crowdstrike.wd5.myworkdayjobs.com/en-US/crowdstrikecareers/job/USA---Remote/AI-Platforms-Manager--Remote-_R26362","Posted 30+ Days Ago",""
"CrowdStrike, Inc","Forensics Lab Infrastructure Engineer (Hybrid)","USA - Austin, TX","https://crowdstrike.wd5.myworkdayjobs.com/en-US/crowdstrikecareers/job/USA---Austin-TX/Forensics-Lab-Infrastructure-Engineer--Hybrid-_R26811","Posted 30+ Days Ago",""
"ASMLEXT1","Upgrade Install and Relocation Engineer","Chandler, AZ, USA","https://asml.wd3.myworkdayjobs.com/en-US/ASMLEXT1/job/Chandler-AZ-USA/Upgrade-Install-and-Relocation-Engineer_J-00334809","Posted 30+ Days Ago",""
"Motorola Solutions, Inc","Software Test Engineer","Salt Lake City, UT (UT17)","https://motorolasolutions.wd5.myworkdayjobs.com/en-US/Careers/job/Salt-Lake-City-UT-UT17/Software-Test-Engineer_R61522","Posted 30+ Days Ago",""
"Applied Materials","Electrical Engineer (New College Grad)","Santa Clara,CA","https://amat.wd1.myworkdayjobs.com/en-US/External/job/Santa-ClaraCA/Electrical-Engineer--New-College-Grad-_R2616216-1","Posted 7 Days Ago",""
"Motorola Solutions, Inc","CAD/RMS Technical Co-Op (CO-OP Program)","Georgia Remote Work, More...","https://motorolasolutions.wd5.myworkdayjobs.com/en-US/Careers/job/Georgia-Remote-Work/CAD-RMS-Technical-Co-Op--CO-OP-Program-_R61563","Posted 30+ Days Ago",""
"566 DEPARTMENT OF TOURISM AND RECREATION","Agent - Medicaid Fraud Control","Oklahoma County","https://okgov.wd1.myworkdayjobs.com/en-US/okgovjobs/job/Oklahoma-County/Agent---Medicaid-Fraud-Control_JR48659","Posted 30+ Days Ago",""
"Motorola Solutions, Inc","Procurement Transformation Specialist (Spring Co-op)","Chicago, IL","https://motorolasolutions.wd5.myworkdayjobs.com/en-US/Careers/job/Chicago-IL/Procurement-Transformation-Specialist--Spring-Co-op-_R61380-1","Posted 30+ Days Ago",""
"Applied Materials","2026 Summer Computer Science Intern (AI/ML Tools) - Bachelor's (Huntsville, AL)","Huntsville,AL","https://amat.wd1.myworkdayjobs.com/en-US/External/job/HuntsvilleAL/XMLNAME-2026-Summer-Computer-Science-Intern--AI-ML-Tools----Bachelor-s--Huntsville--AL-_R2616144-1","Posted 7 Days Ago",""
"CrowdStrike, Inc","Full Stack Software Engineer III, Infrastructure (Remote)","USA - Remote","https://crowdstrike.wd5.myworkdayjobs.com/en-US/crowdstrikecareers/job/USA---Remote/Software-Engineer-III--Infrastructure-Engineering--Remote-_R23762","Posted 30+ Days Ago",""
"Motorola Solutions, Inc","Cloud Video Specialist","Alabama Remote Work, More...","https://motorolasolutions.wd5.myworkdayjobs.com/en-US/Careers/job/Alabama-Remote-Work/Cloud-Video-Specialist_R60129","Posted 30+ Days Ago",""
"Motorola Solutions, Inc","Field Service Technician (Syracuse, NY) 2026 Co-Op Program","Liverpool, NY - Warehouse (NY53), More...","https://motorolasolutions.wd5.myworkdayjobs.com/en-US/Careers/job/Liverpool-NY---Warehouse-NY53/Field-Service-Technician--Syracuse--NY--2026-Co-Op-Program_R60248","Posted 30+ Days Ago",""
"Motorola Solutions, Inc","Service Delivery – GenAI Monitoring & Analysis","Richardson, TX (TX145)","https://motorolasolutions.wd5.myworkdayjobs.com/en-US/Careers/job/Richardson-TX-TX145/Service-Delivery---GenAI-Monitoring---Analysis_R56889","Posted 30+ Days Ago",""
"Applied Materials","2026 Summer Intern - Physics & AI modeling Engineering","Santa Clara,CA","https://amat.wd1.myworkdayjobs.com/en-US/External/job/Santa-ClaraCA/XMLNAME-2026-Summer-Intern---Physics---AI-modeling-Engineering_R2616095","Posted 8 Days Ago",""
"Samsung Electronics America, Inc","Deep Learning Innovation Modeling Intern","645 Clyde Avenue, Mountain View, CA, USA","https://sec.wd3.myworkdayjobs.com/en-US/Samsung_Careers/job/645-Clyde-Avenue-Mountain-View-CA-USA/Deep-Learning-Innovation-Modeling-Intern_R115048","Posted 28 Days Ago",""
"Applied Materials","Software Developer Intern","Santa Clara,CA","https://amat.wd1.myworkdayjobs.com/en-US/External/job/Santa-ClaraCA/Software-Developer-Intern_R2615062","Posted 9 Days Ago",""
"Applied Materials","Software Engineer III","Santa Clara,CA","https://amat.wd1.myworkdayjobs.com/en-US/External/job/Santa-ClaraCA/Software-Engineer-III_R2615301","Posted 9 Days Ago",""
"Adobe","Software Development Engineer","Austin","https://adobe.wd5.myworkdayjobs.com/en-US/external_experienced/job/Austin/Software-Development-Engineer_R166260","Posted 17 Days Ago",""
"Applied Materials","Global Software Support Engineer - (E3)","Santa Clara,CA","https://amat.wd1.myworkdayjobs.com/en-US/External/job/Santa-ClaraCA/Global-Software-Support-Engineer----E3-_R2612954","Posted 10 Days Ago",""
"Applied Materials","Process Engineer (New College Grad MS/PhD)","Santa Clara,CA","https://amat.wd1.myworkdayjobs.com/en-US/External/job/Santa-ClaraCA/Process-Engineer--New-College-Grad-MS-PhD-_R2615893","Posted 10 Days Ago",""
"Applied Materials","2026 Summer Data Science Analyst Intern - BS/MBA (Santa Clara, CA)","Santa Clara,CA","https://amat.wd1.myworkdayjobs.com/en-US/External/job/Santa-ClaraCA/XMLNAME-2026-Summer-Data-Science-Analyst-Intern---BS-MBA--Santa-Clara--CA-_R2612217","Posted 10 Days Ago",""
"Motorola Solutions, Inc","Graduate Engineer","Murarrie, Australia","https://motorolasolutions.wd5.myworkdayjobs.com/en-US/Careers/job/Murarrie-Australia/Graduate-Engineer_R58930","Posted 30+ Days Ago",""
"Adobe","2026 Digital Academy Intern - Enterprise Architecture Analyst","New York","https://adobe.wd5.myworkdayjobs.com/en-US/external_experienced/job/New-York/XMLNAME-2026-Digital-Academy-Intern---Enterprise-Architecture-Analyst_R159281","Posted 17 Days Ago",""
"Samsung Electronics America, Inc","Engineer II, Machine Learning Software","645 Clyde Avenue, Mountain View, CA, USA","https://sec.wd3.myworkdayjobs.com/en-US/Samsung_Careers/job/645-Clyde-Avenue-Mountain-View-CA-USA/Engineer-II--Machine-Learning-Software_R113668","Posted 30+ Days Ago",""
"Samsung Electronics America, Inc","Technical Trainer","1530 FM 973 Taylor, TX, USA","https://sec.wd3.myworkdayjobs.com/en-US/Samsung_Careers/job/1530-FM-973-Taylor-TX-USA/Technical-Trainer_R113819-1","Posted 30+ Days Ago",""
"Applied Materials","EHS/Product Safety Engineer - New College Grad (Bachelors - Multiple Locations)","Austin,TX","https://amat.wd1.myworkdayjobs.com/en-US/External/job/AustinTX/EHS-Product-Safety-Engineer---New-College-Grad--Bachelors---Multiple-Locations-_R2517821","Posted 13 Days Ago",""
"Applied Materials","Process Engineer (New College Grad)","Santa Clara,CA","https://amat.wd1.myworkdayjobs.com/en-US/External/job/Santa-ClaraCA/Process-Engineer--New-College-Grad-_R2615695","Posted 14 Days Ago",""
"Applied Materials","Spectroscopist - Sustainability Systems","Santa Clara,CA","https://amat.wd1.myworkdayjobs.com/en-US/External/job/Santa-ClaraCA/Spectroscopist---Sustainability-Systems_R2615417-1","Posted 14 Days Ago",""
"Applied Materials","2026 New College Grad: Process Engineer - MS/PhD (Santa Clara, CA)","Santa Clara,CA","https://amat.wd1.myworkdayjobs.com/en-US/External/job/Santa-ClaraCA/XMLNAME-2026-New-College-Grad--Process-Engineer---MS-PhD--Santa-Clara--CA-_R2615051","Posted 14 Days Ago",""
"Applied Materials","2026 Summer Quantum Technology Processing Engineer Intern (Masters/PhD - Santa Clara, CA)","Santa Clara,CA","https://amat.wd1.myworkdayjobs.com/en-US/External/job/Santa-ClaraCA/XMLNAME-2026-Summer-Quantum-Technology-Processing-Engineer-Intern--Masters-PhD---Santa-Clara--CA-_R2615598","Posted 14 Days Ago",""
"Applied Materials","2026 Summer Quantum Technology Engineer Intern (Masters/PhD - Santa Clara, CA)","Santa Clara,CA","https://amat.wd1.myworkdayjobs.com/en-US/External/job/Santa-ClaraCA/XMLNAME-2026-Summer-Quantum-Technology-Engineer-Intern--Masters-PhD---Santa-Clara--CA-_R2615402","Posted 14 Days Ago",""
"Applied Materials","2026 Summer Quantum Technology Engineer Intern (PhD - Santa Clara, CA)","Santa Clara,CA","https://amat.wd1.myworkdayjobs.com/en-US/External/job/Santa-ClaraCA/XMLNAME-2026-Summer-Quantum-Technology-Engineer-Intern--PhD---Santa-Clara--CA-_R2615398","Posted 15 Days Ago",""
"Samsung Electronics America, Inc","Painting Specialist","284 Mawsons Way Newberry, SC, USA","https://sec.wd3.myworkdayjobs.com/en-US/Samsung_Careers/job/284-Mawsons-Way-Newberry-SC-USA/Paint-Process-Engineer_R111843","Posted 30+ Days Ago",""
"Samsung Electronics America, Inc","Failure Analysis Engineer","1530 FM 973 Taylor, TX, USA","https://sec.wd3.myworkdayjobs.com/en-US/Samsung_Careers/job/1530-FM-973-Taylor-TX-USA/Failure-Analysis-Engineer_R113642-1","Posted 30+ Days Ago",""
"Applied Materials","Software Engineer","Santa Clara,CA","https://amat.wd1.myworkdayjobs.com/en-US/External/job/Santa-ClaraCA/Software-Engineer_R2611493-1","Posted 16 Days Ago",""
"Applied Materials","Albany, NY Global Technical Learning Center Technical Trainer","Albany,NY","https://amat.wd1.myworkdayjobs.com/en-US/External/job/AlbanyNY/Albany--NY-Global-Technical-Learning-Center-Technical-Trainer_R2615004","Posted 16 Days Ago",""
"Applied Materials","2026 Summer RF Engineer Intern (Bachelors - Santa Clara, CA)","Santa Clara,CA","https://amat.wd1.myworkdayjobs.com/en-US/External/job/Santa-ClaraCA/XMLNAME-2026-Summer-RF-Engineer-Intern--Bachelors---Santa-Clara--CA-_R2613631","Posted 16 Days Ago",""
"Applied Materials","2026 Summer RF Engineer Intern (PhD - Santa Clara, CA)","Santa Clara,CA","https://amat.wd1.myworkdayjobs.com/en-US/External/job/Santa-ClaraCA/XMLNAME-2026-Summer-RF-Engineer-Intern--PhD---Santa-Clara--CA-_R2612743","Posted 16 Days Ago",""
"Applied Materials","Material Handler II","Gloucester,MA","https://amat.wd1.myworkdayjobs.com/en-US/External/job/GloucesterMA/Material-Handler-II_R2614065","Posted 16 Days Ago",""
"Samsung Electronics America, Inc","Full Stack DX Engineer","1530 FM 973 Taylor, TX, USA","https://sec.wd3.myworkdayjobs.com/en-US/Samsung_Careers/job/1530-FM-973-Taylor-TX-USA/Full-Stack-DX-Engineer_R113460","Posted 30+ Days Ago",""
"Applied Materials","Albany, NY Global Technical Learning Center Technical Trainer","Albany,NY","https://amat.wd1.myworkdayjobs.com/en-US/External/job/AlbanyNY/Albany--NY-Global-Technical-Learning-Center-Technical-Trainer_R2615002","Posted 17 Days Ago",""
"Applied Materials","New College Grad Safety Engineer (Bachelors - Tempe, AZ)","Tempe,AZ","https://amat.wd1.myworkdayjobs.com/en-US/External/job/TempeAZ/New-College-Grad-Safety-Engineer--Bachelors---Tempe--AZ-_R2615104","Posted 20 Days Ago",""
"Bandwidth","AI Engineer (Research & Development)","Raleigh, NC","https://job-boards.greenhouse.io/bandwidth/jobs/7362388","2025-10-28T10:56:38-04:00","2026-03-30T14:38:29-04:00"
"Bandwidth","Go to Market Analytics Intern - Summer 2026","Raleigh, NC","https://job-boards.greenhouse.io/bandwidth/jobs/7485296","2026-01-05T08:47:31-05:00","2026-02-25T15:21:01-05:00"
"Bandwidth","Network Development Engineering Intern - Summer 2026","Raleigh, NC","https://job-boards.greenhouse.io/bandwidth/jobs/7662203","2026-03-11T10:47:01-04:00","2026-03-11T10:47:01-04:00"
"Bandwidth","Product Management Intern - Summer 2026","Raleigh, NC","https://job-boards.greenhouse.io/bandwidth/jobs/7723925","2026-03-17T08:25:10-04:00","2026-03-17T08:25:10-04:00"
"Bandwidth","Software Development Architect ","Raleigh, NC","https://job-boards.greenhouse.io/bandwidth/jobs/7650529","2026-02-26T12:18:07-05:00","2026-02-26T12:18:07-05:00"
"Bandwidth","Software Development Intern (SW Infrastructure) - Summer 2026","Raleigh, NC","https://job-boards.greenhouse.io/bandwidth/jobs/7386207","2025-11-11T10:43:12-05:00","2026-02-25T15:21:01-05:00"
"Samsung Electronics America, Inc","Tools & Automation Engineering Internship","6555 Excellence Way, Plano, TX, USA","https://sec.wd3.myworkdayjobs.com/en-US/Samsung_Careers/job/6555-Excellence-Way-Plano-TX-USA/Tools---Automation-Engineering-Internship_R114060","Posted 30+ Days Ago",""
"Samsung Electronics America, Inc","Product Management Innovation Internship","6625 Excellence Way, Plano, TX, USA","https://sec.wd3.myworkdayjobs.com/en-US/Samsung_Careers/job/6625-Excellence-Way-Plano-TX-USA/Product-Management-Innovation-Internship_R114002","Posted 30+ Days Ago",""
"Applied Materials","2026 Summer Intern Lithography Process Engineer (Masters/PhD - Santa Clara, CA)","Santa Clara,CA","https://amat.wd1.myworkdayjobs.com/en-US/External/job/Santa-ClaraCA/Lithography-Process-Engineer--Intern-Santa--CA-_R2611981-1","Posted 21 Days Ago",""
"Applied Materials","Java Developer III (E3)","Santa Clara,CA","https://amat.wd1.myworkdayjobs.com/en-US/External/job/Santa-ClaraCA/Java-Developer-III--E3-_R2615103","Posted 21 Days Ago",""
"Samsung Electronics America, Inc","Failure Analysis Technician","1530 FM 973 Taylor, TX, USA","https://sec.wd3.myworkdayjobs.com/en-US/Samsung_Careers/job/1530-FM-973-Taylor-TX-USA/Failure-Analysis-Technician_R113730-1","Posted 30+ Days Ago",""
"Applied Materials","Software/Systems (Controls) Engineer","Gloucester,MA","https://amat.wd1.myworkdayjobs.com/en-US/External/job/GloucesterMA/Software-Systems--Controls--Engineer_R2612684-1","Posted 22 Days Ago",""
"Samsung Electronics America, Inc","Fault Detection & Classification (FDC) Data Science Engineer","1530 FM 973 Taylor, TX, USA","https://sec.wd3.myworkdayjobs.com/en-US/Samsung_Careers/job/1530-FM-973-Taylor-TX-USA/Fault-Detection---Classification--FDC--Data-Science-Engineer_R113456","Posted 30+ Days Ago",""
"Applied Materials","Data Science Summer Intern (Bachelors/Masters Santa Clara, CA)","Santa Clara,CA","https://amat.wd1.myworkdayjobs.com/en-US/External/job/Santa-ClaraCA/Data-Science-Intern_R2612602","Posted 22 Days Ago",""
"Applied Materials","IT Advanced Analytics and Data Solutions II - (B2)","Austin,TX","https://amat.wd1.myworkdayjobs.com/en-US/External/job/AustinTX/IT-Advanced-Analytics-and-Data-Solutions-II----B2-_R2612652","Posted 22 Days Ago",""
"BAH","Data Engineer","McLean, VA","https://bah.wd1.myworkdayjobs.com/en-US/BAH_Jobs/job/McLean-VA/Data-Engineer_R0233774","Posted Today",""
"BAH","Data Analyst","Beavercreek, OH","https://bah.wd1.myworkdayjobs.com/en-US/BAH_Jobs/job/Beavercreek-OH/Data-Analyst_R0237061","Posted Today",""
"BAH","CNO Analyst and Programmer","Annapolis Junction, MD","https://bah.wd1.myworkdayjobs.com/en-US/BAH_Jobs/job/Annapolis-Junction-MD/CNO-Analyst-and-Programmer_R0228974","Posted Today",""
"Autodesk","Full Stack Software Developer","California, USA - Remote","https://autodesk.wd1.myworkdayjobs.com/en-US/Ext/job/California-USA---Remote/Full-Stack-Software-Developer_26WD96405","Posted 7 Days Ago",""
"BAH","Fires Curriculum Developer","Honolulu, HI","https://bah.wd1.myworkdayjobs.com/en-US/BAH_Jobs/job/Honolulu-HI/Fires-Curriculum-Developer_R0236110","Posted Today",""
"BAH","Platform and Databricks DevOps Engineer","McLean, VA","https://bah.wd1.myworkdayjobs.com/en-US/BAH_Jobs/job/McLean-VA/Platform-and-Databricks-DevOps-Engineer_R0232541","Posted Today",""
"BAH","Full-Stack Developer, Mid","McLean, VA","https://bah.wd1.myworkdayjobs.com/en-US/BAH_Jobs/job/McLean-VA/Full-Stack-Developer--Mid_R0234629","Posted Today",""
"Applied Materials","Process Engineer New College Grad - Doctorate Degree (Santa Clara, Ca)","Santa Clara,CA","https://amat.wd1.myworkdayjobs.com/en-US/External/job/Santa-ClaraCA/Process-Engineer-New-College-Grad---Doctorate-Degree--Santa-Clara--Ca-_R2612845-1","Posted 24 Days Ago",""
"BAH","Platform and Databricks DevOps Engineer","Ashburn, VA","https://bah.wd1.myworkdayjobs.com/en-US/BAH_Jobs/job/Ashburn-VA/Platform-and-Databricks-DevOps-Engineer_R0232808","Posted Today",""
"BAH","SharePoint Administrator and Power Platform Developer","McLean, VA","https://bah.wd1.myworkdayjobs.com/en-US/BAH_Jobs/job/McLean-VA/SharePoint-Administrator-and-Power-Platform-Developer_R0237019","Posted Today",""
"BAH","Data Analyst","Camp Lejeune, NC","https://bah.wd1.myworkdayjobs.com/en-US/BAH_Jobs/job/Camp-Lejeune-NC/Data-Analyst_R0237027","Posted Today",""
"BAH","Oracle Database Administrator","Bremerton, WA","https://bah.wd1.myworkdayjobs.com/en-US/BAH_Jobs/job/Bremerton-WA/Oracle-Database-Administrator_R0231002-1","Posted Yesterday",""
"BAH","Dashboard Developer","Riverdale, MD","https://bah.wd1.myworkdayjobs.com/en-US/BAH_Jobs/job/Riverdale-MD/UX-Strategist-and-Dashboard-Developer_R0233848","Posted Yesterday",""
"BAH","Data Engineer","Honolulu, HI","https://bah.wd1.myworkdayjobs.com/en-US/BAH_Jobs/job/Honolulu-HI/Data-Engineer_R0236968","Posted Yesterday",""
"BAH","Billing Analyst, Junior","Norfolk, VA","https://bah.wd1.myworkdayjobs.com/en-US/BAH_Jobs/job/Norfolk-VA/Billing-Analyst--Junior_R0236965","Posted Yesterday",""
"BAH","Signals Data Analyst, Mid","Dayton, OH","https://bah.wd1.myworkdayjobs.com/en-US/BAH_Jobs/job/Dayton-OH/Signals-Data-Analyst--Mid_R0236454","Posted Yesterday",""
"BAH","Signals Data Analyst, Mid","Dayton, OH","https://bah.wd1.myworkdayjobs.com/en-US/BAH_Jobs/job/Dayton-OH/Signals-Data-Analyst--Mid_R0236458","Posted Yesterday",""
"BAH","Data Engineer","Fort Belvoir, VA","https://bah.wd1.myworkdayjobs.com/en-US/BAH_Jobs/job/Fort-Belvoir-VA/Data-Engineer_R0236939","Posted Yesterday",""
"Belvedere Trading","Software Engineer - Trading Data Fabric","Chicago, Illinois","https://jobs.lever.co/belvederetrading/19d5ecf3-5c8d-440f-a14e-ea8832429bd0","2026-02-25 21:19:24","N/A"
"BAH","Cloud Engineer","Bethesda, MD","https://bah.wd1.myworkdayjobs.com/en-US/BAH_Jobs/job/Bethesda-MD/Cloud-Engineer_R0236930","Posted Yesterday",""
"BAH","Infrastructure Cloud Engineer, Mid","Chantilly, VA","https://bah.wd1.myworkdayjobs.com/en-US/BAH_Jobs/job/Chantilly-VA/Infrastructure-Cloud-Engineer--Mid_R0236921","Posted Yesterday",""
"BAH","Product Software Engineer","McLean, VA","https://bah.wd1.myworkdayjobs.com/en-US/BAH_Jobs/job/McLean-VA/Product-Software-Engineer_R0236916","Posted Yesterday",""
"BAH","Contracts Intern","McLean, VA","https://bah.wd1.myworkdayjobs.com/en-US/BAH_Jobs/job/McLean-VA/Contracts-Intern_R0236164","Posted Yesterday",""
"BAH","AI Software Engineer","Arlington, VA","https://bah.wd1.myworkdayjobs.com/en-US/BAH_Jobs/job/Arlington-VA/AI-Software-Engineer_R0230233","Posted Yesterday",""
"BAH","Data Scientist","McLean, VA","https://bah.wd1.myworkdayjobs.com/en-US/BAH_Jobs/job/McLean-VA/Data-Scientist_R0229815-1","Posted Yesterday",""
"BAH","AI Solution Developer","Chantilly, VA","https://bah.wd1.myworkdayjobs.com/en-US/BAH_Jobs/job/Chantilly-VA/AI-Solution-Developer_R0229078","Posted Yesterday",""
"Breeze Airways","Crew Records, Training, & Scheduling Specialist","Salt Lake City, Utah, United States","https://job-boards.greenhouse.io/breezeairways/jobs/7677798003","2026-03-24T15:59:15-04:00","2026-03-24T15:59:15-04:00"
"BAH","Software Engineer and Developer","Beavercreek, OH","https://bah.wd1.myworkdayjobs.com/en-US/BAH_Jobs/job/Beavercreek-OH/Software-Engineer-and-Developer_R0230160","Posted Yesterday",""
"BAH","Software Defined Radio Engineer","San Antonio, TX","https://bah.wd1.myworkdayjobs.com/en-US/BAH_Jobs/job/San-Antonio-TX/Software-Defined-Radio-Engineer_R0231195","Posted Yesterday",""
"BAH","Cloud Solutions Architect","San Diego, CA","https://bah.wd1.myworkdayjobs.com/en-US/BAH_Jobs/job/San-Diego-CA/Cloud-Solutions-Architect_R0236902","Posted Yesterday",""
"Becton Dickinson’s Integrated Diagnostics Systems","R&D Intern","USA AZ - Tempe Headquarters","https://bdx.wd1.myworkdayjobs.com/en-US/EXTERNAL_CAREER_SITE_USA/job/USA-AZ---Tempe-Headquarters/R-D-Intern_R-541439-1","Posted Yesterday",""
"BAH","Cloud Computing Application Architect, Mid","Chantilly, VA","https://bah.wd1.myworkdayjobs.com/en-US/BAH_Jobs/job/Chantilly-VA/Cloud-Computing-Application-Architect--Mid_R0231542","Posted Yesterday",""
"BAH","Cloud Computing Application Architect, Mid","Chantilly, VA","https://bah.wd1.myworkdayjobs.com/en-US/BAH_Jobs/job/Chantilly-VA/Cloud-Computing-Application-Architect--Mid_R0231541","Posted Yesterday",""
"BAH","Cloud Computing Application Architect, Mid","Chantilly, VA","https://bah.wd1.myworkdayjobs.com/en-US/BAH_Jobs/job/Chantilly-VA/Cloud-Computing-Application-Architect--Mid_R0231543","Posted Yesterday",""
"BAH","ServiceNow Developer, Mid","McLean, VA","https://bah.wd1.myworkdayjobs.com/en-US/BAH_Jobs/job/McLean-VA/ServiceNow-Developer--Mid_R0236899","Posted Yesterday",""
"Applied Materials","Process Engineer III, Rapid Thermal Processing (RTP)","Gloucester,MA","https://amat.wd1.myworkdayjobs.com/en-US/External/job/GloucesterMA/Process-Engineer-III--Rapid-Thermal-Processing--RTP-_R2614318","Posted 29 Days Ago",""
"BAH","Cloud Architect","McLean, VA","https://bah.wd1.myworkdayjobs.com/en-US/BAH_Jobs/job/McLean-VA/Cloud-Architect_R0232625","Posted 6 Days Ago",""
"BAH","Cloud Architect","Beavercreek, OH","https://bah.wd1.myworkdayjobs.com/en-US/BAH_Jobs/job/Beavercreek-OH/Cloud-Architect_R0232626","Posted 6 Days Ago",""
"BAH","Cloud Engineer","McLean, VA","https://bah.wd1.myworkdayjobs.com/en-US/BAH_Jobs/job/McLean-VA/Cloud-Engineer_R0234536","Posted 6 Days Ago",""
"BAH","DevOps Engineer, Mid","McLean, VA","https://bah.wd1.myworkdayjobs.com/en-US/BAH_Jobs/job/McLean-VA/DevOps-Engineer--Mid_R0232649","Posted 6 Days Ago",""
"BAH","Enterprise Technology Cloud Architect","McLean, VA","https://bah.wd1.myworkdayjobs.com/en-US/BAH_Jobs/job/McLean-VA/Enterprise-Technology-Cloud-Architect_R0233829","Posted 6 Days Ago",""
"BAH","Open-Source Research Analyst, Junior","McLean, VA","https://bah.wd1.myworkdayjobs.com/en-US/BAH_Jobs/job/McLean-VA/Open-Source-Research-Analyst--Junior_R0233753","Posted 6 Days Ago",""
"BAH","Cloud Architect","Washington, DC","https://bah.wd1.myworkdayjobs.com/en-US/BAH_Jobs/job/Washington-DC/Cloud-Architect_R0236643-1","Posted 6 Days Ago",""
"BAH","Cross Domain Solution Engineer","San Diego, CA","https://bah.wd1.myworkdayjobs.com/en-US/BAH_Jobs/job/San-Diego-CA/Cross-Domain-Solution-Engineer_R0236891-1","Posted 6 Days Ago",""
"Becton Dickinson’s Integrated Diagnostics Systems","MMS R&D Electrical Engineering Intern","USA CA - San Diego Bldg A&B","https://bdx.wd1.myworkdayjobs.com/en-US/EXTERNAL_CAREER_SITE_USA/job/USA-CA---San-Diego-Bldg-AB/MMS-R-D-Electrical-Engineering-Intern_R-541544-1","Posted 2 Days Ago",""
"Brink","CDL Driver","Newark NJ","https://brinks.wd5.myworkdayjobs.com/en-US/BrinksCareersUS/job/Newark-NJ/CDL-Driver_R71760","Posted 10 Days Ago",""
"Brink","CDL Driver","Springfield Gardens NY","https://brinks.wd5.myworkdayjobs.com/en-US/BrinksCareersUS/job/Springfield-Gardens-NY/CDL-Driver_R71759","Posted 10 Days Ago",""
"BAH","Full Stack Software Developer","McLean, VA","https://bah.wd1.myworkdayjobs.com/en-US/BAH_Jobs/job/McLean-VA/Full-Stack-Software-Developer_R0236744","Posted 6 Days Ago",""
"BAH","Full Stack Software Developer","McLean, VA","https://bah.wd1.myworkdayjobs.com/en-US/BAH_Jobs/job/McLean-VA/Full-Stack-Software-Developer_R0236746","Posted 6 Days Ago",""
"BorgWarner","IT Co-op/Intern","Ithaca - New York - USA","https://borgwarner.wd5.myworkdayjobs.com/en-US/BorgWarner_Careers/job/Ithaca---New-York---USA/IT-Co-op-Intern_R2026-1215","Posted Today",""
"Brink","Trainer","New York, NY (B0490)","https://brinks.wd5.myworkdayjobs.com/en-US/BrinksCareersUS/job/New-York-NY-B0490/Trainer_R71524","Posted 16 Days Ago",""
"Brink","CDL B Driver","Beltsville, MD (B0203)","https://brinks.wd5.myworkdayjobs.com/en-US/BrinksCareersUS/job/Beltsville-MD-B0203/CDL-B-Driver_R71281","Posted 16 Days Ago",""
"Brink","Trainer","Detroit MI","https://brinks.wd5.myworkdayjobs.com/en-US/BrinksCareersUS/job/Detroit-MI/Trainer_R71419","Posted 17 Days Ago",""
"Autodesk","Software Architect, Go to Market Platforms","San Francisco, CA, USA","https://autodesk.wd1.myworkdayjobs.com/en-US/Ext/job/San-Francisco-CA-USA/Software-Architect--Go-to-Market-Platforms_26WD96139-1","Posted 16 Days Ago",""
"Becton Dickinson’s Integrated Diagnostics Systems","Quality Engineering Co-Op","USA GA - Covington BMD","https://bdx.wd1.myworkdayjobs.com/en-US/EXTERNAL_CAREER_SITE_USA/job/USA-GA---Covington-BMD/Quality-Engineering-Co-Op_R-540220-1","Posted 2 Days Ago",""
"Becton Dickinson’s Integrated Diagnostics Systems","Project Engineering Intern","USA NE - Broken Bow","https://bdx.wd1.myworkdayjobs.com/en-US/EXTERNAL_CAREER_SITE_USA/job/USA-NE---Broken-Bow/Project-Engineering-Intern_R-542081","Posted 3 Days Ago",""
"Brink","CDL Driver","Charlotte NC","https://brinks.wd5.myworkdayjobs.com/en-US/BrinksCareersUS/job/Charlotte-NC/CDL-Driver_R71159","Posted 24 Days Ago",""
"BorgWarner","Manufacturing Engineering Co-Op","Arden - North Carolina - USA","https://borgwarner.wd5.myworkdayjobs.com/en-US/BorgWarner_Careers/job/Arden---North-Carolina---USA/Manufacturing-Engineering-Co-Op_R2026-1182","Posted 2 Days Ago",""
"BAH","Multi-Platform Mobile Application Developer","Lorton, VA","https://bah.wd1.myworkdayjobs.com/en-US/BAH_Jobs/job/Lorton-VA/Multi-Platform-Mobile-Application-Developer_R0235363","Posted 6 Days Ago",""
"Brink","CDL Driver","Dallas TX","https://brinks.wd5.myworkdayjobs.com/en-US/BrinksCareersUS/job/Dallas-TX/CDL-Driver_R70303","Posted 30+ Days Ago",""
"Brink","CDL Driver","Portland OR","https://brinks.wd5.myworkdayjobs.com/en-US/BrinksCareersUS/job/Portland-OR/CDL-Driver_R69828","Posted 30+ Days Ago",""
"Brink","CDL Driver","Pittsburgh PA","https://brinks.wd5.myworkdayjobs.com/en-US/BrinksCareersUS/job/Pittsburgh-PA/CDL-Driver_R69702","Posted 30+ Days Ago",""
"BorgWarner","Payroll Intern (Year-Round)","Auburn Hills - Michigan - USA","https://borgwarner.wd5.myworkdayjobs.com/en-US/BorgWarner_Careers/job/Auburn-Hills---Michigan---USA/Payroll-Intern--Year-Round-_R2025-4653","Posted 3 Days Ago",""
"Broadcom ","Software Development Engineer in Test (SDET) ","USA-TX Plano Legacy Drive Suite 700","https://broadcom.wd1.myworkdayjobs.com/en-US/External_Career/job/USA-TX-Plano-Legacy-Drive-Suite-700/Software-Development-Engineer-in-Test--SDET--_R025513","Posted Yesterday",""
"Broadcom ","Software Development Engineer in Test (SDET)","USA-TX Plano Legacy Drive Suite 700","https://broadcom.wd1.myworkdayjobs.com/en-US/External_Career/job/USA-TX-Plano-Legacy-Drive-Suite-700/Software-Development-Engineer-in-Test--SDET-_R025600","Posted Yesterday",""
"Broadcom ","R&D Software Engineer","USA-IL Lisle Warrenville Road","https://broadcom.wd1.myworkdayjobs.com/en-US/External_Career/job/USA-IL-Lisle-Warrenville-Road/R-D-Software-Engineer-ICB-3_R025495","Posted Yesterday",""
"Brink","CDL Driver","Columbus OH","https://brinks.wd5.myworkdayjobs.com/en-US/BrinksCareersUS/job/Columbus-OH/CDL-Driver_R69475","Posted 30+ Days Ago",""
"BAH","Unity Developer","San Antonio, TX","https://bah.wd1.myworkdayjobs.com/en-US/BAH_Jobs/job/San-Antonio-TX/Unity-Developer_R0234368","Posted 6 Days Ago",""
"BAH","University - Applied AI Intern","Washington, DC","https://bah.wd1.myworkdayjobs.com/en-US/BAH_Jobs/job/Washington-DC/University---Applied-AI-Intern_R0236827","Posted 6 Days Ago",""
"BAH","University, Applied AI Software Developer","McLean, VA","https://bah.wd1.myworkdayjobs.com/en-US/BAH_Jobs/job/McLean-VA/University--Applied-AI-Software-Developer_R0236821","Posted 6 Days Ago",""
"BAH","University, Applied AI Software Developer","McLean, VA","https://bah.wd1.myworkdayjobs.com/en-US/BAH_Jobs/job/McLean-VA/University--Applied-AI-Software-Developer_R0236822","Posted 6 Days Ago",""
"BAH","CNO Developer","Annapolis Junction, MD","https://bah.wd1.myworkdayjobs.com/en-US/BAH_Jobs/job/Annapolis-Junction-MD/CNO-Developer_R0226191-1","Posted 6 Days Ago",""
"Broadcom ","OS kernel system software development engineer","USA-CA - Promontory B","https://broadcom.wd1.myworkdayjobs.com/en-US/External_Career/job/USA-CA---Promontory-B/Software-Engineer-ESXi-CPU---Server-Platform_R025562","Posted 2 Days Ago",""
"Broadcom ","OS kernel system software development engineer","USA-CA - Promontory B","https://broadcom.wd1.myworkdayjobs.com/en-US/External_Career/job/USA-CA---Promontory-B/Software-Engineer-ESX-CPU---Server-Platform_R024922","Posted 2 Days Ago",""
"Broadcom ","Java Engineer - REST APIs & Database Systems","USA-IL Lisle Warrenville Road","https://broadcom.wd1.myworkdayjobs.com/en-US/External_Career/job/USA-IL-Lisle-Warrenville-Road/Java-Engineer---REST-APIs---Database-Systems_R025498","Posted 2 Days Ago",""
"BorgWarner","Power Electronics Intern (Year-Round)","Kokomo Technical Center - Indiana - USA","https://borgwarner.wd5.myworkdayjobs.com/en-US/BorgWarner_Careers/job/Kokomo-Technical-Center---Indiana---USA/Power-Electronics-Intern_R2026-0720","Posted 7 Days Ago",""
"BorgWarner","Power Electronics Intern (Year-Round)","Kokomo Technical Center - Indiana - USA","https://borgwarner.wd5.myworkdayjobs.com/en-US/BorgWarner_Careers/job/Kokomo-Technical-Center---Indiana---USA/Power-Electronics-Intern_R2026-0820","Posted 7 Days Ago",""
"BorgWarner","Applications Engineering Co-Op - CV Turbos and Fan & Fan Drive","Arden - North Carolina - USA","https://borgwarner.wd5.myworkdayjobs.com/en-US/BorgWarner_Careers/job/Arden---North-Carolina---USA/Applications-Engineering-Co-Op_R2026-1119","Posted 7 Days Ago",""
"Broadcom ","Electrical Hardware & AI Integration Engineer","USA-Colorado-Fort Collins-4380 Ziegler Road","https://broadcom.wd1.myworkdayjobs.com/en-US/External_Career/job/USA-Colorado-Fort-Collins-4380-Ziegler-Road/Electrical-Hardware---AI-Integration-Engineer_R025609","Posted 3 Days Ago",""
"Broadcom ","R&D Engineer Software 5","USA-CA San Jose Innovation Drive","https://broadcom.wd1.myworkdayjobs.com/en-US/External_Career/job/USA-CA-San-Jose-Innovation-Drive/R-D-Engineer-Software-5_R025578","Posted 3 Days Ago",""
"BorgWarner","Arden 2025-26 Internship","Arden - North Carolina - USA","https://borgwarner.wd5.myworkdayjobs.com/en-US/BorgWarner_Careers/job/Arden---North-Carolina---USA/Arden-2025-26-Internship_R2025-3435","Posted 8 Days Ago",""
"BAH","Cloud Engineer","Arlington, VA","https://bah.wd1.myworkdayjobs.com/en-US/BAH_Jobs/job/Arlington-VA/Cloud-Engineer_R0236754","Posted 6 Days Ago",""
"BAH","Cyber Intern","San Antonio, TX","https://bah.wd1.myworkdayjobs.com/en-US/BAH_Jobs/job/San-Antonio-TX/Cyber-Intern_R0236020","Posted 6 Days Ago",""
"BAH","Cyber Intern","San Antonio, TX","https://bah.wd1.myworkdayjobs.com/en-US/BAH_Jobs/job/San-Antonio-TX/Cyber-Intern_R0236021","Posted 6 Days Ago",""
"BAH","Data Analyst, Intern","Lexington, MA","https://bah.wd1.myworkdayjobs.com/en-US/BAH_Jobs/job/Lexington-MA/Data-Analyst_R0235629","Posted 6 Days Ago",""
"BAH","Data Engineer","Honolulu, HI","https://bah.wd1.myworkdayjobs.com/en-US/BAH_Jobs/job/Honolulu-HI/Data-Engineer_R0227894","Posted 6 Days Ago",""
"Broadcom ","R&D Software Engineer VMKernel","USA-CA - Promontory B","https://broadcom.wd1.myworkdayjobs.com/en-US/External_Career/job/USA-CA---Promontory-B/R-D-Software-Engineer-VMKernel_R025281-1","Posted 8 Days Ago",""
"Broadcom ","R&D Engineer Software 3","USA-TX Plano Legacy Drive Suite 700","https://broadcom.wd1.myworkdayjobs.com/en-US/External_Career/job/USA-TX-Plano-Legacy-Drive-Suite-700/R-D-Engineer-Software-3_R025465","Posted 9 Days Ago",""
"Broadcom ","Mainframe Technical Support Engineer","USA-IL Lisle Warrenville Road","https://broadcom.wd1.myworkdayjobs.com/en-US/External_Career/job/USA-IL-Lisle-Warrenville-Road/Mainframe-Technical-Support-Engineer_R025459","Posted 9 Days Ago",""
"Broadcom ","Product Owner, Mainframe Networking & Observability","USA-PA Pittsburgh Holiday Drive","https://broadcom.wd1.myworkdayjobs.com/en-US/External_Career/job/USA-PA-Pittsburgh-Holiday-Drive/Product-Owner--Mainframe-Networking---Observability_R025485","Posted 9 Days Ago",""
"Broadcom ","Software Engineer","USA-CA - Promontory E","https://broadcom.wd1.myworkdayjobs.com/en-US/External_Career/job/USA-CA---Promontory-E/Software-Engineer_R025456","Posted 9 Days Ago",""
"BorgWarner","Production Planning Co-Op","Arden - North Carolina - USA","https://borgwarner.wd5.myworkdayjobs.com/en-US/BorgWarner_Careers/job/Arden---North-Carolina---USA/Production-Planning-Co-Op_R2026-1118","Posted 9 Days Ago",""
"BorgWarner","Data Science Intern (Year-Round)","Auburn Hills - Michigan - USA","https://borgwarner.wd5.myworkdayjobs.com/en-US/BorgWarner_Careers/job/Auburn-Hills---Michigan---USA/Data-Science-Intern--Year-Round-_R2026-0699","Posted 9 Days Ago",""
"BorgWarner","IT Network Mobility Intern (Year-Round)","Auburn Hills - Michigan - USA","https://borgwarner.wd5.myworkdayjobs.com/en-US/BorgWarner_Careers/job/Auburn-Hills---Michigan---USA/IT-Network-Mobility-Intern--Year-Round-_R2026-1066","Posted 10 Days Ago",""
"BAH","Data Scientist","McLean, VA","https://bah.wd1.myworkdayjobs.com/en-US/BAH_Jobs/job/McLean-VA/Data-Scientist_R0236797","Posted 6 Days Ago",""
"BAH","Databricks Data Engineer","Ashburn, VA","https://bah.wd1.myworkdayjobs.com/en-US/BAH_Jobs/job/Ashburn-VA/Databricks-Data-Engineer_R0236755","Posted 6 Days Ago",""
"BAH","DevOps Cloud Engineer","California, MD","https://bah.wd1.myworkdayjobs.com/en-US/BAH_Jobs/job/California-MD/DevOps-Cloud-Engineer_R0236729","Posted 6 Days Ago",""
"BAH","DevOps Engineer, Mid","McLean, VA","https://bah.wd1.myworkdayjobs.com/en-US/BAH_Jobs/job/McLean-VA/DevOps-Engineer--Mid_R0236686","Posted 6 Days Ago",""
"BAH","DevOps Engineer","Chantilly, VA","https://bah.wd1.myworkdayjobs.com/en-US/BAH_Jobs/job/Chantilly-VA/DevOps-Engineer_R0231125","Posted 6 Days Ago",""
"Becton Dickinson’s Integrated Diagnostics Systems","Intern, Research & Development","USA AZ - Tempe Headquarters","https://bdx.wd1.myworkdayjobs.com/en-US/EXTERNAL_CAREER_SITE_USA/job/USA-AZ---Tempe-Headquarters/Intern--Research---Development_R-540367","Posted 9 Days Ago",""
"Broadcom ","R&D Engineer Software 3","USA-CA - Promontory D","https://broadcom.wd1.myworkdayjobs.com/en-US/External_Career/job/USA-CA---Promontory-D/R-D-Engineer-Software-3_R025502","Posted 10 Days Ago",""
"Broadcom ","R&D Engineer Software 5","USA-CA - Promontory D","https://broadcom.wd1.myworkdayjobs.com/en-US/External_Career/job/USA-CA---Promontory-D/R-D-Engineer-Software-5_R025501","Posted 10 Days Ago",""
"Broadcom ","R&D Engineer Software","USA-CA - Promontory B","https://broadcom.wd1.myworkdayjobs.com/en-US/External_Career/job/USA-CA---Promontory-B/Software-Engineer---Windows-Linux-Graphics-Driver_R024999","Posted 13 Days Ago",""
"Broadcom ","Solution Architect, Broadcom Software","USA-TX Plano Legacy Drive Suite 700","https://broadcom.wd1.myworkdayjobs.com/en-US/External_Career/job/USA-TX-Plano-Legacy-Drive-Suite-700/Solution-Architect--Broadcom-Software_R025480","Posted 13 Days Ago",""
"Broadcom ","Solution Architect, Broadcom Software","USA-TX Plano Legacy Drive Suite 700","https://broadcom.wd1.myworkdayjobs.com/en-US/External_Career/job/USA-TX-Plano-Legacy-Drive-Suite-700/Solution-Architect--Broadcom-Software_R025481","Posted 13 Days Ago",""
"BorgWarner","IT Technician Intern","Arden - North Carolina - USA","https://borgwarner.wd5.myworkdayjobs.com/en-US/BorgWarner_Careers/job/Arden---North-Carolina---USA/IT-Technician-Intern_R2026-1064","Posted 13 Days Ago",""
"BorgWarner","Industrial Electrical Engineering Co-Op","Arden - North Carolina - USA","https://borgwarner.wd5.myworkdayjobs.com/en-US/BorgWarner_Careers/job/Arden---North-Carolina---USA/Industrial-Electrical-Engineering-Co-Op_R2026-1065","Posted 13 Days Ago",""
"BorgWarner","Program Management Co-Op","Arden - North Carolina - USA","https://borgwarner.wd5.myworkdayjobs.com/en-US/BorgWarner_Careers/job/Arden---North-Carolina---USA/Program-Management-Co-Op_R2026-1060","Posted 14 Days Ago",""
"BorgWarner","3rd shift PFH Material Handler","Dixon - Illinois - USA","https://borgwarner.wd5.myworkdayjobs.com/en-US/BorgWarner_Careers/job/Dixon---Illinois---USA/XMLNAME-3rd-shift-PFH-Material-Handler_R2026-0931","Posted 15 Days Ago",""
"BorgWarner","Continuous Improvement Co-Op","Arden - North Carolina - USA","https://borgwarner.wd5.myworkdayjobs.com/en-US/BorgWarner_Careers/job/Arden---North-Carolina---USA/Continuous-Improvement-Co-Op_R2026-0974","Posted 15 Days Ago",""
"BorgWarner","Automation and Controls Engineering Co-Op","Arden - North Carolina - USA","https://borgwarner.wd5.myworkdayjobs.com/en-US/BorgWarner_Careers/job/Arden---North-Carolina---USA/Automation-and-Controls-Engineering-Co-Op_R2026-0976","Posted 15 Days Ago",""
"BAH","HICOM Sustainment Integrator","Fort Leavenworth, KS","https://bah.wd1.myworkdayjobs.com/en-US/BAH_Jobs/job/Fort-Leavenworth-KS/Higher-Command-Integrator_R0235741-1","Posted 6 Days Ago",""
"BAH","Human Capital Data Analyst","Herndon, VA","https://bah.wd1.myworkdayjobs.com/en-US/BAH_Jobs/job/Herndon-VA/Human-Capital-Data-Analyst_R0236708","Posted 6 Days Ago",""
"BAH","Intelligence Training Specialist","Springfield, VA","https://bah.wd1.myworkdayjobs.com/en-US/BAH_Jobs/job/Springfield-VA/Intelligence-Training-Specialist_R0236699","Posted 6 Days Ago",""
"BAH","LabVIEW Developer","King George, VA","https://bah.wd1.myworkdayjobs.com/en-US/BAH_Jobs/job/King-George-VA/LabVIEW-Developer_R0236779","Posted 6 Days Ago",""
"Broadcom ","R&D Engineer Software 6","USA-TX Plano Legacy Drive Suite 700","https://broadcom.wd1.myworkdayjobs.com/en-US/External_Career/job/USA-TX-Plano-Legacy-Drive-Suite-700/R-D-Engineer-Software-6_R025441","Posted 13 Days Ago",""
"Broadcom ","Mainframe Quality Engineer 3","USA-TX Plano Legacy Drive Suite 700","https://broadcom.wd1.myworkdayjobs.com/en-US/External_Career/job/USA-TX-Plano-Legacy-Drive-Suite-700/Mainframe-Quality-Engineer-3_R025423","Posted 13 Days Ago",""
"Broadcom ","Software Development Engineer in Test (SDET)","USA-IL Lisle Warrenville Road","https://broadcom.wd1.myworkdayjobs.com/en-US/External_Career/job/USA-IL-Lisle-Warrenville-Road/Software-Development-Engineer-in-Test--SDET-_R024832","Posted 14 Days Ago",""
"Becton Dickinson’s Integrated Diagnostics Systems","Cloud Digital Architect","USA NC - Durham - Davis Drive","https://bdx.wd1.myworkdayjobs.com/en-US/EXTERNAL_CAREER_SITE_USA/job/USA-NC---Durham---Davis-Drive/Cloud-Digital-Architect_R-540120-1","Posted 10 Days Ago",""
"BorgWarner","IT Infrastructure Automation Intern (Year-Round)","Auburn Hills - Michigan - USA","https://borgwarner.wd5.myworkdayjobs.com/en-US/BorgWarner_Careers/job/Auburn-Hills---Michigan---USA/IT-Infrastructure-Automation-Intern--Year-Round-_R2026-0696","Posted 21 Days Ago",""
"Broadcom ","R&D Engineer Software 4","USA-CA San Jose Innovation Drive","https://broadcom.wd1.myworkdayjobs.com/en-US/External_Career/job/USA-CA-San-Jose-Innovation-Drive/R-D-Engineer-Software-4_R025433","Posted 16 Days Ago",""
"Broadcom ","Mainframe/CICS systems & application architect/engineer","USA-NC-Durham-Swabia Court-Suite 400","https://broadcom.wd1.myworkdayjobs.com/en-US/External_Career/job/USA-NC-Durham-Swabia-Court-Suite-400/Mainframe-CICS-systems---application-architect-engineer_R025402-1","Posted 17 Days Ago",""
"BorgWarner","Material Handler-2nd Shift Receiving ($20.40-$23.46)","Arden - North Carolina - USA","https://borgwarner.wd5.myworkdayjobs.com/en-US/BorgWarner_Careers/job/Arden---North-Carolina---USA/Material-Handler-2nd-Shift-Receiving---2040--2346-_R2025-3729-1","Posted 23 Days Ago",""
"BorgWarner","Operational Excellence Intern","Auburn Hills - Michigan - USA","https://borgwarner.wd5.myworkdayjobs.com/en-US/BorgWarner_Careers/job/Auburn-Hills---Michigan---USA/Operational-Excellence-Intern_R2026-0812","Posted 24 Days Ago",""
"Broadcom ","Applied AI Engineer","USA-CA - Promontory B","https://broadcom.wd1.myworkdayjobs.com/en-US/External_Career/job/USA-CA---Promontory-B/Applied-AI-Engineer_R025337-1","Posted 22 Days Ago",""
"Becton Dickinson’s Integrated Diagnostics Systems","Material Handler	II  B shift","USA NE - Holdrege","https://bdx.wd1.myworkdayjobs.com/en-US/EXTERNAL_CAREER_SITE_USA/job/USA-NE---Holdrege/Material-Handler-II--B-shift_R-540487","Posted 15 Days Ago",""
"Becton Dickinson’s Integrated Diagnostics Systems","Project Management Intern","USA IL - Vernon Hills","https://bdx.wd1.myworkdayjobs.com/en-US/EXTERNAL_CAREER_SITE_USA/job/USA-IL---Vernon-Hills/Project-Management-Intern_R-540946","Posted 16 Days Ago",""
"BAH","Software Developer","Annapolis Junction, MD","https://bah.wd1.myworkdayjobs.com/en-US/BAH_Jobs/job/Annapolis-Junction-MD/Software-Developer_R0236595","Posted 6 Days Ago",""
"BAH","Software Developer","Nellis AFB, NV","https://bah.wd1.myworkdayjobs.com/en-US/BAH_Jobs/job/Nellis-AFB-NV/Software-Developer_R0236658","Posted 6 Days Ago",""
"BAH","Software Engineer, Mid","Herndon, VA","https://bah.wd1.myworkdayjobs.com/en-US/BAH_Jobs/job/Herndon-VA/Software-Engineer--Mid_R0236819","Posted 6 Days Ago",""
"BAH","Software Engineer","Quantico, VA","https://bah.wd1.myworkdayjobs.com/en-US/BAH_Jobs/job/Quantico-VA/Software-Engineer_R0236210","Posted 6 Days Ago",""
"Broadcom ","Software Development Engineer in Test (SDET)","USA-IL Lisle Warrenville Road","https://broadcom.wd1.myworkdayjobs.com/en-US/External_Career/job/USA-IL-Lisle-Warrenville-Road/Software-Development-Engineer-in-Test--SDET-_R025268","Posted 22 Days Ago",""
"BorgWarner","Software Engineer","Wilsonville - Oregon - USA","https://borgwarner.wd5.myworkdayjobs.com/en-US/BorgWarner_Careers/job/Wilsonville---Oregon---USA/Software-Engineer_R2026-0583-1","Posted 30+ Days Ago",""
"BorgWarner","Engineering Co-op Fall-Winter 2026","Ithaca - New York - USA","https://borgwarner.wd5.myworkdayjobs.com/en-US/BorgWarner_Careers/job/Ithaca---New-York---USA/Engineering-Co-op-Fall-Winter-2026_R2026-0471","Posted 30+ Days Ago",""
"Becton Dickinson’s Integrated Diagnostics Systems","Training Operator","USA TX - El Paso - Northwestern Dr.","https://bdx.wd1.myworkdayjobs.com/en-US/EXTERNAL_CAREER_SITE_USA/job/USA-TX---El-Paso---Northwestern-Dr/Training-Operator_R-540967","Posted 17 Days Ago",""
"Becton Dickinson’s Integrated Diagnostics Systems","Training Operator","USA TX - El Paso - Northwestern Dr.","https://bdx.wd1.myworkdayjobs.com/en-US/EXTERNAL_CAREER_SITE_USA/job/USA-TX---El-Paso---Northwestern-Dr/Training-Operator_R-540965","Posted 17 Days Ago",""
"Becton Dickinson’s Integrated Diagnostics Systems","Training Operator","USA TX - El Paso - Northwestern Dr.","https://bdx.wd1.myworkdayjobs.com/en-US/EXTERNAL_CAREER_SITE_USA/job/USA-TX---El-Paso---Northwestern-Dr/Training-Operator_R-540966","Posted 17 Days Ago",""
"Becton Dickinson’s Integrated Diagnostics Systems","Training Operator","USA TX - El Paso - Northwestern Dr.","https://bdx.wd1.myworkdayjobs.com/en-US/EXTERNAL_CAREER_SITE_USA/job/USA-TX---El-Paso---Northwestern-Dr/Training-Operator_R-540963","Posted 17 Days Ago",""
"Broadcom ","Software Systems Engineer","USA-CA - Promontory B","https://broadcom.wd1.myworkdayjobs.com/en-US/External_Career/job/USA-CA---Promontory-B/Software-Systems-Engineer_R025305","Posted 29 Days Ago",""
"BAH","Unity Developer","Beavercreek, OH","https://bah.wd1.myworkdayjobs.com/en-US/BAH_Jobs/job/Beavercreek-OH/Unity-Developer_R0235549","Posted 6 Days Ago",""
"BAH","University, Applied AI Intern","Washington, DC","https://bah.wd1.myworkdayjobs.com/en-US/BAH_Jobs/job/Washington-DC/University--Applied-AI-Intern_R0236820","Posted 6 Days Ago",""
"BAH","AI & ML Engineer","Chantilly, VA","https://bah.wd1.myworkdayjobs.com/en-US/BAH_Jobs/job/Chantilly-VA/AI---ML-Engineer_R0236639","Posted 6 Days Ago",""
"Broadcom ","Field Applications Engineer","USA-Pennsylvania - Remote location","https://broadcom.wd1.myworkdayjobs.com/en-US/External_Career/job/USA-Pennsylvania---Remote-location/Field-Applications-Engineer_R025185","Posted 30+ Days Ago",""
"BorgWarner","Market Research Intern (Year-Round)","Kokomo Technical Center - Indiana - USA","https://borgwarner.wd5.myworkdayjobs.com/en-US/BorgWarner_Careers/job/Kokomo-Technical-Center---Indiana---USA/Market-Research-Intern--Year-Round-_R2026-0530","Posted 30+ Days Ago",""
"BorgWarner","Applications Engineer","Dixon - Illinois - USA","https://borgwarner.wd5.myworkdayjobs.com/en-US/BorgWarner_Careers/job/Dixon---Illinois---USA/Applications-Engineer_R2026-0459","Posted 30+ Days Ago",""
"Becton Dickinson’s Integrated Diagnostics Systems","Software Engineer","USA CA - San Diego TC Bldg C&D","https://bdx.wd1.myworkdayjobs.com/en-US/EXTERNAL_CAREER_SITE_USA/job/USA-CA---San-Diego-TC-Bldg-CD/Software-Engineer_R-539909-1","Posted 20 Days Ago",""
"Becton Dickinson’s Integrated Diagnostics Systems","Clinical Complaint Risk Analyst","USA GA - Covington BMD","https://bdx.wd1.myworkdayjobs.com/en-US/EXTERNAL_CAREER_SITE_USA/job/USA-GA---Covington-BMD/Clinical-Complaint-Risk-Analyst_R-539790-1","Posted 21 Days Ago",""
"BorgWarner","Global Commodity Intern","Auburn Hills - Michigan - USA","https://borgwarner.wd5.myworkdayjobs.com/en-US/BorgWarner_Careers/job/Auburn-Hills---Michigan---USA/Global-Commodity-Intern_R2026-0340-1","Posted 30+ Days Ago",""
"BAH","CNO Software Developer","Annapolis Junction, MD","https://bah.wd1.myworkdayjobs.com/en-US/BAH_Jobs/job/Annapolis-Junction-MD/CNO-Software-Developer_R0226196","Posted 6 Days Ago",""
"BAH","Cloud Architect","McLean, VA","https://bah.wd1.myworkdayjobs.com/en-US/BAH_Jobs/job/McLean-VA/Cloud-Architect_R0236526","Posted 6 Days Ago",""
"BAH","Cloud Engineer","McLean, VA","https://bah.wd1.myworkdayjobs.com/en-US/BAH_Jobs/job/McLean-VA/Cloud-Engineer_R0236524","Posted 6 Days Ago",""
"BAH","Data Engineer, Mid","Huntsville, AL","https://bah.wd1.myworkdayjobs.com/en-US/BAH_Jobs/job/Huntsville-AL/Data-Engineer--Mid_R0236485","Posted 6 Days Ago",""
"BAH","Data Engineer","Offutt AFB, NE","https://bah.wd1.myworkdayjobs.com/en-US/BAH_Jobs/job/Offutt-AFB-NE/Data-Engineer_R0236615-1","Posted 6 Days Ago",""
"Broadcom ","Field Applications Engineer","USA-California-San Jose-1320 Ridder Park Drive","https://broadcom.wd1.myworkdayjobs.com/en-US/External_Career/job/USA-California-San-Jose-1320-Ridder-Park-Drive/Field-Applications-Engineer_R024613","Posted 30+ Days Ago",""
"Broadcom ","Field Applications Engineer","USA-California-San Jose-1320 Ridder Park Drive","https://broadcom.wd1.myworkdayjobs.com/en-US/External_Career/job/USA-California-San-Jose-1320-Ridder-Park-Drive/Field-Applications-Engineer_R024614","Posted 30+ Days Ago",""
"Broadcom ","International Payroll Analyst","USA-Colorado-Colorado Springs-4420 Arrowswest Drive","https://broadcom.wd1.myworkdayjobs.com/en-US/External_Career/job/USA-Colorado-Colorado-Springs-4420-Arrowswest-Drive/International-Payroll-Analyst_R024828","Posted 30+ Days Ago",""
"BAH","Data Visualization Engineer","Monterey, CA","https://bah.wd1.myworkdayjobs.com/en-US/BAH_Jobs/job/Monterey-CA/Data-Visualization-Engineer_R0236473","Posted 6 Days Ago",""
"BAH","DevOps Infrastructure Engineer","Nellis AFB, NV","https://bah.wd1.myworkdayjobs.com/en-US/BAH_Jobs/job/Nellis-AFB-NV/DevOps-Infrastructure-Engineer_R0236584","Posted 6 Days Ago",""
"BAH","Full Stack Developer","Ashburn, VA","https://bah.wd1.myworkdayjobs.com/en-US/BAH_Jobs/job/Ashburn-VA/Full-Stack-Developer_R0235470","Posted 6 Days Ago",""
"BAH","Full Stack Developer","Ashburn, VA","https://bah.wd1.myworkdayjobs.com/en-US/BAH_Jobs/job/Ashburn-VA/Full-Stack-Developer_R0235472","Posted 6 Days Ago",""
"BAH","Full-Stack Developer","Ashburn, VA","https://bah.wd1.myworkdayjobs.com/en-US/BAH_Jobs/job/Ashburn-VA/Full-Stack-Developer_R0235510","Posted 6 Days Ago",""
"BorgWarner","Jr. System Bench Architect Intern","Kokomo Technical Center - Indiana - USA","https://borgwarner.wd5.myworkdayjobs.com/en-US/BorgWarner_Careers/job/Kokomo-Technical-Center---Indiana---USA/Jr-System-Bench-Architect-Intern_R2025-3726-1","Posted 30+ Days Ago",""
"BorgWarner","Systems Integration Engineer Intern","Kokomo Technical Center - Indiana - USA","https://borgwarner.wd5.myworkdayjobs.com/en-US/BorgWarner_Careers/job/Kokomo-Technical-Center---Indiana---USA/Systems-Integration-Engineer-Intern_R2025-3645","Posted 30+ Days Ago",""
"BorgWarner","Advanced Inverter Electrical Engineering Intern","Kokomo Technical Center - Indiana - USA","https://borgwarner.wd5.myworkdayjobs.com/en-US/BorgWarner_Careers/job/Kokomo-Technical-Center---Indiana---USA/Advanced-Inverter-Electrical-Engineering-Intern_R2025-3624","Posted 30+ Days Ago",""
"BorgWarner","eHardware Engineering Intern","Kokomo Technical Center - Indiana - USA","https://borgwarner.wd5.myworkdayjobs.com/en-US/BorgWarner_Careers/job/Kokomo-Technical-Center---Indiana---USA/eHardware-Engineering-Intern_R2025-3621","Posted 30+ Days Ago",""
"BorgWarner","eHardware Engineering Intern","Kokomo Technical Center - Indiana - USA","https://borgwarner.wd5.myworkdayjobs.com/en-US/BorgWarner_Careers/job/Kokomo-Technical-Center---Indiana---USA/eHardware-Engineering-Intern_R2025-3620","Posted 30+ Days Ago",""
"Broadcom ","R&D Software Engineer","USA-IL Lisle Warrenville Road","https://broadcom.wd1.myworkdayjobs.com/en-US/External_Career/job/USA-IL-Lisle-Warrenville-Road/R-D-Software-Engineer-4_R024313","Posted 30+ Days Ago",""
"Broadcom ","Software Engineer","USA-CA San Jose Innovation Drive","https://broadcom.wd1.myworkdayjobs.com/en-US/External_Career/job/USA-CA-San-Jose-Innovation-Drive/Software-Engineer_R025018","Posted 30+ Days Ago",""
"BAH","Modeling and Simulation Software Engineer","Beavercreek, OH","https://bah.wd1.myworkdayjobs.com/en-US/BAH_Jobs/job/Beavercreek-OH/Modeling-and-Simulation-Software-Engineer_R0236527","Posted 6 Days Ago",""
"Broadcom ","Software Engineer","USA-CA - Promontory B","https://broadcom.wd1.myworkdayjobs.com/en-US/External_Career/job/USA-CA---Promontory-B/Software-Engineer_R024961","Posted 30+ Days Ago",""
"Broadcom ","R&D Software Engineer 2","USA-TX Plano Legacy Drive Suite 700","https://broadcom.wd1.myworkdayjobs.com/en-US/External_Career/job/USA-TX-Plano-Legacy-Drive-Suite-700/R-D-Software-Engineer-2_R024871","Posted 30+ Days Ago",""
"Broadcom ","Mainframe Software Development Engineer","USA-IL Lisle Warrenville Road","https://broadcom.wd1.myworkdayjobs.com/en-US/External_Career/job/USA-IL-Lisle-Warrenville-Road/Mainframe-Software-Development-Engineer_R024874","Posted 30+ Days Ago",""
"Broadcom ","Mainframe Software Development Engineer","USA-IL Lisle Warrenville Road","https://broadcom.wd1.myworkdayjobs.com/en-US/External_Career/job/USA-IL-Lisle-Warrenville-Road/Mainframe-Software-Development-Engineer_R024873","Posted 30+ Days Ago",""
"Broadcom ","Software Development Engineer in Test (SDET)","USA-IL Lisle Warrenville Road","https://broadcom.wd1.myworkdayjobs.com/en-US/External_Career/job/USA-IL-Lisle-Warrenville-Road/Software-Development-Engineer-in-Test--SDET-_R024872","Posted 30+ Days Ago",""
"Broadcom ","Solution Architect - Modern Applications","USA-Colorado-Colorado Springs-4420 Arrowswest Drive","https://broadcom.wd1.myworkdayjobs.com/en-US/External_Career/job/USA-Colorado-Colorado-Springs-4420-Arrowswest-Drive/Solution-Architect---Modern-Applications_R024552","Posted 30+ Days Ago",""
"cadence","Software Intern","AUSTIN","https://cadence.wd1.myworkdayjobs.com/en-US/External_Careers/job/AUSTIN/Software-Intern_R52911-2","Posted 10 Days Ago",""
"cadence","Software Intern","AUSTIN","https://cadence.wd1.myworkdayjobs.com/en-US/External_Careers/job/AUSTIN/Software-Intern_R53568-1","Posted 10 Days Ago",""
"Broadcom ","Software Engineer, Network Drivers for High Speed Ethernet NIC","USA-CA San Jose Innovation Drive","https://broadcom.wd1.myworkdayjobs.com/en-US/External_Career/job/USA-CA-San-Jose-Innovation-Drive/Software-Engineer--Network-Drivers-for-High-Speed-Ethernet-NIC_R024447-1","Posted 30+ Days Ago",""
"Becton Dickinson’s Integrated Diagnostics Systems","Captain, Flight Operations","USA NJ - Morristown Flight Operations","https://bdx.wd1.myworkdayjobs.com/en-US/EXTERNAL_CAREER_SITE_USA/job/USA-NJ---Morristown-Flight-Operations/Captain--Flight-Operations_R-532603-1","Posted 30+ Days Ago",""
"Broadcom ","Software Development Engineer in Test (SDET)","USA-TX Plano Legacy Drive Suite 700","https://broadcom.wd1.myworkdayjobs.com/en-US/External_Career/job/USA-TX-Plano-Legacy-Drive-Suite-700/Software-Development-Engineer-in-Test--SDET-_R024197","Posted 30+ Days Ago",""
"BAH","Software Engineer","Fort Meade, MD","https://bah.wd1.myworkdayjobs.com/en-US/BAH_Jobs/job/Fort-Meade-MD/Software-Engineer_R0226678","Posted 6 Days Ago",""
"BAH","Systems Administrator Intern","Annapolis Junction, MD","https://bah.wd1.myworkdayjobs.com/en-US/BAH_Jobs/job/Annapolis-Junction-MD/Systems-Administrator-Intern_R0236537","Posted 6 Days Ago",""
"BAH","Systems Infrastructure Engineer","Aurora, CO","https://bah.wd1.myworkdayjobs.com/en-US/BAH_Jobs/job/Aurora-CO/Systems-Infrastructure-Engineer_R0235350","Posted 6 Days Ago",""
"BAH","AI Engineer","El Segundo, CA","https://bah.wd1.myworkdayjobs.com/en-US/BAH_Jobs/job/El-Segundo-CA/AI-Engineer_R0236323","Posted 6 Days Ago",""
"cadence","Intern-Software Engineering","HOME MI","https://cadence.wd1.myworkdayjobs.com/en-US/External_Careers/job/HOME-MI/Intern-Software-Engineering_R53788","Posted 19 Days Ago",""
"BAH","AI/ML Engineer, Mid","Washington, DC","https://bah.wd1.myworkdayjobs.com/en-US/BAH_Jobs/job/Washington-DC/AI-ML-Engineer--Mid_R0234116-1","Posted 6 Days Ago",""
"BAH","AI Solution Architect","San Diego, CA","https://bah.wd1.myworkdayjobs.com/en-US/BAH_Jobs/job/San-Diego-CA/AI-Solution-Architect_R0236368","Posted 6 Days Ago",""
"BAH","AI Systems Engineer and Solutions Architect","McLean, VA","https://bah.wd1.myworkdayjobs.com/en-US/BAH_Jobs/job/McLean-VA/AI-Systems-Engineer-and-Solutions-Architect_R0236432","Posted 6 Days Ago",""
"BAH","Agentic AI Solutions Architect","Chantilly, VA","https://bah.wd1.myworkdayjobs.com/en-US/BAH_Jobs/job/Chantilly-VA/Agentic-AI-Solutions-Architect_R0228049","Posted 6 Days Ago",""
"BAH","C-UAS Training Integrator","Fayetteville, NC","https://bah.wd1.myworkdayjobs.com/en-US/BAH_Jobs/job/Fayetteville-NC/C-UAS-Training-Integrator_R0236160","Posted 6 Days Ago",""
"BAH","Cloud Architect","McLean, VA","https://bah.wd1.myworkdayjobs.com/en-US/BAH_Jobs/job/McLean-VA/Cloud-Architect_R0236318","Posted 6 Days Ago",""
"Becton Dickinson’s Integrated Diagnostics Systems","Data Engineer II","USA CA - Irvine Laguna Canyon","https://bdx.wd1.myworkdayjobs.com/en-US/EXTERNAL_CAREER_SITE_USA/job/USA-CA---Irvine-Laguna-Canyon/Data-Engineer-II_R-535864-1","Posted 30+ Days Ago",""
"Becton Dickinson’s Integrated Diagnostics Systems","Training Operator","USA TX - El Paso - Northwestern Dr.","https://bdx.wd1.myworkdayjobs.com/en-US/EXTERNAL_CAREER_SITE_USA/job/USA-TX---El-Paso---Northwestern-Dr/Training-Operator_R-538749-1","Posted 30+ Days Ago",""
"cadence","Data Center Operations Engineer","Santa Fe, New Mexico","https://cadence.wd1.myworkdayjobs.com/en-US/External_Careers/job/Santa-Fe-New-Mexico/Data-Center-Operations-Engineer_R53552-1","Posted 21 Days Ago",""
"BAH","Data Analyst","Charlottesville, VA","https://bah.wd1.myworkdayjobs.com/en-US/BAH_Jobs/job/Charlottesville-VA/Data-Analyst_R0236319","Posted 6 Days Ago",""
"BAH","Data Architect","Albuquerque, NM","https://bah.wd1.myworkdayjobs.com/en-US/BAH_Jobs/job/Albuquerque-NM/Data-Architect_R0236266","Posted 6 Days Ago",""
"BAH","Data Conversion Developer","McLean, VA","https://bah.wd1.myworkdayjobs.com/en-US/BAH_Jobs/job/McLean-VA/Data-Conversion-Developer_R0235863-1","Posted 6 Days Ago",""
"BAH","Data Scientist, Mid","Arlington, VA","https://bah.wd1.myworkdayjobs.com/en-US/BAH_Jobs/job/Arlington-VA/Data-Scientist--Mid_R0235190","Posted 6 Days Ago",""
"BAH","Data Scientist, Mid","Alexandria, VA","https://bah.wd1.myworkdayjobs.com/en-US/BAH_Jobs/job/Alexandria-VA/Data-Scientist--Mid_R0235353","Posted 6 Days Ago",""
"BAH","Data Scientist, Mid","Arlington, VA","https://bah.wd1.myworkdayjobs.com/en-US/BAH_Jobs/job/Arlington-VA/Data-Scientist--Mid_R0236544","Posted 6 Days Ago",""
"BAH","Data Scientist","Washington, DC","https://bah.wd1.myworkdayjobs.com/en-US/BAH_Jobs/job/Washington-DC/Data-Scientist_R0236207-1","Posted 6 Days Ago",""
"BAH","Enterprise Integration Developer","McLean, VA","https://bah.wd1.myworkdayjobs.com/en-US/BAH_Jobs/job/McLean-VA/Enterprise-Integration-Developer_R0236339","Posted 6 Days Ago",""
"Becton Dickinson’s Integrated Diagnostics Systems","Junior Associate - Summer 2026","USA RI - Warwick","https://bdx.wd1.myworkdayjobs.com/en-US/EXTERNAL_CAREER_SITE_USA/job/USA-RI---Warwick/Junior-Associate---Summer-2026_R-532831","Posted 30+ Days Ago",""
"BAH","Proposal Content Developer","McLean, VA","https://bah.wd1.myworkdayjobs.com/en-US/BAH_Jobs/job/McLean-VA/Proposal-Content-Developer_R0236253","Posted 6 Days Ago",""
"BAH","Software Developer","Fort Meade, MD","https://bah.wd1.myworkdayjobs.com/en-US/BAH_Jobs/job/Fort-Meade-MD/Software-Developer_R0236271","Posted 6 Days Ago",""
"BAH","AI & ML Engineer","Chantilly, VA","https://bah.wd1.myworkdayjobs.com/en-US/BAH_Jobs/job/Chantilly-VA/AI---ML-Engineer_R0233490","Posted 6 Days Ago",""
"BAH","Automation Infrastructure Engineer","Ashburn, VA","https://bah.wd1.myworkdayjobs.com/en-US/BAH_Jobs/job/Ashburn-VA/Automation-Infrastructure-Engineer_R0236137","Posted 6 Days Ago",""
"BAH","CNO Analyst and Programmer","Annapolis Junction, MD","https://bah.wd1.myworkdayjobs.com/en-US/BAH_Jobs/job/Annapolis-Junction-MD/CNO-Analyst-and-Programmer_R0226189","Posted 6 Days Ago",""
"BAH","CNO Analyst and Programmer","Annapolis Junction, MD","https://bah.wd1.myworkdayjobs.com/en-US/BAH_Jobs/job/Annapolis-Junction-MD/CNO-Analyst-and-Programmer_R0226190","Posted 6 Days Ago",""
"BAH","CNO Developer","Annapolis Junction, MD","https://bah.wd1.myworkdayjobs.com/en-US/BAH_Jobs/job/Annapolis-Junction-MD/CNO-Developer_R0226193","Posted 6 Days Ago",""
"BAH","CNO Software Engineer","Annapolis Junction, MD","https://bah.wd1.myworkdayjobs.com/en-US/BAH_Jobs/job/Annapolis-Junction-MD/CNO-Software-Engineer_R0236049","Posted 6 Days Ago",""
"BAH","CNO Software Engineer","Annapolis Junction, MD","https://bah.wd1.myworkdayjobs.com/en-US/BAH_Jobs/job/Annapolis-Junction-MD/CNO-Software-Engineer_R0236195","Posted 6 Days Ago",""
"BAH","CNO Software Engineer","Annapolis Junction, MD","https://bah.wd1.myworkdayjobs.com/en-US/BAH_Jobs/job/Annapolis-Junction-MD/CNO-Software-Engineer_R0236196","Posted 6 Days Ago",""
"BAH","CNO Software Engineer","Annapolis Junction, MD","https://bah.wd1.myworkdayjobs.com/en-US/BAH_Jobs/job/Annapolis-Junction-MD/CNO-Software-Engineer_R0236198","Posted 6 Days Ago",""
"Becton Dickinson’s Integrated Diagnostics Systems","Business Intelligence Developer (Power BI) - Tempe, AZ","USA AZ - Tempe Headquarters","https://bdx.wd1.myworkdayjobs.com/en-US/EXTERNAL_CAREER_SITE_USA/job/USA-AZ---Tempe-Headquarters/Business-Intelligence-Developer--Power-BI-_R-537168-1","Posted 27 Days Ago",""
"Becton Dickinson’s Integrated Diagnostics Systems","Molding Engineer Intern","USA NE - Columbus (East)","https://bdx.wd1.myworkdayjobs.com/en-US/EXTERNAL_CAREER_SITE_USA/job/USA-NE---Columbus-East/Engineering-Intern_R-535277","Posted 30 Days Ago",""
"cadence","Software Engineer","AUSTIN","https://cadence.wd1.myworkdayjobs.com/en-US/External_Careers/job/AUSTIN/Software-Engineer_R52472","Posted 30+ Days Ago",""
"BAH","Data Scientist","Fort Meade, MD","https://bah.wd1.myworkdayjobs.com/en-US/BAH_Jobs/job/Fort-Meade-MD/Data-Scientist_R0229687-1","Posted 6 Days Ago",""
"BAH","Data Scientist","Ashburn, VA","https://bah.wd1.myworkdayjobs.com/en-US/BAH_Jobs/job/Ashburn-VA/Data-Scientist_R0235384","Posted 6 Days Ago",""
"BAH","Data Scientist","Arlington, VA","https://bah.wd1.myworkdayjobs.com/en-US/BAH_Jobs/job/Arlington-VA/Data-Scientist_R0236135","Posted 6 Days Ago",""
"BAH","Data Visualization Analyst","Bremerton, WA","https://bah.wd1.myworkdayjobs.com/en-US/BAH_Jobs/job/Bremerton-WA/Data-Visualization-Analyst_R0235105","Posted 6 Days Ago",""
"BAH","Data and Visualization Engineer","Monterey, CA","https://bah.wd1.myworkdayjobs.com/en-US/BAH_Jobs/job/Monterey-CA/Data-and-Visualization-Engineer_R0235956","Posted 6 Days Ago",""
"BAH","Frameworks Developer, Mid","Reston, VA","https://bah.wd1.myworkdayjobs.com/en-US/BAH_Jobs/job/Reston-VA/Frameworks-Developer--Mid_R0235624","Posted 6 Days Ago",""
"BAH","Front End Developer, Mid","Reston, VA","https://bah.wd1.myworkdayjobs.com/en-US/BAH_Jobs/job/Reston-VA/Front-End-Developer--Mid_R0235622","Posted 6 Days Ago",""
"BAH","Front End Developer, Mid","Herndon, VA","https://bah.wd1.myworkdayjobs.com/en-US/BAH_Jobs/job/Herndon-VA/Front-End-Developer--Mid_R0236106","Posted 6 Days Ago",""
"Cape","Software Engineer","New York, NY","https://jobs.ashbyhq.com/cape/87e4fac9-9193-40d7-9b28-dbc73e55615c","2023-06-16T21:04:51.192+00:00",""
"Cape","Software Engineer - iOS","New York, NY","https://jobs.ashbyhq.com/cape/72b03d27-d02b-4aca-915d-b9409feff11b","2025-05-28T14:04:58.590+00:00",""
"Cape","Software Engineer - Android","New York, NY","https://jobs.ashbyhq.com/cape/c2b9c1b7-ae65-4e1a-928b-47360274a3ee","2025-09-11T15:20:24.088+00:00",""
"Cape","Full Stack Software Engineer","New York, NY","https://jobs.ashbyhq.com/cape/991713f3-ea5b-4887-8d94-41df776a1a6f","2026-02-12T21:56:10.933+00:00",""
"Cape","Data Scientist","New York, NY","https://jobs.ashbyhq.com/cape/28a221f6-59b3-4777-8c29-3611188e395f","2026-03-23T16:33:36.806+00:00",""
"BAH","Front End Software Engineer","McLean, VA","https://bah.wd1.myworkdayjobs.com/en-US/BAH_Jobs/job/McLean-VA/Front-End-Software-Engineer_R0231103","Posted 6 Days Ago",""
"BAH","Full-Stack Developer","Huntsville, AL","https://bah.wd1.myworkdayjobs.com/en-US/BAH_Jobs/job/Huntsville-AL/Full-Stack-Developer_R0228191","Posted 6 Days Ago",""
"BAH","Full Stack Developer","McLean, VA","https://bah.wd1.myworkdayjobs.com/en-US/BAH_Jobs/job/McLean-VA/Full-Stack-Developer_R0231101","Posted 6 Days Ago",""
"BAH","Full Stack Software Engineer","Chantilly, VA","https://bah.wd1.myworkdayjobs.com/en-US/BAH_Jobs/job/Chantilly-VA/Full-Stack-Software-Engineer_R0236098","Posted 6 Days Ago",""
"BAH","International Program Analyst","San Diego, CA","https://bah.wd1.myworkdayjobs.com/en-US/BAH_Jobs/job/San-Diego-CA/International-Program-Analyst_R0236034","Posted 6 Days Ago",""
"BAH","Live Effects Trainer, Threat Fabrication, and Pilot Specialist","Scottsdale, AZ","https://bah.wd1.myworkdayjobs.com/en-US/BAH_Jobs/job/Scottsdale-AZ/Live-Effects-Trainer--Threat-Fabrication--and-Pilot-Specialist_R0236088-1","Posted 6 Days Ago",""
"BAH","ML Software Engineer","McLean, VA","https://bah.wd1.myworkdayjobs.com/en-US/BAH_Jobs/job/McLean-VA/ML-Software-Engineer_R0231104","Posted 6 Days Ago",""
"BAH","SailPoint Engineer","Arlington, VA","https://bah.wd1.myworkdayjobs.com/en-US/BAH_Jobs/job/Arlington-VA/SailPoint-Engineer_R0236000","Posted 6 Days Ago",""
"BAH","Software Developer","Fayetteville, NC","https://bah.wd1.myworkdayjobs.com/en-US/BAH_Jobs/job/Fayetteville-NC/Software-Developer_R0236059","Posted 6 Days Ago",""
"BAH","UAS Software Engineer","Honolulu, HI","https://bah.wd1.myworkdayjobs.com/en-US/BAH_Jobs/job/Honolulu-HI/UAS-Software-Engineer_R0235002","Posted 6 Days Ago",""
"BAH","Vulnerability Research Engineer and Developer","Chantilly, VA","https://bah.wd1.myworkdayjobs.com/en-US/BAH_Jobs/job/Chantilly-VA/Vulnerability-Research-Engineer-and-Developer_R0231147","Posted 6 Days Ago",""
"BAH","Agentic AI Developer","San Antonio, TX","https://bah.wd1.myworkdayjobs.com/en-US/BAH_Jobs/job/San-Antonio-TX/Agentic-AI-Developer_R0235758","Posted 6 Days Ago",""
"BAH","Agentic AI Developer","San Antonio, TX","https://bah.wd1.myworkdayjobs.com/en-US/BAH_Jobs/job/San-Antonio-TX/Agentic-AI-Developer_R0235759","Posted 6 Days Ago",""
"BAH","Agentic AI and Data Engineer","Honolulu, HI","https://bah.wd1.myworkdayjobs.com/en-US/BAH_Jobs/job/Honolulu-HI/Agentic-AI-and-Data-Engineer_R0234847","Posted 6 Days Ago",""
"BAH","Cloud Solutions Architect","San Diego, CA","https://bah.wd1.myworkdayjobs.com/en-US/BAH_Jobs/job/San-Diego-CA/Cloud-Solutions-Architect_R0235868","Posted 6 Days Ago",""
"BAH","Costpoint Developer","McLean, VA","https://bah.wd1.myworkdayjobs.com/en-US/BAH_Jobs/job/McLean-VA/Costpoint-Developer--Senior_R0230442","Posted 6 Days Ago",""
"Character.AI","Machine Learning Infrastructure Engineer","Redwood City, CA","https://jobs.ashbyhq.com/character/13006848-6a69-4467-9274-5d54e80b965d","2025-04-24T17:17:46.443+00:00",""
"Character.AI","Research Engineer, Post-Training (All Industry Levels)","Redwood City or New York City","https://jobs.ashbyhq.com/character/449bf7c1-41d7-47a4-89a7-0ee0b31f5918","2024-01-24T05:51:56.100+00:00",""
"Character.AI","Software Engineer, Safety","Redwood City, CA","https://jobs.ashbyhq.com/character/65e263f7-5edf-4832-b134-c194f19ea848","2025-11-13T19:21:17.184+00:00",""
"Character.AI","Research Engineer, ML Systems (All Industry Levels)","Redwood City, CA","https://jobs.ashbyhq.com/character/3ab40c3d-63bd-4634-a126-5a3d25d3263b","2024-11-20T17:50:30.978+00:00",""
"Character.AI","Software Engineer, Core Product","Redwood City, CA","https://jobs.ashbyhq.com/character/140e81c9-c989-4e95-9768-f4f6e7f6759c","2025-10-03T22:59:55.457+00:00",""
"Character.AI","Software Engineer, Backend","Redwood City, CA","https://jobs.ashbyhq.com/character/b063d44b-e1fd-4777-8079-573706a589a0","2025-12-08T19:38:59.867+00:00",""
"Character.AI","Software Engineer, Monetization","Redwood City, CA","https://jobs.ashbyhq.com/character/902c3060-f41f-4bb0-b23d-988055e94f3c","2025-10-03T23:55:30.746+00:00",""
"Character.AI","Software Engineer, Backend/Applied ML (Safety & Integrity)","Redwood City, CA","https://jobs.ashbyhq.com/character/690f5ec2-2d7b-4c28-9b4d-d710e7225851","2026-01-07T16:24:25.522+00:00",""
"Character.AI","Research Engineer, AI Safety & Alignment","Redwood City, CA","https://jobs.ashbyhq.com/character/a7ddb640-466f-4a1f-9a94-7465006aad05","2025-10-03T21:34:52.320+00:00",""
"Character.AI","Software Engineer, Applied ML (Discovery, Recommendation & Search)","Redwood City, CA","https://jobs.ashbyhq.com/character/3cfa1472-4f6d-46fa-bd08-f6de0833a53f","2025-12-18T03:00:32.166+00:00",""
"Character.AI","Software Engineer, AI Platform (All Industry Levels)","Redwood City, CA","https://jobs.ashbyhq.com/character/2673e467-097e-43c0-ba0d-83e54b3a9cb1","2026-01-12T19:46:19.042+00:00",""
"Chatham Financial","General Application ","Kennett Square, PA, USA ","https://job-boards.greenhouse.io/chathamfinancial/jobs/2599069","2021-01-20T11:21:10-05:00","2025-07-16T17:41:07-04:00"
"Chatham Financial","Technology General Application ","Kennett Square, PA","https://job-boards.greenhouse.io/chathamfinancial/jobs/3774699","2021-12-28T13:54:04-05:00","2025-07-16T17:41:07-04:00"
"BAH","Data Engineer","Alexandria, VA","https://bah.wd1.myworkdayjobs.com/en-US/BAH_Jobs/job/Alexandria-VA/Data-Engineer_R0235693","Posted 6 Days Ago",""
"BAH","Data Engineer","Offutt AFB, NE","https://bah.wd1.myworkdayjobs.com/en-US/BAH_Jobs/job/Offutt-AFB-NE/Data-Engineer_R0235739","Posted 6 Days Ago",""
"BAH","Data Governance and Standards Specialist","Atlanta, GA","https://bah.wd1.myworkdayjobs.com/en-US/BAH_Jobs/job/Atlanta-GA/Data-Governance-and-Standards-Specialist_R0235874","Posted 6 Days Ago",""
"BAH","DevOps Platform Engineer","Rome, NY","https://bah.wd1.myworkdayjobs.com/en-US/BAH_Jobs/job/Rome-NY/DevOps-Platform-Engineer_R0229359","Posted 6 Days Ago",""
"BAH","Enterprise Reporting Data Scientist","McLean, VA","https://bah.wd1.myworkdayjobs.com/en-US/BAH_Jobs/job/McLean-VA/Enterprise-Reporting-Data-Scientist_R0235489","Posted 6 Days Ago",""
"careers","Engineering Intern","Paeonian Springs, VA USA","https://viavisolutions.wd1.myworkdayjobs.com/en-US/careers/job/Paeonian-Springs-VA-USA/Engineering-Intern_260004496-1","Posted 2 Days Ago",""
"BAH","Investment Modeling and Venture Capital SME","Gaithersburg, MD","https://bah.wd1.myworkdayjobs.com/en-US/BAH_Jobs/job/Gaithersburg-MD/Financial-Modeling-and-Venture-Capital-SME_R0232153","Posted 6 Days Ago",""
"BAH","Full Stack Software Developer","Chantilly, VA","https://bah.wd1.myworkdayjobs.com/en-US/BAH_Jobs/job/Chantilly-VA/Full-Stack-Software-Developer_R0226707","Posted 6 Days Ago",""
"BAH","Human Resources Sustainment Planner","Fort Leavenworth, KS","https://bah.wd1.myworkdayjobs.com/en-US/BAH_Jobs/job/Fort-Leavenworth-KS/Human-Resources-Sustainment-Planner_R0235999","Posted 6 Days Ago",""
"careers","Intern - MS","Bothell, WA USA","https://viavisolutions.wd1.myworkdayjobs.com/en-US/careers/job/Bothell-WA-USA/Intern---MS_260004476-1","Posted 15 Days Ago",""
"careers","Test Engineering Intern","Lenexa, KS, USA","https://viavisolutions.wd1.myworkdayjobs.com/en-US/careers/job/Lenexa-KS-USA/Test-Engineering-Intern_260004439-1","Posted 16 Days Ago",""
"careers","Engineering Intern","Home Office, USA","https://viavisolutions.wd1.myworkdayjobs.com/en-US/careers/job/Home-Office-USA/Engineering-Intern_260004229-1","Posted 30+ Days Ago",""
"careers","Hardware Engineering Co-Op","Germantown, MD USA","https://viavisolutions.wd1.myworkdayjobs.com/en-US/careers/job/Germantown-MD-USA/Hardware-Engineering-Co-Op_260004326-1","Posted 30+ Days Ago",""
"careers","Software Engineering Co-Op","Germantown, MD USA","https://viavisolutions.wd1.myworkdayjobs.com/en-US/careers/job/Germantown-MD-USA/Software-Engineering-Co-Op_260004327-1","Posted 30+ Days Ago",""
"BAH","ServiceNow Developer","Bremerton, WA","https://bah.wd1.myworkdayjobs.com/en-US/BAH_Jobs/job/Bremerton-WA/ServiceNow-Developer_R0235845","Posted 6 Days Ago",""
"BAH","Space Domain Awareness M&S SME","Colorado Springs, CO","https://bah.wd1.myworkdayjobs.com/en-US/BAH_Jobs/job/Colorado-Springs-CO/Space-Domain-Awareness-M-S-SME_R0235825","Posted 6 Days Ago",""
"BAH","Sustainment Planner","Fort Leavenworth, KS","https://bah.wd1.myworkdayjobs.com/en-US/BAH_Jobs/job/Fort-Leavenworth-KS/Sustainment-Planner-Lead_R0235994","Posted 6 Days Ago",""
"BAH","Sustainment Planner","Fort Leavenworth, KS","https://bah.wd1.myworkdayjobs.com/en-US/BAH_Jobs/job/Fort-Leavenworth-KS/Sustainment-Planner_R0235996","Posted 6 Days Ago",""
"BAH","Sustainment Plans Writer","Fort Leavenworth, KS","https://bah.wd1.myworkdayjobs.com/en-US/BAH_Jobs/job/Fort-Leavenworth-KS/Sustainment-Plans-Writer_R0235979-1","Posted 6 Days Ago",""
"careers","RF Electronic Warfare Applications Engineer","Wichita, KS USA","https://viavisolutions.wd1.myworkdayjobs.com/en-US/careers/job/Wichita-KS-USA/Product-Line-Applications-Engineer_250003718-1","Posted 30+ Days Ago",""
"BAH","AI DevOps Engineer","Washington, DC","https://bah.wd1.myworkdayjobs.com/en-US/BAH_Jobs/job/Washington-DC/AI-DevOps-Engineer_R0235677","Posted 6 Days Ago",""
"BAH","Back End Software Engineer","Chantilly, VA","https://bah.wd1.myworkdayjobs.com/en-US/BAH_Jobs/job/Chantilly-VA/Back-End-Software-Engineer_R0226537","Posted 6 Days Ago",""
"BAH","Cloud Computing Application Architect, Mid","Chantilly, VA","https://bah.wd1.myworkdayjobs.com/en-US/BAH_Jobs/job/Chantilly-VA/Cloud-Computing-Application-Architect--Mid_R0230454","Posted 6 Days Ago",""
"BAH","Cloud Engineer","Albuquerque, NM","https://bah.wd1.myworkdayjobs.com/en-US/BAH_Jobs/job/Albuquerque-NM/Cloud-Engineer_R0235106","Posted 6 Days Ago",""
"BAH","Cloud Engineer","Arlington, VA","https://bah.wd1.myworkdayjobs.com/en-US/BAH_Jobs/job/Arlington-VA/Cloud-Engineer_R0235411","Posted 6 Days Ago",""
"BAH","Cloud Engineer","Dayton, OH","https://bah.wd1.myworkdayjobs.com/en-US/BAH_Jobs/job/Dayton-OH/Cloud-Engineer_R0235635","Posted 6 Days Ago",""
"BAH","Data Engineer","Washington, DC","https://bah.wd1.myworkdayjobs.com/en-US/BAH_Jobs/job/Washington-DC/Data-Engineer_R0235328","Posted 6 Days Ago",""
"BAH","Data Scientist, Mid","Fort Meade, MD","https://bah.wd1.myworkdayjobs.com/en-US/BAH_Jobs/job/Fort-Meade-MD/Data-Scientist--Mid_R0228064","Posted 6 Days Ago",""
"BAH","Data Scientist","McLean, VA","https://bah.wd1.myworkdayjobs.com/en-US/BAH_Jobs/job/McLean-VA/Data-Scientist_R0229817","Posted 6 Days Ago",""
"BAH","Data Scientist","San Diego, CA","https://bah.wd1.myworkdayjobs.com/en-US/BAH_Jobs/job/San-Diego-CA/Data-Scientist_R0234221","Posted 6 Days Ago",""
"BAH","Data Scientist","Monterey, CA","https://bah.wd1.myworkdayjobs.com/en-US/BAH_Jobs/job/Monterey-CA/Data-Scientist_R0235523","Posted 6 Days Ago",""
"BAH","Databricks Engineer, Mid","McLean, VA","https://bah.wd1.myworkdayjobs.com/en-US/BAH_Jobs/job/McLean-VA/Databricks-Engineer--Mid_R0232557","Posted 6 Days Ago",""
"BAH","DevOps Engineer, Mid","Chantilly, VA","https://bah.wd1.myworkdayjobs.com/en-US/BAH_Jobs/job/Chantilly-VA/DevOps-Engineer--Mid_R0230456","Posted 6 Days Ago",""
"BAH","Electronic Warfare Software Engineer","Beavercreek, OH","https://bah.wd1.myworkdayjobs.com/en-US/BAH_Jobs/job/Beavercreek-OH/Electronic-Warfare-Software-Engineer_R0235359","Posted 6 Days Ago",""
"BAH","Front End Software Engineer","Chantilly, VA","https://bah.wd1.myworkdayjobs.com/en-US/BAH_Jobs/job/Chantilly-VA/Front-End-Software-Engineer_R0226522","Posted 6 Days Ago",""
"BAH","Front End Software Engineer","Chantilly, VA","https://bah.wd1.myworkdayjobs.com/en-US/BAH_Jobs/job/Chantilly-VA/Front-End-Software-Engineer_R0226561","Posted 6 Days Ago",""
"BAH","Full Stack Developer","Chantilly, VA","https://bah.wd1.myworkdayjobs.com/en-US/BAH_Jobs/job/Chantilly-VA/Full-Stack-Developer_R0226520","Posted 6 Days Ago",""
"BAH","Full Stack Developer","Chantilly, VA","https://bah.wd1.myworkdayjobs.com/en-US/BAH_Jobs/job/Chantilly-VA/Full-Stack-Developer_R0226528","Posted 6 Days Ago",""
"Chime","Backend Engineer (Chicago)","Chicago, IL, USA","https://boards.greenhouse.io/chime/jobs/8376910002?gh_jid=8376910002","2026-02-03T15:37:20-05:00","2026-03-30T12:02:47-04:00"
"Chime","Mobile Full-Stack Engineer, Multiplayer","San Francisco, CA, USA","https://boards.greenhouse.io/chime/jobs/8457578002?gh_jid=8457578002","2026-03-20T10:55:39-04:00","2026-03-30T12:06:16-04:00"
"Chime","Mobile Software Engineer, Cross Platform","San Francisco, CA, USA","https://boards.greenhouse.io/chime/jobs/8433838002?gh_jid=8433838002","2026-03-12T13:00:57-04:00","2026-03-30T12:05:31-04:00"
"Chime","Software Engineer, Financial Platform","San Francisco, CA, USA","https://boards.greenhouse.io/chime/jobs/8183064002?gh_jid=8183064002","2025-11-05T17:22:20-05:00","2026-03-30T11:59:46-04:00"
"Children's Hospital Medical Center","Pediatrician - Springdale Primary Care and Other Locations","Burnet Campus","https://cincinnatichildrens.wd5.myworkdayjobs.com/en-US/careersatcincinnatichildrens/job/Burnet-Campus/Outpatient--Pediatrician-Opportunities-for-multiple-locations_JR205733","Posted Yesterday",""
"Children's Hospital Medical Center","Anesthesia - Pediatric Chronic Pain Physician - Assistant or Associate Professor","Burnet Campus","https://cincinnatichildrens.wd5.myworkdayjobs.com/en-US/careersatcincinnatichildrens/job/Burnet-Campus/Anesthesia---Pediatric-Chronic-Pain-Physician---Assistant-or-Associate-Professor_JR218662","Posted 2 Days Ago",""
"Children's Hospital Medical Center","Licensed Therapist (LSW or LPC), Psychiatric Intake Response Center (PIRC)","Burnet Campus","https://cincinnatichildrens.wd5.myworkdayjobs.com/en-US/careersatcincinnatichildrens/job/Burnet-Campus/Licensed-Therapist--LSW-or-LPC---Psychiatric-Intake-Response-Center--PIRC-_JR219640","Posted 3 Days Ago",""
"Children's Hospital Medical Center","Pharmacy Technician Trainee","Burnet Campus","https://cincinnatichildrens.wd5.myworkdayjobs.com/en-US/careersatcincinnatichildrens/job/Burnet-Campus/Pharmacy-Technician-Trainee_JR219040","Posted 6 Days Ago",""
"Children's Hospital Medical Center","School Based Dependently Licensed Therapist (LSW or LPC), Southwest School District","Liberty Campus","https://cincinnatichildrens.wd5.myworkdayjobs.com/en-US/careersatcincinnatichildrens/job/Liberty-Campus/School-Based-Dependently-Licensed-Therapist--LSW-or-LPC---Southwest-School-District_JR219639","Posted 6 Days Ago",""
"Children's Hospital Medical Center","Postdoctoral Research Fellow – Nuclear dynamics in heart, muscle, and brain development and disease – Ikegami Lab","Burnet Campus","https://cincinnatichildrens.wd5.myworkdayjobs.com/en-US/careersatcincinnatichildrens/job/Burnet-Campus/Postdoctoral-Research-Fellow---Single-cell-chromatin-biology-and-genomics---Ikegami-Lab_JR128409-1","Posted 9 Days Ago",""
"Children's Hospital Medical Center","Medical Physicist Co-op/Student II","Liberty Campus","https://cincinnatichildrens.wd5.myworkdayjobs.com/en-US/careersatcincinnatichildrens/job/Liberty-Campus/Student-II_JR219381","Posted 14 Days Ago",""
"Children's Hospital Medical Center","Partnership Coordination Specialist - Cradle Cincinnati","Burnet Campus","https://cincinnatichildrens.wd5.myworkdayjobs.com/en-US/careersatcincinnatichildrens/job/Burnet-Campus/Partnership-Coordination-Specialist---Cradle-Cincinnati_JR216455","Posted 16 Days Ago",""
"Children's Hospital Medical Center","Physical Therapist for Inpatient Rehab/FIRST Program","Burnet Campus","https://cincinnatichildrens.wd5.myworkdayjobs.com/en-US/careersatcincinnatichildrens/job/Burnet-Campus/Physical-Therapist-for-Inpatient-Rehab-FIRST-Program_JR218718","Posted 20 Days Ago",""
"Children's Hospital Medical Center","Community Health Worker - Cradle","South Campus","https://cincinnatichildrens.wd5.myworkdayjobs.com/en-US/careersatcincinnatichildrens/job/South-Campus/Community-Health-Worker---Cradle_JR218494","Posted 30+ Days Ago",""
"Children's Hospital Medical Center","Community Health Worker - Cradle","South Campus","https://cincinnatichildrens.wd5.myworkdayjobs.com/en-US/careersatcincinnatichildrens/job/South-Campus/Community-Health-Worker---Cradle_JR218495","Posted 30+ Days Ago",""
"Children's Hospital Medical Center","Respiratory Therapy Student - Trainee","Burnet Campus","https://cincinnatichildrens.wd5.myworkdayjobs.com/en-US/careersatcincinnatichildrens/job/Burnet-Campus/Respiratory-Therapy-Student---Trainee_JR212135","Posted 30+ Days Ago",""
"Ciena","PON Software Engineer - On site - Mansfield, MA","US- MA- Mansfield- 200 Chauncy St","https://ciena.wd5.myworkdayjobs.com/en-US/Careers/job/US--MA--Mansfield--200-Chauncy-St/PON-Software-Engineer---On-site---Mansfield--MA_R030212","Posted 6 Days Ago",""
"Circle","Intern, Product Management","San Francisco - remote first in US","https://circle.wd1.myworkdayjobs.com/en-US/Circle/job/San-Francisco---remote-first-in-US/Intern--Product-Management_JR100924","Posted 23 Days Ago",""
"Children's Hospital Medical Center","Student Co-op -Neonate & Pul Biol","Burnet Campus","https://cincinnatichildrens.wd5.myworkdayjobs.com/en-US/careersatcincinnatichildrens/job/Burnet-Campus/Student-Co-op--Neonate---Pul-Biol_JR216955","Posted 30+ Days Ago",""
"Clear","Data Scientist II (ML Engineering)","New York, New York, United States","https://job-boards.greenhouse.io/clear/jobs/7483038","2026-01-02T10:50:10-05:00","2026-03-04T20:35:21-05:00"
"Clear","Software Engineer, Fullstack","New York, New York, United States ","https://job-boards.greenhouse.io/clear/jobs/7483044","2026-01-06T16:02:36-05:00","2026-03-11T09:41:23-04:00"
"Clear","Software Engineer, Platform","New York, New York, United States","https://job-boards.greenhouse.io/clear/jobs/7428301","2025-11-26T12:31:53-05:00","2026-03-11T09:40:58-04:00"
"Children's Hospital Medical Center","Postdoctoral Research Fellow (Jain) Infectious Diseases","Burnet Campus","https://cincinnatichildrens.wd5.myworkdayjobs.com/en-US/careersatcincinnatichildrens/job/Burnet-Campus/Postdoctoral-Research-Fellow--Jain--Infectious-Diseases_JR215507","Posted 30+ Days Ago",""
"Coinbase","CCO & MLRO, Bermuda","Remote - USA","https://www.coinbase.com/careers/positions/7609636?gh_jid=7609636","2026-02-12T13:44:43-05:00","2026-03-29T22:27:00-04:00"
"Coinbase","Data Protection Engineer","Remote - USA","https://www.coinbase.com/careers/positions/7728786?gh_jid=7728786","2026-03-17T19:57:10-04:00","2026-03-29T22:27:05-04:00"
"Coinbase","Site Reliability Engineer, IT Infrastructure","Remote - USA","https://www.coinbase.com/careers/positions/7559168?gh_jid=7559168","2026-01-22T19:15:48-05:00","2026-03-29T22:26:56-04:00"
"Coinbase","Software Engineer, DevSec","Remote - USA","https://www.coinbase.com/careers/positions/7595352?gh_jid=7595352","2026-02-19T13:43:01-05:00","2026-03-29T22:26:59-04:00"
"Coinbase","Software Engineer - Full Stack (EAA - Compliance)","Remote - USA","https://www.coinbase.com/careers/positions/6233713?gh_jid=6233713","2024-09-16T12:10:18-04:00","2026-03-29T22:26:35-04:00"
"Children's Hospital Medical Center","Postdoctoral Research Fellow- Data & Tech (Rothenberg)- Computational Studies in Allergy and Immunology","Burnet Campus","https://cincinnatichildrens.wd5.myworkdayjobs.com/en-US/careersatcincinnatichildrens/job/Burnet-Campus/Postdoctoral-Research-Fellow--Data---Tech---Computational-Studies-in-Allergy-and-Immunology_JR104634-1","Posted 30+ Days Ago",""
"Children's Hospital Medical Center","Research Assistant III/IV - Infectious Diseases - Jain Lab","Burnet Campus","https://cincinnatichildrens.wd5.myworkdayjobs.com/en-US/careersatcincinnatichildrens/job/Burnet-Campus/Research-Assistant-III-IV---Infectious-Diseases---Jain-Lab_JR215522","Posted 30+ Days Ago",""
"Children's Hospital Medical Center","Respiratory Therapist - Critical Care Transport","Burnet Campus","https://cincinnatichildrens.wd5.myworkdayjobs.com/en-US/careersatcincinnatichildrens/job/Burnet-Campus/Respiratory-Therapist---Critical-Care-Transport_JR200239","Posted 30+ Days Ago",""
"Commvault","Summer Payroll Intern","United States","https://job-boards.greenhouse.io/commvault/jobs/5153450008","2026-03-17T16:51:50-04:00","2026-03-23T11:09:36-04:00"
"Citi","BANAMEX Analista de Capital Humano en experiencia y atención al colaborador","Ciudad De Mexico Distrito Federal Mexico","https://citi.wd5.myworkdayjobs.com/en-US/2/job/Ciudad-De-Mexico-Distrito-Federal-Mexico/BANAMEX-Analista-de-Capital-Humano-en-experiencia-y-atencin-al-colaborador_26951713","Posted Today",""
"Core Weave","AI Engineer- Gen AI/SWE- Weights & Biases","Livingston, NJ / New York, NY / San Francisco, CA / Sunnyvale, CA / Bellevue, WA / Remove - US","https://coreweave.com/careers/job?4602115006&board=coreweave&gh_jid=4602115006","2025-09-16T14:50:58-04:00","2026-03-25T01:19:10-04:00"
"Core Weave","Data Center Apprentice Program","Afton, TX / Denton, TX / Ellendale, ND","https://coreweave.com/careers/job?4659635006&board=coreweave&gh_jid=4659635006","2026-03-03T16:39:20-05:00","2026-04-01T16:05:32-04:00"
"Core Weave","Data Center Technician - Afton, TX"," Afton, TX","https://coreweave.com/careers/job?4619658006&board=coreweave&gh_jid=4619658006","2025-11-19T16:21:58-05:00","2026-04-01T16:23:45-04:00"
"Core Weave","Data Center Technician - Dalton","Dalton, GA","https://coreweave.com/careers/job?4613586006&board=coreweave&gh_jid=4613586006","2025-10-28T10:47:30-04:00","2026-04-01T16:24:26-04:00"
"Core Weave","Data Center Technician - Ellendale, ND","Ellendale, ND","https://coreweave.com/careers/job?4579319006&board=coreweave&gh_jid=4579319006","2025-06-26T13:06:29-04:00","2026-03-25T01:19:10-04:00"
"Core Weave","Data Center Technician - Lowell, MA","Lowell, MA","https://coreweave.com/careers/job?4647328006&board=coreweave&gh_jid=4647328006","2026-01-22T13:51:54-05:00","2026-04-01T16:25:00-04:00"
"Core Weave","Data Center Technician - Muskogee","Muskogee, OK","https://coreweave.com/careers/job?4621173006&board=coreweave&gh_jid=4621173006","2025-11-25T14:31:35-05:00","2026-04-01T16:25:31-04:00"
"Core Weave","Data Center Transaction Analyst","Sunnyvale, CA / Bellevue, WA / Livingston, NJ / New York, NY / Richmond, VA","https://coreweave.com/careers/job?4650942006&board=coreweave&gh_jid=4650942006","2026-02-03T15:37:55-05:00","2026-03-31T11:50:51-04:00"
"Core Weave","GPU Performance Software Engineer","Sunnyvale, CA","https://coreweave.com/careers/job?4627287006&board=coreweave&gh_jid=4627287006","2025-12-18T17:58:00-05:00","2026-03-25T17:15:02-04:00"
"Core Weave","People Business Partner - Data Center Operations","Livingston, NJ / New York, NY ","https://coreweave.com/careers/job?4658048006&board=coreweave&gh_jid=4658048006","2026-02-27T14:04:25-05:00","2026-04-01T17:26:26-04:00"
"Core Weave","Revenue Data Integrity Associate","Philadelphia, PA / New York, NY ","https://coreweave.com/careers/job?4662782006&board=coreweave&gh_jid=4662782006","2026-03-12T17:51:28-04:00","2026-03-25T01:19:10-04:00"
"Core Weave","Software Enablement Specialist","Livingston, NJ / New York, NY / Philadelphia, PA","https://coreweave.com/careers/job?4662787006&board=coreweave&gh_jid=4662787006","2026-03-12T18:43:43-04:00","2026-03-25T01:19:10-04:00"
"Core Weave","Software Engineer II - Artifact Management","Livingston, NJ / New York, NY / Sunnyvale, CA / Bellevue, WA","https://coreweave.com/careers/job?4612803006&board=coreweave&gh_jid=4612803006","2025-10-24T09:03:25-04:00","2026-04-01T17:16:04-04:00"
"Core Weave","Software Engineer, Inference AI/ML"," Sunnyvale, CA / Bellevue, WA","https://coreweave.com/careers/job?4609928006&board=coreweave&gh_jid=4609928006","2025-10-24T14:18:12-04:00","2026-04-02T14:29:09-04:00"
"Core Weave","Software Engineer, Kubernetes","Livingston, NJ / New York, NY / Sunnyvale, CA / Bellevue, WA","https://coreweave.com/careers/job?4577764006&board=coreweave&gh_jid=4577764006","2025-06-20T17:03:41-04:00","2026-04-02T18:59:51-04:00"
"Core Weave","Software Engineer, Network Services","Livingston, NJ / New York, NY / Sunnyvale, CA","https://coreweave.com/careers/job?4569274006&board=coreweave&gh_jid=4569274006","2025-05-19T15:00:28-04:00","2026-04-02T11:51:44-04:00"
"Core Weave","Solutions Architect - HPC/AI/ML","Livingston, NJ / New York, NY / Sunnyvale, CA / Bellevue, WA","https://coreweave.com/careers/job?4412177006&board=coreweave&gh_jid=4412177006","2024-10-23T10:16:31-04:00","2026-04-02T16:20:22-04:00"
"Dagster Labs","Software Engineer - Enterprise Readiness (Experienced)","Remote with offices in San Francisco, CA / New York, NY / Minneapolis, MN","https://job-boards.greenhouse.io/dagsterlabs/jobs/7602468003","2026-01-27T17:02:52-05:00","2026-04-01T09:19:45-04:00"
"Dagster Labs","Software Engineer - Observability Product","Remote with offices in San Francisco, CA / New York, NY / Minneapolis, MN","https://job-boards.greenhouse.io/dagsterlabs/jobs/7680413003","2026-03-26T10:29:10-04:00","2026-03-26T10:29:10-04:00"
"Databricks","AI Engineer - FDE (Forward Deployed Engineer)","Melbourne, Australia","https://databricks.com/company/careers/open-positions/job?gh_jid=8330188002","2025-12-09T15:25:42-05:00","2026-02-25T13:56:11-05:00"
"Databricks","AI Engineer - FDE (Forward Deployed Engineer)","United States","https://databricks.com/company/careers/open-positions/job?gh_jid=8335860002","2026-03-01T03:00:00-05:00","2026-03-26T01:19:40-04:00"
"Databricks","AI Engineer - FDE (Forward Deployed Engineer)","Sydney, Australia","https://databricks.com/company/careers/open-positions/job?gh_jid=8298792002","2025-12-09T11:05:37-05:00","2026-02-25T13:56:11-05:00"
"Databricks","AI Engineer - FDE (Forward Deployed Engineer) - U.S. Federal Sector","Maryland; Virginia; Washington, D.C.","https://databricks.com/company/careers/open-positions/job?gh_jid=8415203002","2026-03-01T03:00:00-05:00","2026-03-26T01:20:13-04:00"
"Databricks","MBA Intern - Corporate Operations (Corp Ops)","San Francisco, California","https://databricks.com/company/careers/open-positions/job?gh_jid=8402603002","2026-02-17T18:48:39-05:00","2026-03-25T21:10:35-04:00"
"Databricks","MBA Intern - Product Operations","San Francisco, California","https://databricks.com/company/careers/open-positions/job?gh_jid=8399535002","2026-02-09T18:58:14-05:00","2026-02-25T14:23:19-05:00"
"Databricks","MBA Intern - Technical Program Management (TPM)","Mountain View, California; San Francisco, California","https://databricks.com/company/careers/open-positions/job?gh_jid=8399537002","2026-02-09T18:58:17-05:00","2026-02-25T14:23:25-05:00"
"Databricks","MBA Intern - Workforce Intelligence","San Francisco, California","https://databricks.com/company/careers/open-positions/job?gh_jid=8402613002","2026-02-18T13:55:50-05:00","2026-03-03T13:08:17-05:00"
"Databricks","PhD GenAI Research Scientist Intern","San Francisco, California","https://databricks.com/company/careers/open-positions/job?gh_jid=7011263002","2023-11-07T16:36:32-05:00","2026-02-19T14:47:26-05:00"
"Databricks","Software Engineer - Backend","Aarhus, Denmark","https://databricks.com/company/careers/open-positions/job?gh_jid=7737233002","2025-01-15T09:39:18-05:00","2026-02-19T14:47:26-05:00"
"Databricks","Software Engineer - GenAI inference ","San Francisco, California","https://databricks.com/company/careers/open-positions/job?gh_jid=8202670002","2025-10-08T00:00:35-04:00","2026-02-19T14:47:26-05:00"
"Databricks","Software Engineer - New Grad (2026 Start) - Aarhus","Aarhus, Denmark","https://databricks.com/company/careers/open-positions/job?gh_jid=8133691002","2025-08-29T17:19:05-04:00","2026-02-19T14:47:26-05:00"
"Databricks","Solutions Architect (Adelaide)","Remote - Australia","https://databricks.com/company/careers/open-positions/job?gh_jid=8472735002","2026-03-20T23:43:29-04:00","2026-03-21T00:01:19-04:00"
"Databricks","Specialist Solutions Architect - AI & ML (Financial Services)","Central - United States; Northeast - United States; Southeast - United States","https://databricks.com/company/careers/open-positions/job?gh_jid=8434243002","2026-02-25T11:10:07-05:00","2026-03-27T18:11:38-04:00"
"Databricks","Specialist Solutions Architect - AI Tooling & Platform Management","Northeast - United States","https://databricks.com/company/careers/open-positions/job?gh_jid=8409019002","2026-02-11T18:15:08-05:00","2026-02-25T14:29:46-05:00"
"Databricks","Specialist Solutions Architect - Data Warehousing (Healthcare & Life Sciences)","Northeast - United States","https://databricks.com/company/careers/open-positions/job?gh_jid=8337429002","2025-12-26T15:54:09-05:00","2026-03-27T19:07:26-04:00"
"Databricks","Systems PhD - Software Engineer ","Mountain View, California; San Francisco, California","https://databricks.com/company/careers/open-positions/job?gh_jid=8482037002","2026-03-26T15:59:09-04:00","2026-03-26T15:59:09-04:00"
"Databricks","Systems PhD - Software Engineer ","Bellevue, Washington; Seattle, Washington","https://databricks.com/company/careers/open-positions/job?gh_jid=8482086002","2026-03-26T16:18:09-04:00","2026-03-26T16:18:09-04:00"
"Datadog","Container Runtime Engineer","Boston, Massachusetts, USA; New York, New York, USA","https://careers.datadoghq.com/detail/7572940/?gh_jid=7572940","2026-01-28T16:40:42-05:00","2026-04-01T14:20:47-04:00"
"Datadog","Open Source Program Developer","District of Columbia, USA, Remote; Massachusetts, USA, Remote; New York, USA, Remote; Pennsylvania, USA, Remote","https://careers.datadoghq.com/detail/7636202/?gh_jid=7636202","2026-02-19T12:07:13-05:00","2026-04-01T14:20:47-04:00"
"Datadog","Technical Escalations Engineer 3 (Internal Developer Portal) - US-East","Boston, Massachusetts, USA; New York, New York, USA","https://careers.datadoghq.com/detail/7536159/?gh_jid=7536159","2026-01-14T09:33:28-05:00","2026-04-01T14:20:47-04:00"
"Datamaxis","AI Engineer / Applied AI Developer","Farmington Hills, MI","https://datamaxis.breezy.hr/p/e39f796e8c9c-ai-engineer-applied-ai-developer","2026-02-13T22:01:38.511Z",""
"Datamaxis","AWS DevOps Engineer","Pune, IN","https://datamaxis.breezy.hr/p/f6de568ee70a-aws-devops-engineer","2026-04-02T12:34:50.586Z",""
"Datamaxis","Automation Test Engineer with Playwright and Java","Hyderabad, IN","https://datamaxis.breezy.hr/p/7cc57aa4582d-automation-test-engineer-with-playwright-and-java","2026-03-10T06:10:00.119Z",""
"Datamaxis","Azure Data Engineer","Bangalore, IN","https://datamaxis.breezy.hr/p/4e4cfff225e7-azure-data-engineer","2026-03-23T05:36:08.203Z",""
"Datamaxis","Core Java and Automation Quality Engineer","Bangalore, IN","https://datamaxis.breezy.hr/p/0948df5725bb-core-java-and-automation-quality-engineer","2026-03-23T08:55:47.467Z",""
"Datamaxis","Databricks/ Pyspark Developer","Chennai, IN","https://datamaxis.breezy.hr/p/213c39e7d0ef-databricks-pyspark-developer","2026-03-23T19:05:55.646Z",""
"Datamaxis","Full Stack Developer","bangalore, IN","https://datamaxis.breezy.hr/p/42d5a13c0256-full-stack-developer","2026-03-23T05:38:46.002Z",""
"Datamaxis","Fullstack Java Developer with Spring Framework and Angular Experience","Okemos/Farmington HIlls, MI","https://datamaxis.breezy.hr/p/497e4eae1411-fullstack-java-developer-with-spring-framework-and-angular-experience","2026-02-02T19:25:00.673Z",""
"Datamaxis","Healthcare EDI Developer","Okemos, MI","https://datamaxis.breezy.hr/p/d1fa99764d0e-healthcare-edi-developer","2026-03-10T14:01:45.847Z",""
"Datamaxis","Java Back-End Developer with Azure","Northbrook, IL","https://datamaxis.breezy.hr/p/558a6e303cd9-java-back-end-developer-with-azure","2026-01-06T23:17:53.068Z",""
"Datamaxis","Quadient Developer","Farmington Hills, MI","https://datamaxis.breezy.hr/p/87ea3f29c311-quadient-developer","2026-02-24T19:36:22.756Z",""
"Datamaxis","Software Business Analyst","Dearborn, MI","https://datamaxis.breezy.hr/p/0f408f27ead4-software-business-analyst","2026-03-11T16:36:55.841Z",""
"Datamaxis","Software Development Engineer in Test (SDET)","Okemos, MI","https://datamaxis.breezy.hr/p/f7ee9883cf6b-software-development-engineer-in-test-sdet","2026-03-10T19:43:53.892Z",""
"CMU","Window Mail/Package Handler - Facilities Management & Campus Services (FMCS)","Pittsburgh, PA","https://cmu.wd5.myworkdayjobs.com/en-US/CMU/job/Pittsburgh-PA/Window-Mail-Package-Handler---Facilities-Management---Campus-Services--FMCS-_2023958","Posted 13 Days Ago",""
"Cohesity","Software Development Engineer in Test (SDET), Storage/FileSystems","Santa Clara, CA - USA (Office)","https://cohesity.wd5.myworkdayjobs.com/en-US/Cohesity_Careers/job/Santa-Clara-CA---USA-Office/Software-Development-Engineer-in-Test--SDET---Filesystems_R02604","Posted 23 Days Ago",""
"DigiCert","Associate Software QA Engineer","Lehi, Utah","https://www.digicert.com/careers/?gh_jid=8419086002","2026-04-01T09:02:17-04:00","2026-04-01T09:02:17-04:00"
"CMU","AI Solutions Architect - Computing Services","Pittsburgh, PA","https://cmu.wd5.myworkdayjobs.com/en-US/CMU/job/Pittsburgh-PA/AI-Solutions-Architect---Computing-Services_2024196","Posted 30 Days Ago",""
"CMU","Systems Software Engineer - Mellon College of Science - Physics Department","Pittsburgh, PA","https://cmu.wd5.myworkdayjobs.com/en-US/CMU/job/Pittsburgh-PA/Systems-Software-Engineer---Mellon-College-of-Science---Physics-Department_2024153","Posted 30 Days Ago",""
"CMU","Summer Intern - College of Engineering - Electrical and Computer Engineering","Pittsburgh, PA","https://cmu.wd5.myworkdayjobs.com/en-US/CMU/job/Pittsburgh-PA/Summer-Intern---College-of-Engineering---Electrical-and-Computer-Engineering_2024173","Posted 30+ Days Ago",""
"CMU","Curriculum Developer, Carnegie Mellon Robotics Academy - NREC","Pittsburgh, PA","https://cmu.wd5.myworkdayjobs.com/en-US/CMU/job/Pittsburgh-PA/Curriculum-Developer_2024146","Posted 30+ Days Ago",""
"Digital Ocean","Cloud Operations Administrator - II","Austin, Texas, United States","https://www.digitalocean.com/careers/position/apply/?gh_jid=7536699","2026-01-29T17:56:41-05:00","2026-03-10T13:50:40-04:00"
"CMU","Foreign Student/Scholar Advisor – Office of International Education","Pittsburgh, PA","https://cmu.wd5.myworkdayjobs.com/en-US/CMU/job/Pittsburgh-PA/Foreign-Student-Scholar-Advisor---Office-of-International-Education_2024112","Posted 30+ Days Ago",""
"Cohesity","Technical Support Engineer - New College Graduate","Santa Clara, CA - USA (Office)","https://cohesity.wd5.myworkdayjobs.com/en-US/Cohesity_Careers/job/Santa-Clara-CA---USA-Office/Technical-Support-Engineer_R01864","Posted 22 Days Ago",""
"Comcast ","Telemetry Application Developer (GoLang/Python)","PA - Philadelphia, 1800 Arch St","https://comcast.wd5.myworkdayjobs.com/en-US/Comcast_Careers/job/PA---Philadelphia-1800-Arch-St/Cloud-Telemetry-Development-Engineer_R429398","Posted Yesterday",""
"Comcast ","Training Associate - FreeWheel - NYC","NY - New York, 1407 Broadway Floor 12","https://comcast.wd5.myworkdayjobs.com/en-US/Comcast_Careers/job/NY---New-York-1407-Broadway-Floor-12/Training-Associate---FreeWheel---NYC_R434172","Posted 2 Days Ago",""
"Duolingo","AI Research Engineer, New PhD Graduate","New York, NY","https://careers.duolingo.com/jobs/8169815002?gh_jid=8169815002","2025-09-15T13:29:46-04:00","2026-02-02T14:01:33-05:00"
"Duolingo","AI Research Engineer, New PhD Graduate","Pittsburgh, PA","https://careers.duolingo.com/jobs/8151163002?gh_jid=8151163002","2025-09-15T09:36:22-04:00","2026-03-30T11:07:30-04:00"
"CMU","Cyber Infrastructure Engineer - Mellon College of Science - Pittsburgh Supercomputing Center","Pittsburgh, PA","https://cmu.wd5.myworkdayjobs.com/en-US/CMU/job/Pittsburgh-PA/Cyber-Infrastructure-Engineer---Mellon-College-of-Science---Pittsburgh-Supercomputing-Center_2023351","Posted 30+ Days Ago",""
"Comcast ","Engineer, Software Development & Engineering (Multiple Openings)-5162","VA - Reston, 11951 Freedom Dr Ste 900","https://comcast.wd5.myworkdayjobs.com/en-US/Comcast_Careers/job/VA---Reston-11951-Freedom-Dr-Ste-900/Engineer--Software-Development---Engineering--Multiple-Openings--5162_R434157","Posted 2 Days Ago",""
"Comcast ","Software Engineer-0304","VA - Reston, 11951 Freedom Dr Ste 900","https://comcast.wd5.myworkdayjobs.com/en-US/Comcast_Careers/job/VA---Reston-11951-Freedom-Dr-Ste-900/Software-Engineer-0304_R432601","Posted 2 Days Ago",""
"Dematic Corp. (ILD-US)","Industrial Engineer Intern","Grand Rapids, MI, United States","https://kiongroup.wd3.myworkdayjobs.com/en-US/KIONGroup/job/Grand-Rapids-MI-United-States/Industrial-Engineer-Intern_JR-0088733-1","Posted Today",""
"DoorDash ","Analytics Engineer, GTM Data Infrastructure","San Francisco, CA; New York, NY; Seattle, WA; Phoenix, AZ","https://job-boards.greenhouse.io/doordashusa/jobs/7450028","2025-12-05T18:59:21-05:00","2026-04-02T16:30:17-04:00"
"DoorDash ","Application Engineer - GTMT ","San Francisco, CA; New York, NY; Seattle","https://job-boards.greenhouse.io/doordashusa/jobs/6650287","2025-02-20T14:21:59-05:00","2026-04-02T16:30:17-04:00"
"DoorDash ","Applications Engineer, Full Stack - People ","Seattle, WA; Washington D.C.; Austin, TX; Baltimore, MD; Chicago, IL; Hartford, CT; New Haven, CT; Philadelphia, PA; Miami, FL; Atlanta, GA; ","https://job-boards.greenhouse.io/doordashusa/jobs/7733002","2026-03-18T17:29:20-04:00","2026-04-02T16:32:27-04:00"
"DoorDash ","DashMart Team Member - East Colorado Springs","Colorado Springs, CO","https://job-boards.greenhouse.io/doordashusa/jobs/7194825","2025-08-26T13:39:43-04:00","2026-04-01T16:53:32-04:00"
"DoorDash ","Robotics Software Engineer - Labs","San Francisco, CA","https://job-boards.greenhouse.io/doordashusa/jobs/6682078","2025-03-05T21:01:15-05:00","2026-03-26T13:24:16-04:00"
"DoorDash ","Software Engineer, Android (All Teams)","Sunnyvale, CA; San Francisco, CA; Los Angeles, CA; Seattle, WA; New York, NY;","https://job-boards.greenhouse.io/doordashusa/jobs/5630438","2024-06-10T12:01:28-04:00","2026-03-26T13:24:16-04:00"
"DoorDash ","Software Engineer, Backend (All Teams)","Los Angeles, CA; Sunnyvale, CA; San Francisco, CA; New York, NY; Seattle, WA; Ann Arbor, MI","https://job-boards.greenhouse.io/doordashusa/jobs/5630445","2024-05-22T14:21:58-04:00","2026-03-26T13:24:16-04:00"
"DoorDash ","Software Engineer, Backend - SevenRooms, In-Store Experience","New York, NY","https://job-boards.greenhouse.io/doordashusa/jobs/7141985","2025-08-06T18:23:40-04:00","2026-03-26T13:24:16-04:00"
"DoorDash ","Software Engineer II, Data Engineering","San Francisco, CA; Sunnyvale, CA","https://job-boards.greenhouse.io/doordashusa/jobs/6458514","2024-12-09T15:51:20-05:00","2026-03-26T13:24:16-04:00"
"DoorDash ","Software Engineer, iOS (All Teams)","Sunnyvale, CA; San Francisco, CA; Seattle, WA; New York, NY","https://job-boards.greenhouse.io/doordashusa/jobs/5630454","2024-06-10T12:01:10-04:00","2026-03-26T13:24:16-04:00"
"DoorDash ","Software Engineer, iOS - SevenRooms, In-Store Experience","New York, NY","https://job-boards.greenhouse.io/doordashusa/jobs/7141978","2025-08-06T18:23:49-04:00","2026-03-26T13:24:16-04:00"
"Elastic","Elastic AI Engineer","United States","https://jobs.elastic.co/jobs?gh_jid=7607148&gh_jid=7607148","2026-02-19T12:37:39-05:00","2026-03-16T15:57:26-04:00"
"Elastic","Software Engineer II - Python - Developer Tools - Search","United States","https://jobs.elastic.co/jobs?gh_jid=7602101&gh_jid=7602101","2026-02-10T09:53:19-05:00","2026-03-24T06:47:19-04:00"
"Dematic Corp. (ILD-US)","Data Privacy Specialist - temporary 12 mesi","Lainate (MI), Italy","https://kiongroup.wd3.myworkdayjobs.com/en-US/KIONGroup/job/Lainate-MI-Italy/data-privacy-specialist_JR-0090001","Posted Today",""
"Cohesity","Backend Software Engineer","Santa Clara, CA - USA (Office)","https://cohesity.wd5.myworkdayjobs.com/en-US/Cohesity_Careers/job/Santa-Clara-CA---USA-Office/Backend-Software-Engineer_R02212","Posted 30+ Days Ago",""
"Comcast ","Engineer 3, Data Engineering","PA - Philadelphia, 1701 John F Kennedy Blvd","https://comcast.wd5.myworkdayjobs.com/en-US/Comcast_Careers/job/PA---Philadelphia-1701-John-F-Kennedy-Blvd/Engineer-3--Data-Engineering_R433096","Posted 7 Days Ago",""
"Comcast ","DevOps Engineer","PA - Philadelphia, 1800 Arch St","https://comcast.wd5.myworkdayjobs.com/en-US/Comcast_Careers/job/PA---Philadelphia-1800-Arch-St/DevOps-Engineer_R431888","Posted 7 Days Ago",""
"Citi","BANAMEX Data Scientist Jr / Machine Learning Analyst","Ciudad De Mexico Distrito Federal Mexico","https://citi.wd5.myworkdayjobs.com/en-US/2/job/Ciudad-De-Mexico-Distrito-Federal-Mexico/BANAMEX-Data-Scientist-Jr---Machine-Learning-Analyst_26948195","Posted Yesterday",""
"Citi","KYC Data Analytics Specialist","Ciudad De Mexico Distrito Federal Mexico","https://citi.wd5.myworkdayjobs.com/en-US/2/job/Ciudad-De-Mexico-Distrito-Federal-Mexico/Know-Your-Customer-Operations-Data-Management-Analyst_26945756-1","Posted Yesterday",""
"Comcast ","Deployment Engineer, Data Center Operations","OR - Hillsboro, 3145 NE Brookwood Pkwy","https://comcast.wd5.myworkdayjobs.com/en-US/Comcast_Careers/job/OR---Hillsboro-3145-NE-Brookwood-Pkwy/Deployment-Engineer--Data-Center-Operations_R432182","Posted 17 Days Ago",""
"Dematic Corp. (ILD-US)","AMR Engineering Intern","Grand Rapids, MI, United States","https://kiongroup.wd3.myworkdayjobs.com/en-US/KIONGroup/job/Grand-Rapids-MI-United-States/AMR-Engineering-Intern_JR-0072534-1","Posted 7 Days Ago",""
"Enova","Data Engineer (Hybrid)","Chicago, IL ","https://job-boards.greenhouse.io/enova/jobs/7368745","2025-10-31T10:25:44-04:00","2025-10-31T10:25:44-04:00"
"Enova","Data Scientist - Model Governance (Hybrid)","Chicago, IL","https://job-boards.greenhouse.io/enova/jobs/7602878","2026-02-10T12:33:23-05:00","2026-03-27T10:46:40-04:00"
"Esri","Accessibility Web Developer II – ArcGIS Enterprise","Redlands, CA","https://www.esri.com/careers/5072493007?gh_jid=5072493007","2026-03-16T12:43:27-04:00","2026-04-02T12:37:09-04:00"
"Esri","Backend Engineer II - Data Pipelines","Redlands, CA","https://www.esri.com/careers/5049967007?gh_jid=5049967007","2026-02-13T12:46:56-05:00","2026-04-02T12:41:50-04:00"
"Esri","C# / .NET Software Engineer II – ArcGIS Online","Redlands, CA","https://www.esri.com/careers/5012623007?gh_jid=5012623007","2026-01-20T15:06:51-05:00","2026-04-02T12:45:03-04:00"
"Esri","Data Scientist I","St. Louis, MO - Westport","https://www.esri.com/careers/4953727007?gh_jid=4953727007","2026-01-21T13:15:30-05:00","2026-03-26T14:38:56-04:00"
"Esri","Data Scientist II   ","Redlands, CA","https://www.esri.com/careers/5073658007?gh_jid=5073658007","2026-03-09T13:40:43-04:00","2026-03-26T14:38:56-04:00"
"Esri","DevOps Systems Engineer","Redlands, CA","https://www.esri.com/careers/5063417007?gh_jid=5063417007","2026-03-10T11:39:57-04:00","2026-03-26T14:38:56-04:00"
"Esri","GIS Industry Solutions Specialist - Rail","Charlotte, NC - Arboretum","https://www.esri.com/careers/5039089007?gh_jid=5039089007","2026-01-30T15:41:21-05:00","2026-03-26T14:38:56-04:00"
"Esri","GIS Industry Solutions Specialist - Rail","Philadelphia, PA","https://www.esri.com/careers/5039094007?gh_jid=5039094007","2026-01-30T15:41:22-05:00","2026-03-26T14:38:56-04:00"
"Esri","GIS Industry Solutions Specialist - Rail","Vienna, Virginia, United States","https://www.esri.com/careers/5039096007?gh_jid=5039096007","2026-01-30T15:41:23-05:00","2026-03-26T14:38:56-04:00"
"Esri","GIS Industry Solutions Specialist - Rail","Redlands, CA","https://www.esri.com/careers/5039106007?gh_jid=5039106007","2026-01-30T15:46:39-05:00","2026-03-26T14:38:56-04:00"
"Esri","GIS Industry Solutions Specialist - Rail","Denver, CO - Louisville","https://www.esri.com/careers/5039092007?gh_jid=5039092007","2026-01-30T15:41:22-05:00","2026-03-26T14:38:56-04:00"
"Esri","Java Software Engineer II - ArcGIS Enterprise ","Redlands, CA","https://www.esri.com/careers/5070685007?gh_jid=5070685007","2026-03-10T17:05:20-04:00","2026-04-02T12:50:17-04:00"
"Esri","Material Handler","Redlands, CA","https://www.esri.com/careers/5096526007?gh_jid=5096526007","2026-04-01T13:30:07-04:00","2026-04-01T13:30:07-04:00"
"Esri","Product Engineer II - ArcGIS Enterprise Sharing API ","Redlands, CA","https://www.esri.com/careers/5012658007?gh_jid=5012658007","2026-01-05T11:10:46-05:00","2026-04-02T12:51:23-04:00"
"Esri","Product Engineer II – ArcGIS Maps SDKs Developer Documentation","Portland, OR","https://www.esri.com/careers/5061585007?gh_jid=5061585007","2026-02-24T16:23:28-05:00","2026-04-02T20:10:02-04:00"
"Esri","Product Engineer II – ArcGIS Maps SDKs Developer Documentation","Redlands, CA","https://www.esri.com/careers/5061579007?gh_jid=5061579007","2026-02-24T16:23:28-05:00","2026-04-02T20:09:44-04:00"
"Esri","Product Engineer II - ArcGIS Online Rest API","Redlands, CA","https://www.esri.com/careers/5029064007?gh_jid=5029064007","2026-01-29T14:58:50-05:00","2026-03-26T14:38:56-04:00"
"Esri","Product Engineer II - Data Reviewer","Redlands, CA","https://www.esri.com/careers/5048674007?gh_jid=5048674007","2026-02-11T16:43:53-05:00","2026-03-26T14:38:56-04:00"
"Esri","Product Test Engineer II - Geodatabase","Redlands, CA","https://www.esri.com/careers/5033525007?gh_jid=5033525007","2026-01-27T12:27:35-05:00","2026-04-02T20:15:01-04:00"
"Esri","Software Developer II - Android Apps","Portland, ME","https://www.esri.com/careers/5040328007?gh_jid=5040328007","2026-03-25T11:24:55-04:00","2026-04-02T20:18:56-04:00"
"Esri","Software Developer II - Android Apps","Redlands, CA","https://www.esri.com/careers/5040257007?gh_jid=5040257007","2026-03-25T11:24:55-04:00","2026-04-02T20:18:43-04:00"
"Esri","Software Developer II - Conflation, ArcGIS Pro","Redlands, CA","https://www.esri.com/careers/5026670007?gh_jid=5026670007","2026-01-22T13:37:13-05:00","2026-04-02T17:59:09-04:00"
"Esri","Software Development Engineer I","St. Louis, MO - Westport","https://www.esri.com/careers/5027588007?gh_jid=5027588007","2026-01-22T11:55:24-05:00","2026-04-01T14:14:25-04:00"
"Esri","Software Development Engineer II - AI Software Components","Redlands, CA","https://www.esri.com/careers/5070853007?gh_jid=5070853007","2026-03-09T17:35:45-04:00","2026-04-02T17:08:18-04:00"
"Esri","Software Development Engineer II - ArcGIS Geocoding","Redlands, CA","https://www.esri.com/careers/5031844007?gh_jid=5031844007","2026-01-29T10:37:11-05:00","2026-04-02T20:25:31-04:00"
"Esri","Software Development Engineer II - Back End","St. Louis, MO - Globe","https://www.esri.com/careers/5091614007?gh_jid=5091614007","2026-03-27T09:01:48-04:00","2026-03-27T09:01:48-04:00"
"Esri","Software Development Engineer II - Back End","Redlands, CA","https://www.esri.com/careers/5096391007?gh_jid=5096391007","2026-04-01T12:11:51-04:00","2026-04-01T12:11:51-04:00"
"Esri","Software Development Engineer II - Back End","Vienna, Virginia, United States","https://www.esri.com/careers/5091615007?gh_jid=5091615007","2026-03-27T09:01:49-04:00","2026-03-27T09:01:49-04:00"
"Esri","Software Development Engineer II - CI/CD & Platform Automation Engineer (DevOps)","Vienna, Virginia, United States","https://www.esri.com/careers/5091617007?gh_jid=5091617007","2026-03-27T09:02:43-04:00","2026-03-27T09:02:43-04:00"
"Esri","Software Development Engineer II - CI/CD & Platform Automation Engineer (DevOps)","St. Louis, MO - Globe","https://www.esri.com/careers/5091616007?gh_jid=5091616007","2026-03-27T09:02:42-04:00","2026-03-27T09:02:42-04:00"
"Esri","Software Development Engineer II - CI/CD & Platform Automation Engineer (DevOps)","Redlands, CA","https://www.esri.com/careers/5096392007?gh_jid=5096392007","2026-04-01T12:11:52-04:00","2026-04-01T12:11:52-04:00"
"Esri","Software Development Engineer II - Front End","Redlands, CA","https://www.esri.com/careers/5096395007?gh_jid=5096395007","2026-04-01T12:11:54-04:00","2026-04-01T12:11:54-04:00"
"Esri","Software Development Engineer II - Front End","Vienna, Virginia, United States","https://www.esri.com/careers/5091620007?gh_jid=5091620007","2026-03-27T09:03:36-04:00","2026-03-27T09:03:36-04:00"
"Esri","Software Development Engineer II - Front End","St. Louis, MO - Globe","https://www.esri.com/careers/5091618007?gh_jid=5091618007","2026-03-27T09:03:35-04:00","2026-03-27T09:03:35-04:00"
"Esri","Support Analyst l-Infrastructure ","Charlotte, NC - Arboretum","https://www.esri.com/careers/5039452007?gh_jid=5039452007","2026-02-04T01:43:45-05:00","2026-03-26T14:38:56-04:00"
"Esri","Support Analyst ll-Infrastructure, Regulated Industries  ","Redlands, CA","https://www.esri.com/careers/5076837007?gh_jid=5076837007","2026-03-17T20:00:51-04:00","2026-03-26T14:38:56-04:00"
"Esri","System Engineer- Enterprise Data Engineer","Vienna, Virginia, United States","https://www.esri.com/careers/5091602007?gh_jid=5091602007","2026-03-27T08:57:09-04:00","2026-03-27T08:57:09-04:00"
"Esri","System Engineer- Enterprise Data Engineer","St. Louis, MO - Globe","https://www.esri.com/careers/5091601007?gh_jid=5091601007","2026-03-27T08:57:08-04:00","2026-03-27T08:57:08-04:00"
"Esri","System Engineer- Enterprise Data Engineer","Redlands, CA","https://www.esri.com/careers/5096369007?gh_jid=5096369007","2026-04-01T12:04:28-04:00","2026-04-01T12:04:28-04:00"
"Esri","Systems Engineer- Compute Infrastructure","Redlands, CA","https://www.esri.com/careers/5002743007?gh_jid=5002743007","2026-03-19T13:59:04-04:00","2026-04-01T15:57:39-04:00"
"Esri","Temporary Material Handler ","Redlands, CA","https://www.esri.com/careers/5073934007?gh_jid=5073934007","2026-03-26T11:38:37-04:00","2026-03-26T14:38:56-04:00"
"Esri","Temporary Material Handler 2","Redlands, CA","https://www.esri.com/careers/5073958007?gh_jid=5073958007","2026-03-26T11:38:46-04:00","2026-03-26T14:38:56-04:00"
"Citi","Analista Junior de Reconciliaciones","Ciudad De Mexico Distrito Federal Mexico","https://citi.wd5.myworkdayjobs.com/en-US/2/job/Ciudad-De-Mexico-Distrito-Federal-Mexico/Analista-de-Reconciliaciones_26933397","Posted Yesterday",""
"Exiger","Cloud Data Architect","Jersey City, New Jersey, United States; McLean, Virginia, United States; Richmond, Virginia, United States","https://www.exiger.com/careers/4962736004?gh_jid=4962736004","2023-08-25T16:14:54-04:00","2026-03-04T17:47:42-05:00"
"Exiger","Data Scientist","McLean, Virginia, United States","https://www.exiger.com/careers/5632228004?gh_jid=5632228004","2025-08-26T17:19:15-04:00","2026-03-04T18:46:56-05:00"
"Exiger","Front End Developer","United States (Remote)","https://www.exiger.com/careers/5187201004?gh_jid=5187201004","2024-05-22T18:02:57-04:00","2026-03-31T15:37:24-04:00"
"Exiger","Junior Analytics Engineer ","McLean, Virginia, United States; United States (Remote)","https://www.exiger.com/careers/5822304004?gh_jid=5822304004","2026-03-09T15:08:42-04:00","2026-03-10T12:07:07-04:00"
"Citi","Banamex Compl  AML KYC Analyst 2","Ciudad De Mexico Distrito Federal Mexico","https://citi.wd5.myworkdayjobs.com/en-US/2/job/Ciudad-De-Mexico-Distrito-Federal-Mexico/Banamex-Compl--AML-KYC-Analyst-2_26949660","Posted Yesterday",""
"Fastly","Data Engineer","San Francisco, CA","https://www.fastly.com/about/jobs/apply?gh_jid=7716833","2026-03-13T13:25:23-04:00","2026-03-27T12:15:22-04:00"
"Citi","Banamex Analista KYC de AML","Ciudad De Mexico Distrito Federal Mexico","https://citi.wd5.myworkdayjobs.com/en-US/2/job/Ciudad-De-Mexico-Distrito-Federal-Mexico/Banamex-Analista-KYC-de-AML_26942149","Posted Yesterday",""
"Fivetran","Can't find a role for you? Submit a general application.","Oakland, California, United States, AMER","https://www.fivetran.com/careers/job?gh_jid=4289730003","2020-12-13T19:00:29-05:00","2026-01-21T12:11:39-05:00"
"Fivetran","Software Engineer III","Oakland, California, United States, AMER","https://www.fivetran.com/careers/job?gh_jid=7686505003","2026-04-02T13:39:27-04:00","2026-04-02T13:39:27-04:00"
"Dematic Corp. (ILD-US)","Controls Engineer - Co-Op","Grand Rapids, MI, United States","https://kiongroup.wd3.myworkdayjobs.com/en-US/KIONGroup/job/Grand-Rapids-MI-United-States/Controls-Engineer---Co-Op_JR-0089161-1","Posted 15 Days Ago",""
"Citi","AI Product Solutions & Delivery for Wealth","New York New York United States","https://citi.wd5.myworkdayjobs.com/en-US/2/job/New-York-New-York-United-States/AI-Product-Solutions---Delivery-for-Wealth_26949115","Posted 2 Days Ago",""
"Citi",".NET Developer - Applications Development","Jacksonville Florida United States","https://citi.wd5.myworkdayjobs.com/en-US/2/job/Jacksonville-Florida-United-States/XMLNAME-NET-Developer---Applications-Development_26941788","Posted 2 Days Ago",""
"Dematic Corp. (ILD-US)","Flexsort Software Engineer","Grand Rapids, MI, United States","https://kiongroup.wd3.myworkdayjobs.com/en-US/KIONGroup/job/Grand-Rapids-MI-United-States/Flexsort-Software-Engineer_JR-0088224-1","Posted 16 Days Ago",""
"Citi","BANAME Data Quality Analyst 2 - C10 - CIUDAD DE MEXICO","Ciudad De Mexico Distrito Federal Mexico","https://citi.wd5.myworkdayjobs.com/en-US/2/job/Ciudad-De-Mexico-Distrito-Federal-Mexico/BANAME-Data-Quality-Analyst-2---C10---CIUDAD-DE-MEXICO_26944537-1","Posted 2 Days Ago",""
"Dematic Corp. (ILD-US)","Business Developer","Bussy Saint Georges, France","https://kiongroup.wd3.myworkdayjobs.com/en-US/KIONGroup/job/Bussy-Saint-Georges-France/Business-Developer_JR-0088605-1","Posted 17 Days Ago",""
"flir","Engineering Intern","US - Newark, CA","https://flir.wd1.myworkdayjobs.com/en-US/flircareers/job/US---Newark-CA/Engineering-Intern_REQ33479","Posted 2 Days Ago",""
"Dematic Corp. (ILD-US)","Expert Controls Software Engineer – Integration & Mechatronics","Grand Rapids, MI, United States","https://kiongroup.wd3.myworkdayjobs.com/en-US/KIONGroup/job/Grand-Rapids-MI-United-States/Expert-Controls-Software-Engineer---Integration---Mechatronics_JR-0087732-1","Posted 23 Days Ago",""
"flir","Data Scientist, Power BI","US - Huntsville, AL","https://flir.wd1.myworkdayjobs.com/en-US/flircareers/job/US---Huntsville-AL/Data-Scientist--Power-BI_REQ33921","Posted 7 Days Ago",""
"flir","Jr. Modeling and Simulation Developer","US - Huntsville, AL","https://flir.wd1.myworkdayjobs.com/en-US/flircareers/job/US---Huntsville-AL/Jr-Modeling-and-Simulation-Developer_REQ33954","Posted 9 Days Ago",""
"flir","Software Engineering Intern","US - Newark, CA","https://flir.wd1.myworkdayjobs.com/en-US/flircareers/job/US---Newark-CA/Software-Engineering-Intern_REQ33272-1","Posted 9 Days Ago",""
"Dematic Corp. (ILD-US)","Master Data Analyst/Material Management (m/w/d)","Heusenstamm, Germany","https://kiongroup.wd3.myworkdayjobs.com/en-US/KIONGroup/job/Heusenstamm-Germany/Master-Data-Analyst-Material-Management--m-w-d-_JR-0088353","Posted 23 Days Ago",""
"Citi","Financial Capital Management Officer","New York New York United States","https://citi.wd5.myworkdayjobs.com/en-US/2/job/New-York-New-York-United-States/Financial-Capital-Management-Officer_26942825","Posted 3 Days Ago",""
"flir","Executive Administrative Assistant with Data Analytics Capability","US - Rancho Cordova, CA (TDY)","https://flir.wd1.myworkdayjobs.com/en-US/flircareers/job/US---Rancho-Cordova-CA-TDY/Executive-Administrative-Assistant-with-Data-Analytics-Capability_REQ33837","Posted 14 Days Ago",""
"flir","Software AI SME","US - Huntsville, AL","https://flir.wd1.myworkdayjobs.com/en-US/flircareers/job/US---Huntsville-AL/Software-AI-SME_REQ33368","Posted 14 Days Ago",""
"flir","Software Engineer","US - Goleta, CA","https://flir.wd1.myworkdayjobs.com/en-US/flircareers/job/US---Goleta-CA/Software-Engineer_REQ29963","Posted 15 Days Ago",""
"Citi","Software Engineering Generative AI - Officer","Irving Texas United States","https://citi.wd5.myworkdayjobs.com/en-US/2/job/Irving-Texas-United-States/Software-Engineering-Generative-AI---Officer_26946574","Posted 3 Days Ago",""
"flir","2nd Shift Material Handler","US - Portsmouth, NH (TDY)","https://flir.wd1.myworkdayjobs.com/en-US/flircareers/job/US---Portsmouth-NH-TDY/XMLNAME-2nd-Shift-Stockroom-Clerk_REQ33821","Posted 20 Days Ago",""
"flir","Software Support Analyst","US - Englewood, CO (TDY)","https://flir.wd1.myworkdayjobs.com/en-US/flircareers/job/US---Englewood-CO-TDY/Software-Support-Analyst_REQ30949","Posted 21 Days Ago",""
"flir","ServiceNow Developer","US - Huntsville, AL (Arsenal)","https://flir.wd1.myworkdayjobs.com/en-US/flircareers/job/US---Huntsville-AL-Arsenal/ServiceNow-Developer_REQ33758","Posted 21 Days Ago",""
"flir","Material Handler","US - Goleta, CA","https://flir.wd1.myworkdayjobs.com/en-US/flircareers/job/US---Goleta-CA/Material-Handler_REQ33664","Posted 22 Days Ago",""
"flir","Financial Systems Developer","US - Huntsville, AL","https://flir.wd1.myworkdayjobs.com/en-US/flircareers/job/US---Huntsville-AL/Financial-Systems-Developer_REQ33584","Posted 22 Days Ago",""
"flir","Field Applications Engineer","US - Englewood, CO (TDY)","https://flir.wd1.myworkdayjobs.com/en-US/flircareers/job/US---Englewood-CO-TDY/Field-Applications-Engineer_REQ32761","Posted 23 Days Ago",""
"flir","Systems Engineering Intern","US - Camarillo, CA","https://flir.wd1.myworkdayjobs.com/en-US/flircareers/job/US---Camarillo-CA/Systems-Engineering-Intern_REQ33480","Posted 23 Days Ago",""
"flir","Software Developer","US - Huntsville, AL (Arsenal)","https://flir.wd1.myworkdayjobs.com/en-US/flircareers/job/US---Huntsville-AL-Arsenal/Software-Developer_REQ33650","Posted 23 Days Ago",""
"Dematic Corp. (ILD-US)","Controls Software Engineer","Cernusco sul Naviglio, Italy","https://kiongroup.wd3.myworkdayjobs.com/en-US/KIONGroup/job/Cernusco-sul-Naviglio-Italy/Controls-Software-Engineer_JR-0079523-2","Posted 30+ Days Ago",""
"flir","Material Handler","US - Lewisburg, TN","https://flir.wd1.myworkdayjobs.com/en-US/flircareers/job/US---Lewisburg-TN/Material-Handler_REQ33174-1","Posted 30 Days Ago",""
"Formlabs","Application Engineer","Somerville, MA","https://careers.formlabs.com/job/7678223/apply/?gh_jid=7678223","2026-03-24T15:11:35-04:00","2026-03-27T09:04:24-04:00"
"Formlabs","Global Sourcing Intern (Summer 2026)","Somerville, MA","https://careers.formlabs.com/job/7365384/apply/?gh_jid=7365384","2025-10-29T13:43:48-04:00","2026-03-24T10:15:45-04:00"
"Formlabs","Go-to-Market MBA Intern (Summer 2026)","Somerville, MA","https://careers.formlabs.com/job/7574757/apply/?gh_jid=7574757","2026-01-29T11:08:17-05:00","2026-03-24T10:10:40-04:00"
"Formlabs","Hardware Global Sourcing Intern (Summer 2026)","Somerville, MA","https://careers.formlabs.com/job/7739317/apply/?gh_jid=7739317","2026-03-20T12:48:15-04:00","2026-03-24T10:16:16-04:00"
"Formlabs","Manufacturing Engineering Co-op (Summer/Fall 2026)","Somerville, MA","https://careers.formlabs.com/job/7586088/apply/?gh_jid=7586088","2026-02-04T13:35:12-05:00","2026-03-24T10:18:30-04:00"
"Formlabs","Materials Intern (Summer 2026)","Somerville, MA","https://careers.formlabs.com/job/7593311/apply/?gh_jid=7593311","2026-02-05T19:16:09-05:00","2026-03-24T10:17:32-04:00"
"Formlabs","PhD Intern - Materials Science (Summer 2026)","Somerville, MA","https://careers.formlabs.com/job/7594465/apply/?gh_jid=7594465","2026-02-06T10:41:41-05:00","2026-03-24T10:17:55-04:00"
"Formlabs","Program Management - Global Sourcing Intern (Summer 2026)","Somerville, MA","https://careers.formlabs.com/job/7437742/apply/?gh_jid=7437742","2025-12-02T12:48:04-05:00","2026-03-24T10:15:26-04:00"
"Formlabs","Software Engineer - Print Pipeline","Somerville, MA","https://careers.formlabs.com/job/7536038/apply/?gh_jid=7536038","2026-01-16T14:45:36-05:00","2026-03-03T13:26:12-05:00"
"Formlabs","Video Content Creator Intern (Summer 2026)","Milwaukee, WI","https://careers.formlabs.com/job/7488269/apply/?gh_jid=7488269","2026-01-07T15:05:08-05:00","2026-02-12T12:57:22-05:00"
"Galileo Financial Technologies (Sofi)","Software Engineer","WA- Seattle","https://job-boards.greenhouse.io/galileofinancialtechnologies/jobs/7620926003","2026-02-05T13:44:32-05:00","2026-04-01T19:02:18-04:00"
"flir","Product Validation and Characterization Engineering Intern","US - Camarillo, CA","https://flir.wd1.myworkdayjobs.com/en-US/flircareers/job/US---Camarillo-CA/Product-Validation-and-Characterization-Engineering-Intern_REQ33133","Posted 30+ Days Ago",""
"flir","Material Handler - 2nd Shift","US - Portsmouth, NH (TDY)","https://flir.wd1.myworkdayjobs.com/en-US/flircareers/job/US---Portsmouth-NH-TDY/Material-Handler---2nd-Shift_REQ33366","Posted 30+ Days Ago",""
"flir","Manufacturing Test Technician Intern","US - Chestnut Ridge, NY","https://flir.wd1.myworkdayjobs.com/en-US/flircareers/job/US---Chestnut-Ridge-NY/Manufacturing-Test-Technician-Intern_REQ33322","Posted 30+ Days Ago",""
"Garner Health","Data Analyst II","New York City, New York","https://job-boards.greenhouse.io/garnerhealth/jobs/5815551004","2026-02-27T18:04:31-05:00","2026-03-08T12:53:28-04:00"
"Garner Health","Data Engineer II","New York City, New York","https://job-boards.greenhouse.io/garnerhealth/jobs/5735526004","2025-12-16T12:57:13-05:00","2026-03-08T12:53:28-04:00"
"Garner Health","Data Scientist II","New York City, New York","https://job-boards.greenhouse.io/garnerhealth/jobs/5654858004","2025-09-18T18:20:35-04:00","2026-03-08T12:53:28-04:00"
"Garner Health","Data Scientist II - Product","New York City, New York","https://job-boards.greenhouse.io/garnerhealth/jobs/5806406004","2026-02-18T15:04:16-05:00","2026-03-08T12:53:28-04:00"
"Garner Health","Software Engineer II","New York City, New York","https://job-boards.greenhouse.io/garnerhealth/jobs/5816889004","2026-03-03T18:47:29-05:00","2026-03-08T12:53:28-04:00"
"flir","Software Engineer - Calibration","US - Goleta, CA","https://flir.wd1.myworkdayjobs.com/en-US/flircareers/job/US---Goleta-CA/Software-Engineer---Calibration_REQ32986","Posted 30+ Days Ago",""
"flir","Summer Engineering Intern","US - Rancho Cordova, CA (TDY)","https://flir.wd1.myworkdayjobs.com/en-US/flircareers/job/US---Rancho-Cordova-CA-TDY/Summer-Engineering-Intern_REQ33036-1","Posted 30+ Days Ago",""
"Gecko Robotics","Data Analytics Engineer","New York City","https://jobs.ashbyhq.com/gecko-robotics/9817115d-d300-4c82-b9af-75dce32c30d1","2025-11-19T16:16:30.756+00:00",""
"Gecko Robotics","Software Engineer | Infrastructure","New York City","https://jobs.ashbyhq.com/gecko-robotics/e27b6b39-38be-4566-8f09-15fcd80da9fe","2026-01-23T18:59:50.538+00:00",""
"Gecko Robotics","Software Engineer | AI","New York City","https://jobs.ashbyhq.com/gecko-robotics/df00e21a-4c60-4f8f-8580-c780715c3009","2026-03-17T17:28:31.786+00:00",""
"Gecko Robotics","API Inspector","Houston","https://jobs.ashbyhq.com/gecko-robotics/bf86dedb-64e6-4020-bc50-3c9feb975bfd","2026-02-27T21:07:29.605+00:00",""
"Gelber Group","Algorithmic Trading Internship -  Boston Summer 2026","Boston, Massachusetts, United States","https://job-boards.greenhouse.io/gelbergroup/jobs/4654948006","2026-02-19T15:55:38-05:00","2026-02-24T11:30:33-05:00"
"General Atlantic","2026 Summer Analyst, Class of 2027, Portfolio Human Capital","New York - Park Avenue","https://job-boards.greenhouse.io/generalatlantic/jobs/5669453004","2026-02-13T14:52:07-05:00","2026-03-31T17:24:52-04:00"
"flir","Software Support Analyst","US - Englewood, CO (TDY)","https://flir.wd1.myworkdayjobs.com/en-US/flircareers/job/US---Englewood-CO-TDY/Software-Support-Analyst_REQ32965","Posted 30+ Days Ago",""
"flir","Software Engineer (Apps)","US - Garland, TX","https://flir.wd1.myworkdayjobs.com/en-US/flircareers/job/US---Garland-TX/Software-Engineer--Apps-_REQ31794-1","Posted 30+ Days Ago",""
"flir","Software Developer","Germany - Hamburg (Atlantic Haus)","https://flir.wd1.myworkdayjobs.com/en-US/flircareers/job/Germany---Hamburg-Atlantic-Haus/Software-Developer_REQ31047-1","Posted 30+ Days Ago",""
"Dematic Corp. (ILD-US)","Servicetechniker (m/w/d) - Raum Salzburg (Salzburg und nördliches Salzburg)","Wiener Neudorf, Austria","https://kiongroup.wd3.myworkdayjobs.com/en-US/KIONGroup/job/Wiener-Neudorf-Austria/Servicetechniker--m-w-d----Raum-Salzburg--Salzburg-und-Umgebung-_JR-0080924-1","Posted 30+ Days Ago",""
"flir","Software Developer","Germany - Hamburg (Atlantic Haus)","https://flir.wd1.myworkdayjobs.com/en-US/flircareers/job/Germany---Hamburg-Atlantic-Haus/Software-Developer_REQ31048-1","Posted 30+ Days Ago",""
"GE Healthcare","Ultrasound Applications Specialist NSW - GI","AUS08-01-Sydney-241 O'Riordan Street, 8F","https://gehc.wd5.myworkdayjobs.com/en-US/GEHC_ExternalSite/job/AUS08-01-Sydney-241-ORiordan-Street-8F/Ultrasound-Applications-Specialist-NSW---GI_R4038759-2","Posted 2 Days Ago",""
"flir","Computer Engineering Intern","US - Lincoln, NE","https://flir.wd1.myworkdayjobs.com/en-US/flircareers/job/US---Lincoln-NE/Computer-Engineering-Intern_REQ29119","Posted 30+ Days Ago",""
"General Motors LLC","Software Engineer – Autonomy Evaluation","Sunnyvale, California, United States of America","https://generalmotors.wd5.myworkdayjobs.com/en-US/Careers_GM/job/Sunnyvale-California-United-States-of-America/Software-Engineer---Autonomy-Evaluation_JR-202607794","Posted Today",""
"Genesys","Direct Response Representative Intern","Durham, NC, USA","https://genesys.wd1.myworkdayjobs.com/en-US/Genesys/job/Durham-NC-USA/Direct-Response-Representative-Intern_JR110623","Posted Yesterday",""
"GE Healthcare","Early Career Trainee, Business Operations Junior Specialist","RUS06-01-Moscow-Naberezhnaya Tower","https://gehc.wd5.myworkdayjobs.com/en-US/GEHC_ExternalSite/job/RUS06-01-Moscow-Naberezhnaya-Tower/Early-Career-Trainee--Business-Operations-Junior-Specialist_R4038493-1","Posted 6 Days Ago",""
"Dematic Corp. (ILD-US)","Servicetechniker Südliches Wiener Umland","Wiener Neudorf, Austria","https://kiongroup.wd3.myworkdayjobs.com/en-US/KIONGroup/job/Wiener-Neudorf-Austria/Servicetechniker-Sdliches-Wiener-Umland_JR-0085690","Posted 30+ Days Ago",""
"General Motors LLC","Supervisor – Manufacturing Software Application Development","Warren, Michigan, United States of America","https://generalmotors.wd5.myworkdayjobs.com/en-US/Careers_GM/job/Warren-Michigan-United-States-of-America/Supervisor---Manufacturing-Software-Application-Development_JR-202602836","Posted Today",""
"Glean","Software Engineer, Context Platform","Palo Alto, CA","https://job-boards.greenhouse.io/gleanwork/jobs/4638008005","2025-12-10T11:57:31-05:00","2026-03-31T22:32:39-04:00"
"Glean","Software Engineer, Insights","San Francisco, CA","https://job-boards.greenhouse.io/gleanwork/jobs/4659229005","2026-02-09T16:02:52-05:00","2026-04-01T13:56:28-04:00"
"GOAT ","Junior Authentication Specialist","Miami, Florida, United States","https://job-boards.greenhouse.io/goatgroup/jobs/4607776005","2025-09-10T18:28:20-04:00","2026-02-19T13:56:43-05:00"
"GOAT ","Junior Authentication Specialist","Fontana, California, United States","https://job-boards.greenhouse.io/goatgroup/jobs/4681125005","2026-04-02T17:35:33-04:00","2026-04-02T17:35:33-04:00"
"GOAT ","Junior Authentication Training Specialist","Easton, Pennsylvania, United States","https://job-boards.greenhouse.io/goatgroup/jobs/4666041005","2026-02-25T19:48:47-05:00","2026-03-04T12:21:29-05:00"
"GOAT ","Junior Authentication Training Specialist","Atlanta, Georgia, United States","https://job-boards.greenhouse.io/goatgroup/jobs/4666043005","2026-02-25T19:43:35-05:00","2026-03-04T12:20:34-05:00"
"GE Healthcare","V&V Intern","Haifa HEALTHCARE HA IL 2","https://gehc.wd5.myworkdayjobs.com/en-US/GEHC_ExternalSite/job/Haifa-HEALTHCARE-HA-IL-2/V-V-Intern_R4038246-2","Posted 8 Days Ago",""
"GreenSpark ","Software Engineer","Remote / New York","https://job-boards.greenhouse.io/applytogreenspark/jobs/4169702004","2021-11-03T11:32:54-04:00","2026-02-27T21:10:21-05:00"
"GE Healthcare","Ingénieur d'application Ultrasons Radiologie (H/F)  Sud-Est","La Penne-sur-Huveaune","https://gehc.wd5.myworkdayjobs.com/en-US/GEHC_ExternalSite/job/La-Penne-sur-Huveaune/Ingnieur-d-application-Ultrasons-Radiologie--H-F---Sud-Est_R4038447-1","Posted 9 Days Ago",""
"gumgum","Data Scientist I","Santa Monica, California, United States","https://job-boards.greenhouse.io/gumgum/jobs/7607663003","2026-01-28T02:03:07-05:00","2026-03-03T12:38:05-05:00"
"GE Healthcare","Inter/Co-op Advanced Manufacturing Engineering","Florence SC USA","https://gehc.wd5.myworkdayjobs.com/en-US/GEHC_ExternalSite/job/Florence-SC-USA/Inter-Co-op-Advanced-Manufacturing-Engineering_R4038379-1","Posted 9 Days Ago",""
"General Motors LLC","Motorsports Aero Data Processing Engineer","Concord, North Carolina, United States of America","https://generalmotors.wd5.myworkdayjobs.com/en-US/Careers_GM/job/Concord-North-Carolina-United-States-of-America/Motorsports-Aero-Data-Processing-Engineer_JR-202605819","Posted Yesterday",""
"GE Healthcare","Research Intern","WA07-01-Bellevue-1100-112th Avenue NE","https://gehc.wd5.myworkdayjobs.com/en-US/GEHC_ExternalSite/job/WA07-01-Bellevue-1100-112th-Avenue-NE/AI-Research-Intern_R4037528","Posted 10 Days Ago",""
"Hatch IT","AI Engineer","Washington, DC","https://jobs.lever.co/hatchit/1cca1fad-8aa8-401c-9abf-85b04b584382","2025-07-16 16:28:45","N/A"
"Hatch IT","Data Scientist","San Antonio, TX","https://jobs.lever.co/hatchit/6174b1c5-77d6-4459-9cc7-1d4fca0e3275","2026-01-30 13:48:12","N/A"
"Hatch IT","Deployment / DevOps Engineer","Washington, DC","https://jobs.lever.co/hatchit/5efd997b-3f7c-478c-884f-8fb7b50a66d2","2026-02-10 14:27:43","N/A"
"Hatch IT","General Application – All Positions","Washington, DC","https://jobs.lever.co/hatchit/8ed2ff8a-8534-4639-9e0e-e8acb9adf6ff","2020-03-25 19:09:42","N/A"
"High Metric","Forward Deployed AI Engineer","USA - Remote","https://www.newrocket.com/careers/job?gh_jid=5836050004&gh_jid=5836050004","2026-03-24T13:33:47-04:00","2026-03-25T15:39:29-04:00"
"GE Healthcare","V&V SPECT Reliability Intern","Haifa HEALTHCARE HA IL 2","https://gehc.wd5.myworkdayjobs.com/en-US/GEHC_ExternalSite/job/Haifa-HEALTHCARE-HA-IL-2/V-V-SPECT-Reliability-Intern_R4038292-1","Posted 14 Days Ago",""
"HRL Laboratories","Graph Machine Learning Research Intern","Calabasas, CA","https://jobs.lever.co/dodmg/9db761af-7677-4c97-a032-4b370e4659ce","2026-03-04 23:22:14","N/A"
"HRL Laboratories","LLM & Agentic AI Research Intern (Large Language Models)","Calabasas, CA","https://jobs.lever.co/dodmg/0ae255f0-77cd-486a-9f72-166d2f6a56f7","2026-03-04 22:59:54","N/A"
"HRL Laboratories","Quantum Optics Intern","Calabasas, CA","https://jobs.lever.co/dodmg/165673b9-45ce-4e65-b511-0502a12f377c","2026-03-18 16:47:50","N/A"
"HRL Laboratories","RF Systems Intern - Masters","Malibu, CA","https://jobs.lever.co/dodmg/32b9235e-69af-456a-9256-0d84085d8465","2026-03-31 20:04:32","N/A"
"HRL Laboratories","RF Systems Intern - Undergrad","Malibu, CA","https://jobs.lever.co/dodmg/549e3e17-aa94-4723-8d85-3448763ebc29","2026-03-31 16:11:14","N/A"
"genpt","Material Handler I","Louisville, KY, USA","https://genpt.wd1.myworkdayjobs.com/en-US/Careers/job/Louisville-KY-USA/Material-Handler-I_R26_0000010904","Posted Today",""
"Dematic Corp. (ILD-US)","Graduate AGV Software Engineer","Belrose, NSW, Australia","https://kiongroup.wd3.myworkdayjobs.com/en-US/KIONGroup/job/Belrose-NSW-Australia/Graduate-AGV-Software-Engineer_JR-0083681-1","Posted 30+ Days Ago",""
"Hudl","FP&A Intern","Lincoln, NE, United States","https://job-boards.greenhouse.io/hudl/jobs/7571560","2026-02-20T12:55:56-05:00","2026-02-20T12:55:56-05:00"
"Hudl","Intern, Hardware Operatons","Lincoln, NE, United States","https://job-boards.greenhouse.io/hudl/jobs/7746558","2026-03-28T14:41:35-04:00","2026-03-28T14:42:04-04:00"
"General Motors LLC","Vehicle Safety Data Analyst","Warren, Michigan, United States of America","https://generalmotors.wd5.myworkdayjobs.com/en-US/Careers_GM/job/Warren-Michigan-United-States-of-America/Vehicle-Safety-Data-Analyst_JR-202606171-1","Posted 2 Days Ago",""
"General Motors LLC","Cost Engineer – Data Analytics","Warren, Michigan, United States of America","https://generalmotors.wd5.myworkdayjobs.com/en-US/Careers_GM/job/Warren-Michigan-United-States-of-America/PPCO-Data-Analytics---Systems---Data-Analytics_JR-202606571","Posted 2 Days Ago",""
"Hudson River Trading","AI Researcher","London, United Kingdom; New York, NY, United States; Seattle, Washington, United States","https://www.hudsonrivertrading.com/careers/job/?gh_jid=7024891","2025-06-30T18:46:54-04:00","2026-03-25T10:58:37-04:00"
"Hudson River Trading","Algo Developer","New York, NY, United States; Singapore","https://www.hudsonrivertrading.com/careers/job/?gh_jid=96224","2021-12-06T09:09:50-05:00","2026-03-25T10:58:37-04:00"
"Hudson River Trading","Algorithm Developer (Quant Researcher) – 2026 PhDs","London, United Kingdom; New York, NY, United States; Singapore","https://www.hudsonrivertrading.com/careers/job/?gh_jid=7133986","2025-08-07T11:28:35-04:00","2026-03-25T10:58:37-04:00"
"Hudson River Trading","Data Production Engineer","London, United Kingdom; New York, NY, United States; Singapore","https://www.hudsonrivertrading.com/careers/job/?gh_jid=5196809","2023-07-19T10:45:43-04:00","2026-03-25T10:58:37-04:00"
"Hudson River Trading","Fullstack Developer","Chicago, Illinois, United States; London, United Kingdom; New York, NY, United States; Seattle, Washington, United States","https://www.hudsonrivertrading.com/careers/job/?gh_jid=7462541","2025-12-11T12:17:32-05:00","2026-03-25T10:58:37-04:00"
"Hudson River Trading","Junior Electronic Trading Support Engineer","Austin, TX, United States; Dublin, Ireland; New York, NY, United States","https://www.hudsonrivertrading.com/careers/job/?gh_jid=7116458","2025-07-29T10:27:16-04:00","2026-03-25T17:01:42-04:00"
"Hudson River Trading","Junior Quantitative Latency Engineer","Chicago, Illinois, United States; New York, NY, United States","https://www.hudsonrivertrading.com/careers/job/?gh_jid=7706268","2026-03-13T15:21:16-04:00","2026-03-25T10:58:37-04:00"
"Hudson River Trading","Software Engineer - AI Tools","Chicago, Illinois, United States; New York, NY, United States","https://www.hudsonrivertrading.com/careers/job/?gh_jid=7583957","2026-02-02T18:18:11-05:00","2026-03-25T10:58:37-04:00"
"Hudson River Trading","Software Engineer - Distributed Compute","London, United Kingdom; New York, NY, United States; Seattle, Washington, United States","https://www.hudsonrivertrading.com/careers/job/?gh_jid=6703954","2025-04-04T14:16:26-04:00","2026-03-25T10:58:37-04:00"
"Hudson River Trading","Software Engineer - Distributed Systems (Storage/Databases)","New York, NY, United States; Seattle, Washington, United States","https://www.hudsonrivertrading.com/careers/job/?gh_jid=6703952","2025-04-04T14:16:22-04:00","2026-03-25T10:58:37-04:00"
"Hudson River Trading","Software Engineer - GPU reliability","New York, NY, United States","https://www.hudsonrivertrading.com/careers/job/?gh_jid=7610947","2026-02-12T11:11:13-05:00","2026-03-25T10:58:37-04:00"
"Hudson River Trading","Software Engineer - Python","Chicago, Illinois, United States; London, United Kingdom; New York, NY, United States","https://www.hudsonrivertrading.com/careers/job/?gh_jid=7398013","2026-02-02T18:18:10-05:00","2026-03-25T10:58:37-04:00"
"Hudson River Trading","Software Engineer - Treasury Infrastructure","New York, NY, United States","https://www.hudsonrivertrading.com/careers/job/?gh_jid=7583953","2026-02-02T18:18:12-05:00","2026-03-25T10:58:37-04:00"
"Hyanni Sportresearch","Software Engineer II","Needham, MA","https://job-boards.greenhouse.io/hyannisportresearch/jobs/6578754003","2025-05-16T11:52:24-04:00","2025-10-29T10:36:35-04:00"
"Intrinsic Robotics","Robotics Software Engineer - Grasping","Mountain View, California","https://boards.greenhouse.io/intrinsicrobotics/jobs/5810890004?gh_jid=5810890004","2026-02-26T18:36:54-05:00","2026-03-24T12:59:30-04:00"
"Intrinsic Robotics","Robotics Software Engineer - Manufacturing Automation","Mountain View, California","https://boards.greenhouse.io/intrinsicrobotics/jobs/5841400004?gh_jid=5841400004","2026-03-31T17:37:48-04:00","2026-04-01T12:45:36-04:00"
"Intrinsic Robotics","Software Engineer, Data Infrastructure","Mountain View, California","https://boards.greenhouse.io/intrinsicrobotics/jobs/5741158004?gh_jid=5741158004","2025-12-19T17:25:11-05:00","2026-03-24T12:59:30-04:00"
"Intrinsic Robotics","Software Engineering","Mountain View, California | Munich, Germany | Singapore","https://boards.greenhouse.io/intrinsicrobotics/jobs/4215461004?gh_jid=4215461004","2021-11-29T12:51:25-05:00","2026-03-24T12:59:30-04:00"
"IXL Learning","Database Administrator (MySQL, Postgres)","San Mateo, CA","https://www.ixl.com/company/jobs?gh_jid=8381533002","2026-01-20T12:14:23-05:00","2026-03-26T11:37:13-04:00"
"IXL Learning","Database Administrator (MySQL, Postgres)","Raleigh, NC","https://www.ixl.com/company/jobs?gh_jid=8381567002","2026-01-20T12:14:32-05:00","2026-03-26T11:37:37-04:00"
"IXL Learning","Front-End Software Engineer, IXL Product","San Mateo, CA","https://www.ixl.com/company/jobs?gh_jid=8301531002","2025-11-20T13:12:53-05:00","2026-03-24T15:56:09-04:00"
"IXL Learning","Math Item Writer, Grades 6-12 (Freelance)","United States","https://www.ixl.com/company/jobs?gh_jid=8352687002","2025-12-23T16:30:09-05:00","2026-04-02T13:11:52-04:00"
"IXL Learning","Software Engineer","San Mateo, CA","https://www.ixl.com/company/jobs?gh_jid=8301749002","2025-11-20T14:40:21-05:00","2026-03-24T15:55:34-04:00"
"IXL Learning","Software Engineer","Raleigh, NC","https://www.ixl.com/company/jobs?gh_jid=8338431002","2025-12-12T16:17:00-05:00","2026-03-24T15:58:58-04:00"
"IXL Learning","Software Engineer, Core Technology","San Mateo, CA","https://www.ixl.com/company/jobs?gh_jid=7833792002","2025-01-27T22:26:36-05:00","2026-03-19T14:30:58-04:00"
"IXL Learning","Software Engineer, Dictionary.com","San Mateo, CA","https://www.ixl.com/company/jobs?gh_jid=8301800002","2025-11-20T14:59:18-05:00","2026-03-19T14:30:58-04:00"
"IXL Learning","Software Engineer, Education.com","San Mateo, CA","https://www.ixl.com/company/jobs?gh_jid=8340736002","2025-12-15T14:21:53-05:00","2026-03-19T14:30:58-04:00"
"IXL Learning","Software Engineer, Intern","San Mateo, CA","https://www.ixl.com/company/jobs?gh_jid=8430295002","2026-02-19T17:51:37-05:00","2026-03-19T14:30:58-04:00"
"IXL Learning","Software Engineer, Intern","Raleigh, NC","https://www.ixl.com/company/jobs?gh_jid=8430300002","2026-02-19T17:58:05-05:00","2026-03-19T14:30:58-04:00"
"IXL Learning","Software Engineer, New Grad","Raleigh, NC","https://www.ixl.com/company/jobs?gh_jid=8430279002","2026-02-19T17:01:52-05:00","2026-03-24T15:57:45-04:00"
"IXL Learning","Software Engineer, New Grad","San Mateo, CA","https://www.ixl.com/company/jobs?gh_jid=8486912002","2026-03-31T18:04:47-04:00","2026-03-31T18:04:47-04:00"
"IXL Learning","Software Engineer, Rosetta Stone","San Mateo, CA","https://www.ixl.com/company/jobs?gh_jid=8301833002","2025-11-20T15:12:10-05:00","2026-03-19T14:30:58-04:00"
"IXL Learning","Software Engineer, Teachers Pay Teachers","Raleigh, NC","https://www.ixl.com/company/jobs?gh_jid=8029381002","2025-06-06T21:08:28-04:00","2026-03-19T14:30:58-04:00"
"Jump Trading","AI Research Scientist | Research & Development","New York, London, Singapore","https://www.jumptrading.com/hr/job?gh_jid=4982814","2024-03-04T17:33:17-05:00","2026-03-23T12:09:09-04:00"
"Jump Trading","Applied AI Engineer (AI Adoption)","New York, Chicago, London","https://www.jumptrading.com/hr/job?gh_jid=7773688","2026-04-01T16:45:24-04:00","2026-04-02T07:46:36-04:00"
"Jump Trading","Campus AI Researcher, PhD/Postdoc (Intern)","Chicago; New York","https://www.jumptrading.com/hr/job?gh_jid=7141699","2025-08-07T13:46:18-04:00","2026-02-12T15:50:34-05:00"
"Jump Trading","Campus ML Research Engineer (Full-Time)","Chicago; New York","https://www.jumptrading.com/hr/job?gh_jid=7141620","2025-08-07T13:45:45-04:00","2026-02-12T15:50:34-05:00"
"Jump Trading","Quantitative Developer | Trading team","New York City or Chicago ","https://www.jumptrading.com/hr/job?gh_jid=7767735","2026-03-30T21:51:58-04:00","2026-03-30T21:51:58-04:00"
"Jump Trading","Software Engineer | Core Development","Chicago, New York, Austin","https://www.jumptrading.com/hr/job?gh_jid=6451571","2025-09-09T23:58:39-04:00","2026-03-18T14:28:00-04:00"
"Just Works","Software Engineer","New York, New York","https://boards.greenhouse.io/justworks/jobs/6917404?gh_jid=6917404","2025-05-27T16:28:26-04:00","2026-03-26T16:27:40-04:00"
"Just Works","Software Engineer, Frontend","New York, New York","https://boards.greenhouse.io/justworks/jobs/7733611?gh_jid=7733611","2026-03-19T10:38:07-04:00","2026-03-26T16:27:40-04:00"
"Kalderos","Data Engineer II","Chicago, IL; Boston, MA","https://www.kalderos.com/company/job-board/?gh_jid=7649793003","2026-03-02T18:00:30-05:00","2026-03-18T11:58:47-04:00"
"Kaseya","Data Center Technician II ","Pennsylvania, US","https://www.kaseya.com/careers/jobs/id/5822356004/?gh_jid=5822356004","2026-03-26T17:07:20-04:00","2026-03-26T17:07:20-04:00"
"Keyfactor","Cloud Architect","United States; Remote, EST or CST ","https://job-boards.greenhouse.io/keyfactorinc/jobs/5841982004","2026-03-31T13:44:43-04:00","2026-04-01T16:20:34-04:00"
"genpt","Store Counter Trainee","Kenner, LA, USA","https://genpt.wd1.myworkdayjobs.com/en-US/Careers/job/Kenner-LA-USA/Store-Counter-Trainee_R26_0000010298","Posted Yesterday",""
"Khan Academy","Content Intern, Chemistry ($42/hour; 40 hours/week; 8 weeks, Summer 2026)","Mountain View, CA / Remote (Continental US + Hawaii)","https://job-boards.greenhouse.io/khanacademy/jobs/7679176","2026-03-06T09:00:07-05:00","2026-03-13T14:41:54-04:00"
"Khan Academy","Content Intern, ELA ($42/hour; 40 hours/week; 8 weeks, Summer 2026)","Mountain View, CA / Remote (Continental US + Hawaii)","https://job-boards.greenhouse.io/khanacademy/jobs/7680287","2026-03-06T09:00:07-05:00","2026-03-13T14:41:55-04:00"
"Khan Academy","Content Intern, Math ($42/hour; 40 hours/week; 8 weeks, Summer 2026)","Mountain View, CA / Remote (Continental US + Hawaii)","https://job-boards.greenhouse.io/khanacademy/jobs/7680137","2026-03-06T09:00:07-05:00","2026-03-13T14:41:55-04:00"
"genpt","Delivery Driver - Repco Port Hedland - Full Time","Port Hedland, Western Australia, Australia","https://genpt.wd1.myworkdayjobs.com/en-US/Careers/job/Port-Hedland-Western-Australia-Australia/Delivery-Driver---Repco-Port-Hedland---Full-Time_R26_0000010602","Posted Yesterday",""
"Intel Corporation","Automated Material Handling Systems Engineer","US, Arizona, Phoenix","https://intel.wd1.myworkdayjobs.com/en-US/External/job/US-Arizona-Phoenix/Automated-Material-Handling-Systems-Engineer_JR0282597","Posted Today",""
"homedepot","Measure Technician (Part-Time) Colorado Springs, CO","COLORADO - VIRTUAL - CO01","https://homedepot.wd5.myworkdayjobs.com/en-US/CareerDepot/job/COLORADO---VIRTUAL---CO01/Measure-Technician--Part-Time--Colorado-Springs--CO_Req174452","Posted 2 Days Ago",""
"Intel Corporation","F25 MET Student Technician - DIEL - ICE - Intern","US, Oregon, Hillsboro","https://intel.wd1.myworkdayjobs.com/en-US/External/job/US-Oregon-Hillsboro/F25-MET-Student-Technician---DIEL---ICE---Intern_JR0282561","Posted Today",""
"KLA","Data Fabric Engineer - Palantir","Ann Arbor, MI","https://kla.wd1.myworkdayjobs.com/en-US/Search/job/Ann-Arbor-MI/Data-Fabric-Engineer_2634937-1","Posted Today",""
"KLA","Laser Engineer-Intern","Milpitas, CA","https://kla.wd1.myworkdayjobs.com/en-US/Search/job/Milpitas-CA/Laser-Engineer-Intern_2634943-1","Posted 3 Days Ago",""
"KLA","Software Engineer - AI/ML","Ann Arbor, MI","https://kla.wd1.myworkdayjobs.com/en-US/Search/job/Ann-Arbor-MI/Software-Engineer---AI-ML_2634976-1","Posted 3 Days Ago",""
"Intel Corporation","System Software development Engineer","US, California, Santa Clara","https://intel.wd1.myworkdayjobs.com/en-US/External/job/US-California-Santa-Clara/System-Software-development-Engineer_JR0282451","Posted Yesterday",""
"Intel Corporation","PDK Runset Development Software Engineer Intern","US, Oregon, Hillsboro","https://intel.wd1.myworkdayjobs.com/en-US/External/job/US-Oregon-Hillsboro/PDK-Runset-Development-Software-Engineer-Intern_JR0281081","Posted Yesterday",""
"KLA","Cloud Platform Architect","Ann Arbor, MI","https://kla.wd1.myworkdayjobs.com/en-US/Search/job/Ann-Arbor-MI/Cloud-Platform-Architect_2634514-1","Posted 30+ Days Ago",""
"Intel Corporation","GPU Software Development Engineer","US, California, Folsom","https://intel.wd1.myworkdayjobs.com/en-US/External/job/US-California-Folsom/GPU-Software-Development-Engineer_JR0281198","Posted 3 Days Ago",""
"Intel Corporation","AI Algorithm Engineer Scientist","US, California, Santa Clara","https://intel.wd1.myworkdayjobs.com/en-US/External/job/US-California-Santa-Clara/AI-Algorithm-Engineer-Scientist_JR0282284","Posted 3 Days Ago",""
"KLA","Algorithm Software Architecture","Milpitas, CA","https://kla.wd1.myworkdayjobs.com/en-US/Search/job/Milpitas-CA/Algorithm-Software-Architecture_2533427","Posted 30+ Days Ago",""
"KLA","AI Scientist Intern","Ann Arbor, MI","https://kla.wd1.myworkdayjobs.com/en-US/Search/job/Ann-Arbor-MI/AI-Scientist-Intern_2532581-2","Posted 30+ Days Ago",""
"genpt","Store Counter Trainee","Rio Rancho, NM, USA","https://genpt.wd1.myworkdayjobs.com/en-US/Careers/job/Rio-Rancho-NM-USA/Store-Counter-Trainee_R26_0000004743-1","Posted 3 Days Ago",""
"KLA","Product Development Application Engineer","Milpitas, CA","https://kla.wd1.myworkdayjobs.com/en-US/Search/job/Milpitas-CA/Product-Development-Application-Engineer_2635170-1","Posted Today",""
"KLA","Software Engineering Intern","Milpitas, CA","https://kla.wd1.myworkdayjobs.com/en-US/Search/job/Milpitas-CA/Software-Engineering-Intern_2635363-2","Posted Today",""
"Intel Corporation","GPU Software Development Engineer","US, California, Folsom","https://intel.wd1.myworkdayjobs.com/en-US/External/job/US-California-Folsom/GPU-Software-Development-Engineer_JR0279567","Posted 6 Days Ago",""
"Intel Corporation","Software Application Development Engineer","US, Arizona, Phoenix","https://intel.wd1.myworkdayjobs.com/en-US/External/job/US-Arizona-Phoenix/Software-Application-Development-Engineer_JR0282277-1","Posted 7 Days Ago",""
"Included Health","Mental Health Therapist","Illinois","https://jobs.lever.co/includedhealth/257945ac-1faf-496a-a7be-9712e8b75115","2026-03-20 15:35:49","N/A"
"Included Health","Mental Health Therapist","Tennessee","https://jobs.lever.co/includedhealth/29af260c-cc9b-4fe9-b358-6135fd5909be","2026-03-20 15:30:47","N/A"
"Included Health","Mental Health Therapist","Ohio","https://jobs.lever.co/includedhealth/387371b0-98f7-4b7f-a274-bef090372ae2","2026-03-20 15:33:14","N/A"
"Included Health","Mental Health Therapist","New York, NY","https://jobs.lever.co/includedhealth/4592a33b-3545-4615-8625-94c0645c582a","2026-03-23 15:51:14","N/A"
"Included Health","Mental Health Therapist","Pennsylvania","https://jobs.lever.co/includedhealth/49388cfa-e860-41d2-ab8a-b19d59e025b5","2026-03-23 16:59:59","N/A"
"Included Health","Mental Health Therapist","Arizona","https://jobs.lever.co/includedhealth/4d92fdf0-d72e-40ac-85d4-fca93dece0b9","2026-03-20 15:36:43","N/A"
"Included Health","Mental Health Therapist","Minnesota","https://jobs.lever.co/includedhealth/6a213796-8216-411a-9e6d-963aa75fb83a","2026-03-20 15:26:24","N/A"
"Included Health","Mental Health Therapist","North Carolina","https://jobs.lever.co/includedhealth/7353ca09-47ae-451b-9189-de11a94d40df","2026-03-20 15:28:19","N/A"
"Included Health","Mental Health Therapist","Oregon","https://jobs.lever.co/includedhealth/773dfdcc-f68a-4b79-afd6-ace918a45d76","2026-03-20 15:37:45","N/A"
"Included Health","Mental Health Therapist","Texas","https://jobs.lever.co/includedhealth/b7c71562-c4d7-434f-80dc-82a2e94e28fd","2026-03-20 15:23:21","N/A"
"Included Health","Mental Health Therapist","Massachusetts","https://jobs.lever.co/includedhealth/c628a50b-9412-43d8-af5e-82b0cbd1c97c","2026-03-23 17:01:16","N/A"
"Included Health","Mental Health Therapist","Washington","https://jobs.lever.co/includedhealth/cda7ea26-c4ad-4c72-8b63-aa73d9c16783","2026-03-20 15:25:13","N/A"
"Included Health","Mental Health Therapist","Virginia","https://jobs.lever.co/includedhealth/cf53b4dd-8e28-49cd-9845-fac2f05ee0f3","2026-03-23 15:46:34","N/A"
"Included Health","Mental Health Therapist","Georgia","https://jobs.lever.co/includedhealth/e373a9af-b559-4888-babf-707c0168e0d7","2026-03-23 15:48:27","N/A"
"genpt","Material Handler I","Merrillville, IN, USA","https://genpt.wd1.myworkdayjobs.com/en-US/Careers/job/Merrillville-IN-USA/Material-Handler-I_R26_0000009936","Posted 3 Days Ago",""
"KLA","Data Analyst Intern","Milpitas, CA","https://kla.wd1.myworkdayjobs.com/en-US/Search/job/Milpitas-CA/Marketing-Analyst-Intern_2533113-1","Posted Yesterday",""
"KLA","LKS Technical Development Instructor (RAPID)","Milpitas, CA","https://kla.wd1.myworkdayjobs.com/en-US/Search/job/Milpitas-CA/Technical-Training-Developer-Instructor_2634747","Posted 2 Days Ago",""
"Intel Corporation","Manufacturing Engineering Graduate Intern","US, Arizona, Phoenix","https://intel.wd1.myworkdayjobs.com/en-US/External/job/US-Arizona-Phoenix/Manufacturing-Engineering-Graduate-Intern_JR0281770","Posted 7 Days Ago",""
"Kobie","BI Report Developer","St. Petersburg, Florida","https://jobs.lever.co/kobie/d930533b-3f25-4a2f-b942-e1185fdda326","2025-08-29 15:14:35","N/A"
"Kobie","Software Engineer","St. Petersburg, Florida","https://jobs.lever.co/kobie/cbcdd3c7-865f-423a-a5d3-ede12ed3146a","2025-10-28 16:42:20","N/A"
"KLA","Material Handler","Milpitas, CA","https://kla.wd1.myworkdayjobs.com/en-US/Search/job/Milpitas-CA/Material-Handler_2533328","Posted 3 Days Ago",""
"KLA","AI Engineering Architect – Agentic AI & Digital Engineering","Milpitas, CA","https://kla.wd1.myworkdayjobs.com/en-US/Search/job/Milpitas-CA/AI-Engineering-Architect---Agentic-AI---Digital-Engineering_2635124","Posted 3 Days Ago",""
"LaunchDarkly ","Backend Engineer, Feature Management","Remote - US","https://job-boards.greenhouse.io/launchdarkly/jobs/6626314003","2025-06-30T19:42:10-04:00","2026-03-26T14:57:40-04:00"
"LaunchDarkly ","Data Scientist, Data Science","Remote - US","https://job-boards.greenhouse.io/launchdarkly/jobs/7617683003","2026-02-04T12:49:45-05:00","2026-03-26T14:58:15-04:00"
"LaunchDarkly ","Frontend Engineer, Guarded Releases","Remote - US","https://job-boards.greenhouse.io/launchdarkly/jobs/7664340003","2026-03-13T17:17:39-04:00","2026-03-26T15:00:19-04:00"
"LaunchDarkly ","Infrastructure Engineer","Remote - US","https://job-boards.greenhouse.io/launchdarkly/jobs/7655955003","2026-03-06T15:22:47-05:00","2026-03-26T15:02:13-04:00"
"LaunchDarkly ","SDK Software Engineer, AI","Remote - US","https://job-boards.greenhouse.io/launchdarkly/jobs/7647797003","2026-03-02T12:58:03-05:00","2026-03-26T15:06:08-04:00"
"Lendbuzz","Machine Learning Engineer Co-op","Boston, MA","https://jobs.lever.co/lendbuzz/4b8de709-3ea9-4fe9-844d-77aa95e8476f","2026-03-27 16:08:37","N/A"
"Lendbuzz","Software Engineer (Machine Learning - LLMs)","Boston, MA","https://jobs.lever.co/lendbuzz/492d25b7-45e7-4ccb-9ba9-c2dab3812fd0","2026-03-11 14:52:23","N/A"
"Liaison Edu","Data Analyst/Curator","Hybrid - US","https://www.liaisonedu.com/open-positions/?gh_jid=4963330008","2025-10-22T16:04:03-04:00","2026-03-13T11:59:27-04:00"
"Intel Corporation","Foundry Automation Software Application Engineer","US, Arizona, Phoenix","https://intel.wd1.myworkdayjobs.com/en-US/External/job/US-Arizona-Phoenix/Foundry-Automation-Software-Application-Engineer_JR0282047","Posted 9 Days Ago",""
"Lightricks","AI Video Creator","New York City, New York, United States","https://careers.lightricks.com/position?gh_jid=8427047002&gh_jid=8427047002","2026-02-19T09:44:58-05:00","2026-03-10T01:01:11-04:00"
"Lightricks","Creative AI-Solutions Specialist ","Jerusalem","https://careers.lightricks.com/position?gh_jid=8383059002&gh_jid=8383059002","2026-01-26T06:47:14-05:00","2026-03-31T08:57:21-04:00"
"Lightricks","Large Scale Training Engineer - LTX Model","Jerusalem","https://careers.lightricks.com/position?gh_jid=8363009002&gh_jid=8363009002","2026-01-22T06:00:23-05:00","2026-03-10T01:01:10-04:00"
"Lightricks","Research Scientist - LTX Model Applications","Jerusalem","https://careers.lightricks.com/position?gh_jid=8439227002&gh_jid=8439227002","2026-03-01T01:12:15-05:00","2026-03-10T01:01:12-04:00"
"KLA","Environmental Health and Safety Internship","Ann Arbor, MI","https://kla.wd1.myworkdayjobs.com/en-US/Search/job/Ann-Arbor-MI/Environmental-Health-and-Safety-Internship_2635201-1","Posted 7 Days Ago",""
"Logic gate","GTM Engineer Intern (Chicago)","Chicago - United States","https://job-boards.greenhouse.io/logicgate/jobs/4669845005","2026-03-09T10:23:14-04:00","2026-03-09T10:23:14-04:00"
"Logic gate","Product Management Intern (Chicago)","Chicago - United States","https://job-boards.greenhouse.io/logicgate/jobs/4669847005","2026-03-09T08:37:31-04:00","2026-03-09T08:37:31-04:00"
"Logic gate","Software Engineer Intern (Chicago)","Chicago - United States","https://job-boards.greenhouse.io/logicgate/jobs/4671118005","2026-03-09T12:53:16-04:00","2026-03-09T12:53:16-04:00"
"KLA","Applications Development Engineer","Totowa, NJ","https://kla.wd1.myworkdayjobs.com/en-US/Search/job/Totowa-NJ/Applications-Development-Engineer_2532289","Posted 13 Days Ago",""
"Lyft","Data Scientist, Algorithms - Lyft Ads","San Francisco, CA","https://app.careerpuck.com/job-board/lyft/job/8330398002?gh_jid=8330398002","2025-12-10T14:11:16-05:00","2025-12-10T14:11:16-05:00"
"Lyft","Data Scientist, Algorithms - Lyft Ads","New York, NY","https://app.careerpuck.com/job-board/lyft/job/8330595002?gh_jid=8330595002","2025-12-10T14:11:17-05:00","2025-12-10T14:11:17-05:00"
"Lyft","Data Scientist, Algorithms, ML - Fulfillment","New York, NY","https://app.careerpuck.com/job-board/lyft/job/8404976002?gh_jid=8404976002","2026-02-04T18:35:07-05:00","2026-02-04T18:35:07-05:00"
"Lyft","Data Scientist, Algorithms, ML - Fulfillment","Seattle, WA","https://app.careerpuck.com/job-board/lyft/job/8405008002?gh_jid=8405008002","2026-02-04T18:35:08-05:00","2026-02-04T18:35:08-05:00"
"Lyft","Data Scientist, Algorithms, Optimization - Fulfillment","Seattle, WA","https://app.careerpuck.com/job-board/lyft/job/8335715002?gh_jid=8335715002","2025-12-12T16:46:43-05:00","2026-04-02T19:10:29-04:00"
"Lyft","Data Scientist, Algorithms, Optimization - Fulfillment","New York, NY","https://app.careerpuck.com/job-board/lyft/job/8335733002?gh_jid=8335733002","2025-12-12T16:46:59-05:00","2026-04-02T19:10:29-04:00"
"Lyft","Data Scientist, Decisions - Central Market Management","San Francisco, CA","https://app.careerpuck.com/job-board/lyft/job/8376875002?gh_jid=8376875002","2026-01-16T16:52:33-05:00","2026-02-17T14:10:43-05:00"
"Lyft","Data Scientist, Decisions - Central Market Management","New York, NY","https://app.careerpuck.com/job-board/lyft/job/8378473002?gh_jid=8378473002","2026-01-16T16:52:38-05:00","2026-02-17T14:10:43-05:00"
"Lyft","Data Scientist - Machine Learning, Pricing & Rider Engagement","San Francisco, CA","https://app.careerpuck.com/job-board/lyft/job/8485432002?gh_jid=8485432002","2026-03-30T14:50:28-04:00","2026-03-30T14:50:28-04:00"
"Lyft","FullStack Engineer, Fleets Tooling ","San Francisco, CA","https://app.careerpuck.com/job-board/lyft/job/8399087002?gh_jid=8399087002","2026-01-30T16:20:59-05:00","2026-01-30T16:20:59-05:00"
"Lyft","Software Engineer, Data Platform","San Francisco, CA","https://app.careerpuck.com/job-board/lyft/job/8448176002?gh_jid=8448176002","2026-03-04T10:01:59-05:00","2026-03-04T10:01:59-05:00"
"Lyft","Software Engineer, Gov Tech","Seattle, WA","https://app.careerpuck.com/job-board/lyft/job/8483819002?gh_jid=8483819002","2026-03-27T16:53:54-04:00","2026-03-27T16:53:54-04:00"
"Lyft","Software Engineer, Lyft Business","San Francisco, CA","https://app.careerpuck.com/job-board/lyft/job/8326337002?gh_jid=8326337002","2025-12-08T13:37:59-05:00","2026-03-19T13:36:38-04:00"
"Lyft","Software Engineer, Rider","New York, NY","https://app.careerpuck.com/job-board/lyft/job/8452280002?gh_jid=8452280002","2026-03-06T09:39:32-05:00","2026-03-23T21:11:58-04:00"
"KLA","AI Infrastructure Engineer","Milpitas, CA","https://kla.wd1.myworkdayjobs.com/en-US/Search/job/Milpitas-CA/Software-Engineer_2633865","Posted 20 Days Ago",""
"KLA","Applications Development Engineer","Milpitas, CA","https://kla.wd1.myworkdayjobs.com/en-US/Search/job/Milpitas-CA/Applications-Development-Engineer_2532526","Posted 21 Days Ago",""
"Merlin Labs","Autonomy Software Engineer","Boston or Remote","https://jobs.lever.co/merlinlabs/244fc261-8cf6-4e0c-aa93-5252538ae7fa","2023-12-18 14:58:37","N/A"
"Intel Corporation","GPU Software Development Engineer","US, Oregon, Hillsboro","https://intel.wd1.myworkdayjobs.com/en-US/External/job/US-Oregon-Hillsboro/GPU-Software-Development-Engineer_JR0282189","Posted 15 Days Ago",""
"KLA","Software Engineer - HPC","Milpitas, CA","https://kla.wd1.myworkdayjobs.com/en-US/Search/job/Milpitas-CA/Software-Engineer---HPC_2634742-1","Posted 23 Days Ago",""
"KLA","Systems Software Engineer","Ann Arbor, MI","https://kla.wd1.myworkdayjobs.com/en-US/Search/job/Ann-Arbor-MI/Systems-Software-Engineer_2634321","Posted 24 Days Ago",""
"LexisNexis Risk Solutions","Tech Accelerate Graduate Program - Software Engineer June","Alpharetta, GA","https://relx.wd3.myworkdayjobs.com/en-US/RiskSolutions/job/Alpharetta-GA/Tech-Accelerate-Graduate-Program---Software-Engineer-June_R100293","Posted Today",""
"KLA","Applications Development Intern","Milpitas, CA","https://kla.wd1.myworkdayjobs.com/en-US/Search/job/Milpitas-CA/Applications-Development-Intern_2532279-1","Posted 28 Days Ago",""
"KLA","Full Stack Software Intern","Milpitas, CA","https://kla.wd1.myworkdayjobs.com/en-US/Search/job/Milpitas-CA/Full-Stack-Software-Intern_2633729","Posted 28 Days Ago",""
"KLA","AI/ML Intern","Milpitas, CA","https://kla.wd1.myworkdayjobs.com/en-US/Search/job/Milpitas-CA/AI-ML-Intern_2634349-2","Posted 28 Days Ago",""
"Intel Corporation","GPU Software Development Engineer","US, Oregon, Hillsboro","https://intel.wd1.myworkdayjobs.com/en-US/External/job/US-Oregon-Hillsboro/GPU-Software-Development-Engineer_JR0282186","Posted 15 Days Ago",""
"Intel Corporation","Software Application Development Engineer","US, Oregon, Hillsboro","https://intel.wd1.myworkdayjobs.com/en-US/External/job/US-Oregon-Hillsboro/Software-Application-Development-Engineer_JR0282051-1","Posted 15 Days Ago",""
"KLA","Algorithm Engineering Intern (Image Processing)","Ann Arbor, MI","https://kla.wd1.myworkdayjobs.com/en-US/Search/job/Ann-Arbor-MI/Algorithm-Engineering-Intern--Image-Processing-_2531394-1","Posted 30 Days Ago",""
"LexisNexis Risk Solutions","Software Engineer III","Miamisburg, OH","https://relx.wd3.myworkdayjobs.com/en-US/RiskSolutions/job/Miamisburg-OH/Software-Engineer-III_R110951","Posted 2 Days Ago",""
"LexisNexis Risk Solutions","Data Engineering intern (Sprinternship)","Boca Raton, FL","https://relx.wd3.myworkdayjobs.com/en-US/RiskSolutions/job/Boca-Raton-FL/Data-Engineering-intern--Sprinternship-_R110421","Posted 2 Days Ago",""
"genpt","Engineering Intern","Danvers, MA, USA","https://genpt.wd1.myworkdayjobs.com/en-US/Careers/job/Danvers-MA-USA/Engineering-Intern_R26_0000010195","Posted 6 Days Ago",""
"homedepot","Yard Driver Non CDL","LOCUST GROVE DFC - 6777","https://homedepot.wd5.myworkdayjobs.com/en-US/CareerDepot/job/LOCUST-GROVE-DFC---6777/Yard-Driver-Non-CDL_Req171203-1","Posted 17 Days Ago",""
"KLA","Software Engineer - Test Automation","Milpitas, CA","https://kla.wd1.myworkdayjobs.com/en-US/Search/job/Milpitas-CA/Software-Engineer---Test-Automation_2634613","Posted 30+ Days Ago",""
"KLA","Advanced Algorithm Intern","Milpitas, CA","https://kla.wd1.myworkdayjobs.com/en-US/Search/job/Milpitas-CA/Advanced-Algorithm-Intern_2532229","Posted 30+ Days Ago",""
"KLA","GPU Software Engineer","Milpitas, CA","https://kla.wd1.myworkdayjobs.com/en-US/Search/job/Milpitas-CA/GPU-Software-Engineer_2633775","Posted 30+ Days Ago",""
"Micron","New College Grad - Process Engineer ID1","Boise, ID - ID1","https://micron.wd1.myworkdayjobs.com/en-US/External/job/Boise-ID---ID1/New-College-Grad---Process-Engineer-ID1_JR91788","Posted Today",""
"Merck & Co.","Specialist, Data Engineer (Hybrid - Rahway, NJ)","USA - New Jersey - Rahway","https://msd.wd5.myworkdayjobs.com/en-US/SearchJobs/job/USA---New-Jersey---Rahway/Specialist--Data-Engineer--Hybrid---Rahway--NJ-_R390759-2","Posted Today",""
"KLA","Product Development Engineer (Hardware, Software & Data Analytics)","Milpitas, CA","https://kla.wd1.myworkdayjobs.com/en-US/Search/job/Milpitas-CA/Product-Development-Engineer--Hardware--Software---Data-Analytics-_2634301","Posted 30+ Days Ago",""
"KLA","Software Intern (HPC Infrastructure)","USA-CA-Milpitas-KLA","https://kla.wd1.myworkdayjobs.com/en-US/Search/job/USA-CA-Milpitas-KLA/Software-Intern--HPC-Infrastructure-_2633754-2","Posted 30+ Days Ago",""
"Micron","Intern - Direct Materials Buyer","Boise, ID - North Office","https://micron.wd1.myworkdayjobs.com/en-US/External/job/Boise-ID---North-Office/Intern---Direct-Materials-Buyer_JR88613","Posted Yesterday",""
"Micron","Intern - FE Materials Business Analyst","Boise, ID - North Office","https://micron.wd1.myworkdayjobs.com/en-US/External/job/Boise-ID---North-Office/Intern---FE-Materials-Business-Analyst_JR89253","Posted Yesterday",""
"Micron","Intern - Computer Engineer, AI/ML/LLM","Richardson, TX","https://micron.wd1.myworkdayjobs.com/en-US/External/job/Richardson-TX/Intern---Computer-Engineer--AI-ML-LLM_JR96660","Posted Yesterday",""
"KLA","Application Engineer Intern","Milpitas, CA","https://kla.wd1.myworkdayjobs.com/en-US/Search/job/Milpitas-CA/Application-Engineer-Intern_2532180-1","Posted 30+ Days Ago",""
"KLA","Analytics Actuarial Intern","Milpitas, CA","https://kla.wd1.myworkdayjobs.com/en-US/Search/job/Milpitas-CA/Analytics-Actuarial-Intern_2533182-1","Posted 30+ Days Ago",""
"KLA","System Engineering Intern","Milpitas, CA","https://kla.wd1.myworkdayjobs.com/en-US/Search/job/Milpitas-CA/System-Engineering-Intern_2532514-1","Posted 30+ Days Ago",""
"Merck & Co.","Internship - Clinical Research Associate (CRA)","PRT - Lisbon - Paço de Arcos (Head)","https://msd.wd5.myworkdayjobs.com/en-US/SearchJobs/job/PRT---Lisbon---Pao-de-Arcos-Head/Internship---Clinical-Research-Associate--CRA-_R390950","Posted 2 Days Ago",""
"genpt","Store Paint Specialist","Dodgeville, WI, USA","https://genpt.wd1.myworkdayjobs.com/en-US/Careers/job/Dodgeville-WI-USA/Store-Paint-Specialist_R26_0000008022","Posted 8 Days Ago",""
"genpt","Store Counter Trainee (Part Time)","Tupelo, MS, USA","https://genpt.wd1.myworkdayjobs.com/en-US/Careers/job/Tupelo-MS-USA/Store-Counter-Trainee--Part-Time-_R26_0000007131","Posted 8 Days Ago",""
"KLA","Applications Development Engineer - FaST","Hillsboro, OR","https://kla.wd1.myworkdayjobs.com/en-US/Search/job/Hillsboro-OR/Applications-Development-Engineer---FaST_2532594","Posted 30+ Days Ago",""
"KLA","Diagnostics Software Engineer","Milpitas, CA","https://kla.wd1.myworkdayjobs.com/en-US/Search/job/Milpitas-CA/Diagnostics-Software-Engineer_2532636","Posted 30+ Days Ago",""
"Micron","Software Development Engineer","Boise, ID - Main Site","https://micron.wd1.myworkdayjobs.com/en-US/External/job/Boise-ID---Main-Site/Information-Technology-Software-Engineer_JR83832","Posted 2 Days Ago",""
"genpt","Technical Training Specialist - Electrical","Birmingham, AL, USA","https://genpt.wd1.myworkdayjobs.com/en-US/Careers/job/Birmingham-AL-USA/Technical-Training-Specialist---Electrical_R26_0000009874","Posted 8 Days Ago",""
"homedepot","Measure Tech, Flooring (Part Time) - Brainerd, MN","MINNESOTA - VIRTUAL - MN01","https://homedepot.wd5.myworkdayjobs.com/en-US/CareerDepot/job/MINNESOTA---VIRTUAL---MN01/Measure-Tech--Flooring--Part-Time----Brainerd--MN_Req171009-1","Posted 29 Days Ago",""
"Intel Corporation","Advanced IC Packaging Software Engineer","US, Arizona, Phoenix","https://intel.wd1.myworkdayjobs.com/en-US/External/job/US-Arizona-Phoenix/Advanced-IC-Packaging-Software-Engineer_JR0281218-1","Posted 30+ Days Ago",""
"Micron","New College Grad - Silicon Planning Engineer","Boise, ID - North Office","https://micron.wd1.myworkdayjobs.com/en-US/External/job/Boise-ID---North-Office/New-College-Grad---Silicon-Planning-Engineer_JR96687","Posted 3 Days Ago",""
"KLA","Software Engineer (E)","Ann Arbor, MI","https://kla.wd1.myworkdayjobs.com/en-US/Search/job/Ann-Arbor-MI/Software-Engineer--E-_2320148","Posted 30+ Days Ago",""
"homedepot","Rental Delivery Driver 1 CDLA - Downingtown, PA","NEW JERSEY - VIRTUAL - NJ01","https://homedepot.wd5.myworkdayjobs.com/en-US/CareerDepot/job/NEW-JERSEY---VIRTUAL---NJ01/Rental-Delivery-Driver-II-CDLA---Downingtown--PA_Req170140","Posted 30 Days Ago",""
"Micron","AI Solution Intake & Feasibility Analyst","Boise, ID - Main Site","https://micron.wd1.myworkdayjobs.com/en-US/External/job/Boise-ID---Main-Site/AI-Solution-Intake---Feasibility-Analyst_JR87342","Posted 3 Days Ago",""
"KLA","Software Engineer (E)","Ann Arbor, MI","https://kla.wd1.myworkdayjobs.com/en-US/Search/job/Ann-Arbor-MI/Software-Engineer--E-_2320007","Posted 30+ Days Ago",""
"genpt","Software Engineer IV","Birmingham, AL, USA","https://genpt.wd1.myworkdayjobs.com/en-US/Careers/job/Birmingham-AL-USA/Software-Engineer-IV_R26_0000002349","Posted 9 Days Ago",""
"MKSCareersUniversity","2026 Summer Supplier Quality Engineer Intern","Andover Shattuck, MA","https://mksinst.wd1.myworkdayjobs.com/en-US/MKSCareersUniversity/job/Andover-Shattuck-MA/XMLNAME-2026-Summer-Supplier-Quality-Engineer-Graduate-Intern_R15060","Posted 3 Days Ago",""
"Micron","Systems Software Engineer","Folsom, CA","https://micron.wd1.myworkdayjobs.com/en-US/External/job/Folsom-CA/Systems-Software-Engineer_JR96376","Posted 6 Days Ago",""
"genpt","Store Paint Specialist (Part Time)","Latham, NY, USA","https://genpt.wd1.myworkdayjobs.com/en-US/Careers/job/Latham-NY-USA/Store-Paint-Specialist--Part-Time-_R26_0000003777","Posted 10 Days Ago",""
"Micron","IT Software Engineer","Manassas, VA -  Fab 6","https://micron.wd1.myworkdayjobs.com/en-US/External/job/Manassas-VA----Fab-6/IT-Software-Engineer_JR96374","Posted 7 Days Ago",""
"homedepot","Rental Delivery Driver (CDLA) - Houston, TX","HOUSTON HUB - 5716","https://homedepot.wd5.myworkdayjobs.com/en-US/CareerDepot/job/HOUSTON-HUB---5716/Rental-Delivery-Driver--CDLA----Houston--TX_Req168876","Posted 30+ Days Ago",""
"Micron","Intern - Environmental Sustainability","Boise, ID - Main Site","https://micron.wd1.myworkdayjobs.com/en-US/External/job/Boise-ID---Main-Site/Intern-Environmental-Sustainability_JR96347","Posted 7 Days Ago",""
"Micron","New College Grad - ID1 IT System Administrator","Boise, ID - ID1","https://micron.wd1.myworkdayjobs.com/en-US/External/job/Boise-ID---ID1/New-College-Grad---ID1-IT-System-Administrator_JR96450","Posted 8 Days Ago",""
"Micron","Intern - Smart Manufacturing","Boise, ID - Main Site","https://micron.wd1.myworkdayjobs.com/en-US/External/job/Boise-ID---Main-Site/Intern---Smart-Manufacturing_JR95965","Posted 8 Days Ago",""
"genpt","Motion Automation Intelligence- Software Engineer III","Salisbury, NC, USA","https://genpt.wd1.myworkdayjobs.com/en-US/Careers/job/Salisbury-NC-USA/Engineer_R25_0000031216","Posted 10 Days Ago",""
"Micron","Document and Training Administration Specialist","Boise, ID - ID1","https://micron.wd1.myworkdayjobs.com/en-US/External/job/Boise-ID---ID1/Document-and-Training-Administration-Specialist_JR95687-1","Posted 9 Days Ago",""
"Micron","Software Development Engineer","Boise, ID - Main Site","https://micron.wd1.myworkdayjobs.com/en-US/External/job/Boise-ID---Main-Site/Software-Development-Engineer_JR94671","Posted 10 Days Ago",""
"Micron","New College Grad - Software Development Engineer","Boise, ID - Main Site","https://micron.wd1.myworkdayjobs.com/en-US/External/job/Boise-ID---Main-Site/New-College-Grad---Software-Development-Engineer_JR95528","Posted 10 Days Ago",""
"genpt","Data Governance Analyst","Birmingham, AL, USA","https://genpt.wd1.myworkdayjobs.com/en-US/Careers/job/Birmingham-AL-USA/Data-Governance-Analyst_R26_0000008302-1","Posted 13 Days Ago",""
"genpt","Data Quality Specialist","Birmingham, AL, USA","https://genpt.wd1.myworkdayjobs.com/en-US/Careers/job/Birmingham-AL-USA/Data-Quality-Specialist_R26_0000006228-1","Posted 13 Days Ago",""
"Micron","IT Solution Architect - PLM & Master Data","Boise, ID - Main Site","https://micron.wd1.myworkdayjobs.com/en-US/External/job/Boise-ID---Main-Site/IT-Solution-Architect---PLM---Master-Data_JR93935","Posted 14 Days Ago",""
"genpt","Power Platform Software Engineer","Birmingham, AL, USA","https://genpt.wd1.myworkdayjobs.com/en-US/Careers/job/Birmingham-AL-USA/Software-Engineer-III_R26_0000008028","Posted 14 Days Ago",""
"MongoDB","2026 - Program Management & Strategic Initiatives Intern, NYC","New York City","https://www.mongodb.com/careers/job/?gh_jid=7335926","2025-12-11T15:15:54-05:00","2026-04-01T10:21:32-04:00"
"MongoDB","Cloud Operations Engineer","United States","https://www.mongodb.com/careers/job/?gh_jid=7647255","2026-03-18T11:59:40-04:00","2026-04-01T10:21:32-04:00"
"MongoDB","Software Engineer 3","New York City","https://www.mongodb.com/careers/job/?gh_jid=7644278","2026-03-02T15:05:59-05:00","2026-04-01T10:21:32-04:00"
"MongoDB","Software Engineer 3, Insights and Telemetry","New York City","https://www.mongodb.com/careers/job/?gh_jid=7571347","2026-02-02T22:14:43-05:00","2026-04-01T10:21:32-04:00"
"MongoDB","Software Engineer, Code Generation","California; Colorado; Montana; Nevada; New Mexico; Oregon; Utah; Washington","https://www.mongodb.com/careers/job/?gh_jid=7311666","2025-12-22T14:40:50-05:00","2026-04-03T00:30:53-04:00"
"MongoDB","Software Engineer, Networking & Observability","New York City; United States","https://www.mongodb.com/careers/job/?gh_jid=7672660","2026-03-05T11:00:19-05:00","2026-04-01T10:21:32-04:00"
"Micron","IT Solution Architect - PLM & Master Data","Boise, ID - Main Site","https://micron.wd1.myworkdayjobs.com/en-US/External/job/Boise-ID---Main-Site/IT-Solution-Architect---PLM---Master-Data_JR94915-1","Posted 15 Days Ago",""
"Micron","New College Grad - RDA/Metrology-Process Shift Engineer, TD","Boise, ID - Main Site","https://micron.wd1.myworkdayjobs.com/en-US/External/job/Boise-ID---Main-Site/New-College-Grad---RDA-Metrology-Process-Shift-Engineer--TD_JR94215","Posted 15 Days Ago",""
"Micron","Intern - Automotive Product Global Quality","Manassas, VA -  Fab 6","https://micron.wd1.myworkdayjobs.com/en-US/External/job/Manassas-VA----Fab-6/Intern---Automotive-Product-Global-Quality_JR93481","Posted 15 Days Ago",""
"Micron","New College Grad - Metals/Films Process Development Engineer","Boise, ID - Main Site","https://micron.wd1.myworkdayjobs.com/en-US/External/job/Boise-ID---Main-Site/New-College-Grad---Metals-Films-Process-Development-Engineer_JR94556","Posted 16 Days Ago",""
"Micron","Intern - GQ Reliability Methods","Boise, ID - Main Site","https://micron.wd1.myworkdayjobs.com/en-US/External/job/Boise-ID---Main-Site/GQ-Reliability-Methods-Summer-Intern_JR94278","Posted 17 Days Ago",""
"Micron","New College Grad - Product Development Failure Analysis Engineer","Boise, ID - Main Site","https://micron.wd1.myworkdayjobs.com/en-US/External/job/Boise-ID---Main-Site/New-College-Grad---Product-Development-Failure-Analysis-Engineer_JR92550","Posted 17 Days Ago",""
"genpt","Engineering Intern","Rochester, NY, USA","https://genpt.wd1.myworkdayjobs.com/en-US/Careers/job/Rochester-NY-USA/Engineering-Intern_R26_0000008868","Posted 16 Days Ago",""
"Micron","New College Grad - Wafer Bonding Process Development Engineer","Boise, ID - Main Site","https://micron.wd1.myworkdayjobs.com/en-US/External/job/Boise-ID---Main-Site/New-College-Grad---Wafer-Bonding-Process-Development-Engineer_JR94564","Posted 17 Days Ago",""
"MOOG","Intern, Systems Engineering","Torrance, CA","https://moog.wd5.myworkdayjobs.com/en-US/MOOG_External_Career_Site/job/Torrance-CA/Intern--Systems-Engineering_R-25-13772","Posted Today",""
"MOOG","Intern, Manufacturing Engineering","Blacksburg, VA","https://moog.wd5.myworkdayjobs.com/en-US/MOOG_External_Career_Site/job/Blacksburg-VA/Intern--Manufacturing-Engineering_R-26-16923","Posted Today",""
"MOOG","Intern, Supplier Quality Excellence","Buffalo, NY","https://moog.wd5.myworkdayjobs.com/en-US/MOOG_External_Career_Site/job/Buffalo-NY/Intern--Supplier-Quality-Excellence_R-26-16918","Posted Today",""
"MOOG","Intern, Indirect Procurement","Buffalo, NY","https://moog.wd5.myworkdayjobs.com/en-US/MOOG_External_Career_Site/job/Buffalo-NY/Intern--Indirect-Procurement_R-26-16915","Posted Today",""
"MOOG","Intern, Operations","Salt Lake City, UT","https://moog.wd5.myworkdayjobs.com/en-US/MOOG_External_Career_Site/job/Salt-Lake-City-UT/Intern--Operations_R-26-16779","Posted Yesterday",""
"MOOG","Intern, Environmental Health & Safety","Buffalo, NY","https://moog.wd5.myworkdayjobs.com/en-US/MOOG_External_Career_Site/job/Buffalo-NY/Intern--Environmental-Health---Safety_R-26-16953","Posted Yesterday",""
"MOOG","Intern, Manufacturing/Industrial","Arvada, CO","https://moog.wd5.myworkdayjobs.com/en-US/MOOG_External_Career_Site/job/Arvada-CO/Intern--Manufacturing-Industrial_R-26-16869","Posted Yesterday",""
"MOOG","Intern, Operations Engineering","Cleveland, OH","https://moog.wd5.myworkdayjobs.com/en-US/MOOG_External_Career_Site/job/Cleveland-OH/Intern--Operations-Engineering_R-26-16825","Posted Yesterday",""
"MOOG","Intern, Product Engineering","Buffalo, NY","https://moog.wd5.myworkdayjobs.com/en-US/MOOG_External_Career_Site/job/Buffalo-NY/Intern--Product-Engineering_R-25-13655","Posted Yesterday",""
"MOOG","Intern, Manufacturing & Industrial Engineering","Buffalo, NY","https://moog.wd5.myworkdayjobs.com/en-US/MOOG_External_Career_Site/job/Buffalo-NY/Intern--Manufacturing---Industrial-Engineering_R-26-16875","Posted Yesterday",""
"Micron","AI-optimized Physical/Platform Architect","Folsom, CA","https://micron.wd1.myworkdayjobs.com/en-US/External/job/Folsom-CA/AI-optimized-Physical-Platform-Architect_JR94421","Posted 20 Days Ago",""
"Micron","Metro Applications Engineer","Boise, ID - ID1","https://micron.wd1.myworkdayjobs.com/en-US/External/job/Boise-ID---ID1/Metro-Applications-Engineer_JR94653","Posted 20 Days Ago",""
"MOOG","Intern, Program Management","Mineral Wells, TX","https://moog.wd5.myworkdayjobs.com/en-US/MOOG_External_Career_Site/job/Mineral-Wells-TX/Intern--Program-Management_R-26-16877","Posted 2 Days Ago",""
"MOOG","Intern, Test Engineering","Buffalo, NY","https://moog.wd5.myworkdayjobs.com/en-US/MOOG_External_Career_Site/job/Buffalo-NY/Intern--Test-Engineering_R-26-16911","Posted 3 Days Ago",""
"MOOG","Intern, Industrial Engineering","Phoenix, AZ","https://moog.wd5.myworkdayjobs.com/en-US/MOOG_External_Career_Site/job/Phoenix-AZ/Intern--Industrial-Engineering_R-26-16898","Posted 3 Days Ago",""
"Morgan Stanley","Intern","Rochester, New York, United States of America","https://ms.wd5.myworkdayjobs.com/en-US/External/job/Rochester-New-York-United-States-of-America/Intern_JR033515-1","Posted 3 Days Ago",""
"Morgan Stanley","PWM Intern","Denver, Colorado, United States of America","https://ms.wd5.myworkdayjobs.com/en-US/External/job/Denver-Colorado-United-States-of-America/PWM-Intern_JR031610","Posted 23 Days Ago",""
"Morgan Stanley","intern","Fairhope, Alabama, United States of America","https://ms.wd5.myworkdayjobs.com/en-US/External/job/Fairhope-Alabama-United-States-of-America/intern_JR029207-1","Posted 28 Days Ago",""
"MOOG","Manufacturing Engineer/CNC Programmer - Mill-Turn","Buffalo, NY","https://moog.wd5.myworkdayjobs.com/en-US/MOOG_External_Career_Site/job/Buffalo-NY/Manufacturing-Engineer-CNC-Programmer---Mill-Turn_R-26-16970","Posted 3 Days Ago",""
"MOOG","Intern, Quality Engineering","Salt Lake City, UT","https://moog.wd5.myworkdayjobs.com/en-US/MOOG_External_Career_Site/job/Salt-Lake-City-UT/Intern--Quality-Engineering_R-26-16740","Posted 8 Days Ago",""
"Morgan Stanley","Private Wealth Management Intern","Salt Lake City, Utah, United States of America","https://ms.wd5.myworkdayjobs.com/en-US/External/job/Salt-Lake-City-Utah-United-States-of-America/Private-Wealth-Management-Intern_JR030693","Posted 30 Days Ago",""
"Morgan Stanley","Intern","Pasadena, California, United States of America","https://ms.wd5.myworkdayjobs.com/en-US/External/job/Pasadena-California-United-States-of-America/Intern_JR030747","Posted 30+ Days Ago",""
"Morgan Stanley","Intern - Bilingual English/Spanish","Pasadena, California, United States of America","https://ms.wd5.myworkdayjobs.com/en-US/External/job/Pasadena-California-United-States-of-America/Intern---Bilingual-English-Spanish_JR030746","Posted 30+ Days Ago",""
"Morgan Stanley","Intern - Bilingual English/Mandarin","Pasadena, California, United States of America","https://ms.wd5.myworkdayjobs.com/en-US/External/job/Pasadena-California-United-States-of-America/Intern---Bilingual-English-Mandarin_JR029493","Posted 30+ Days Ago",""
"Morgan Stanley","Global Capital Markets - Balance Sheet Solutions (FICM) Associate","New York, New York, United States of America","https://ms.wd5.myworkdayjobs.com/en-US/External/job/New-York-New-York-United-States-of-America/Global-Capital-Markets---Balance-Sheet-Solutions--FICM--Associate-VP_JR019660-1","Posted Today",""
"Natera ","Genomics Data System DevOps Engineer-Temp","US Remote","https://job-boards.greenhouse.io/natera/jobs/5811034004","2026-02-25T12:45:32-05:00","2026-03-25T14:59:26-04:00"
"Natera ","Medical Science Liaison","US Remote","https://job-boards.greenhouse.io/natera/jobs/5840771004","2026-03-31T17:07:24-04:00","2026-03-31T17:07:24-04:00"
"National Information Solutions Cooperative (NISC)","Internal Network Administrator","Lake St. Louis, MO","https://job-boards.greenhouse.io/nisc/jobs/7712232","2026-03-12T13:53:17-04:00","2026-03-12T13:53:17-04:00"
"National Information Solutions Cooperative (NISC)","Print Services Operator (Mailroom)","Lake Saint Louis, MO","https://job-boards.greenhouse.io/nisc/jobs/7571996","2026-01-28T14:17:52-05:00","2026-01-28T14:17:52-05:00"
"National Information Solutions Cooperative (NISC)","Software Engineer - AI/ML","Any NISC Location or Virtual","https://job-boards.greenhouse.io/nisc/jobs/7662437","2026-02-27T11:26:55-05:00","2026-02-27T11:26:55-05:00"
"National Information Solutions Cooperative (NISC)","Support Specialist - Data Center Operations (Broadband)","Mandan, ND","https://job-boards.greenhouse.io/nisc/jobs/7743555","2026-03-23T16:17:10-04:00","2026-03-23T16:17:10-04:00"
"National Information Solutions Cooperative (NISC)","Support Specialist - Meter Data Management","Lake Saint Louis, MO","https://job-boards.greenhouse.io/nisc/jobs/7648588","2026-02-24T14:50:12-05:00","2026-02-24T14:50:48-05:00"
"Neuralink","Electrical Engineer Intern, Robotics and Surgery Engineering","Fremont, California, United States","https://boards.greenhouse.io/neuralink/jobs/6607398003?gh_jid=6607398003","2025-06-13T12:43:35-04:00","2026-04-01T12:29:45-04:00"
"Neuralink","Firmware Engineer Intern, Robotics and Surgery Engineering","Fremont, California, United States","https://boards.greenhouse.io/neuralink/jobs/6648992003?gh_jid=6648992003","2025-07-15T12:23:48-04:00","2026-04-01T21:23:02-04:00"
"Neuralink","Manufacturing Intern, Surgery & Robot Hardware","Fremont, California, United States","https://boards.greenhouse.io/neuralink/jobs/7666761003?gh_jid=7666761003","2026-03-19T20:46:16-04:00","2026-04-01T12:29:45-04:00"
"Neuralink","Robot Optics Intern","Fremont, California, United States","https://boards.greenhouse.io/neuralink/jobs/6576326003?gh_jid=6576326003","2025-05-14T14:49:50-04:00","2026-04-01T21:26:16-04:00"
"Neuralink","Software Engineer, BCI Applications","Fremont, California, United States","https://boards.greenhouse.io/neuralink/jobs/6596365003?gh_jid=6596365003","2025-06-02T12:49:18-04:00","2026-04-01T12:29:45-04:00"
"Neuralink","Software Engineer, Data Engineering","Austin, Texas, United States; Fremont, California, United States","https://boards.greenhouse.io/neuralink/jobs/6521553003?gh_jid=6521553003","2025-03-25T18:28:20-04:00","2026-04-01T12:29:45-04:00"
"Neuralink","Software Engineer, Implant","Austin, Texas, United States; Fremont, California, United States","https://boards.greenhouse.io/neuralink/jobs/6569010003?gh_jid=6569010003","2025-05-07T19:56:44-04:00","2026-04-01T12:29:45-04:00"
"Neuralink","Software Engineer, Implant Manufacturing","Austin, Texas, United States","https://boards.greenhouse.io/neuralink/jobs/6353417003?gh_jid=6353417003","2025-02-07T17:15:05-05:00","2026-04-01T12:29:45-04:00"
"Neuralink","Software Engineer, Infrastructure","Austin, Texas, United States; Fremont, California, United States","https://boards.greenhouse.io/neuralink/jobs/6583843003?gh_jid=6583843003","2025-05-21T14:06:58-04:00","2026-04-01T12:29:45-04:00"
"Neuralink","Software Engineer Intern","Austin, Texas, United States; Fremont, California, United States","https://boards.greenhouse.io/neuralink/jobs/6672977003?gh_jid=6672977003","2025-08-08T20:18:27-04:00","2026-04-01T21:29:47-04:00"
"Neuralink","Software Engineer Intern, BCI Applications","Fremont, California, United States","https://boards.greenhouse.io/neuralink/jobs/6594422003?gh_jid=6594422003","2025-05-30T19:47:45-04:00","2026-04-01T21:27:01-04:00"
"Neuralink","Software Engineer Intern, Implant","Austin, Texas, United States; Fremont, California, United States","https://boards.greenhouse.io/neuralink/jobs/6569018003?gh_jid=6569018003","2025-05-07T21:48:48-04:00","2026-04-01T21:28:10-04:00"
"Neuralink","Software Engineer Intern, Internal Apps","Austin, Texas, United States; Fremont, California, United States","https://boards.greenhouse.io/neuralink/jobs/6083322003?gh_jid=6083322003","2024-12-13T15:15:59-05:00","2026-04-01T21:27:39-04:00"
"Neuralink","Software Engineer Intern, Robotics","Austin, Texas, United States; Fremont, California, United States","https://boards.greenhouse.io/neuralink/jobs/5469305003?gh_jid=5469305003","2025-01-14T14:13:27-05:00","2026-04-01T21:28:56-04:00"
"Neuralink","Software Engineer, Pathology and Digital Imaging ","Austin, Texas, United States","https://boards.greenhouse.io/neuralink/jobs/7656401003?gh_jid=7656401003","2026-03-06T19:40:21-05:00","2026-04-01T12:29:45-04:00"
"Neuralink","Software Engineer, Robotics","Austin, Texas, United States; Fremont, California, United States","https://boards.greenhouse.io/neuralink/jobs/4205469003?gh_jid=4205469003","2020-11-03T12:58:28-05:00","2026-04-01T12:29:45-04:00"
"Neuralink","Software Engineer, Robot Manufacturing","Fremont, California, United States","https://boards.greenhouse.io/neuralink/jobs/7655221003?gh_jid=7655221003","2026-03-05T22:28:52-05:00","2026-04-01T12:29:45-04:00"
"MOOG","Software Engineer","Torrance, CA","https://moog.wd5.myworkdayjobs.com/en-US/MOOG_External_Career_Site/job/Torrance-CA/Software-Engineer_R-26-16796","Posted 15 Days Ago",""
"MOOG","Software Engineer","Buffalo, NY","https://moog.wd5.myworkdayjobs.com/en-US/MOOG_External_Career_Site/job/Buffalo-NY/Software-Engineer_R-26-16735","Posted 16 Days Ago",""
"MOOG","Manufacturing Engineer/CNC Programmer - Milling","Buffalo, NY","https://moog.wd5.myworkdayjobs.com/en-US/MOOG_External_Career_Site/job/Buffalo-NY/Manufacturing-Engineer-CNC-Programmer---Milling_R-26-16770","Posted 16 Days Ago",""
"genpt","Store Paint Specialist","Sacramento, CA, USA","https://genpt.wd1.myworkdayjobs.com/en-US/Careers/job/Sacramento-CA-USA/Store-Paint-Specialist_R26_0000008307-1","Posted 20 Days Ago",""
"genpt","Autotech Technical Trainer","Saint Louis, MO, USA","https://genpt.wd1.myworkdayjobs.com/en-US/Careers/job/Saint-Louis-MO-USA/Autotech-Technical-Trainer_R26_0000008034","Posted 20 Days Ago",""
"genpt","Engineering Intern","Eden Prairie, MN, USA","https://genpt.wd1.myworkdayjobs.com/en-US/Careers/job/Eden-Prairie-MN-USA/Engineering-Intern_R26_0000008562","Posted 20 Days Ago",""
"MOOG","Manufacturing Engineer/CNC Programmer - Swiss Type Lathe","Buffalo, NY","https://moog.wd5.myworkdayjobs.com/en-US/MOOG_External_Career_Site/job/Buffalo-NY/Manufacturing-Engineer-CNC-Programmer---Swiss-Type-Lathe_R-26-16512","Posted 30 Days Ago",""
"NMI","DevOps Infrastructure  Engineer / Systems Administrator","Schaumburg, US (remote)","https://job-boards.greenhouse.io/nmi/jobs/5135798008","2026-02-27T12:19:54-05:00","2026-02-27T12:20:40-05:00"
"NMI","Google Cloud Data Engineer","Remote, US","https://job-boards.greenhouse.io/nmi/jobs/5135888008","2026-03-04T13:25:06-05:00","2026-03-04T13:25:34-05:00"
"NT Concepts","Data Scientist","Chantilly, VA","https://job-boards.greenhouse.io/ntconcepts/jobs/5640958004","2025-09-05T15:02:19-04:00","2026-03-30T10:25:15-04:00"
"NT Concepts","Java Developer","Vienna, VA","https://job-boards.greenhouse.io/ntconcepts/jobs/5806610004","2026-02-17T18:22:49-05:00","2026-03-30T10:21:40-04:00"
"NT Concepts","Software Engineer ","Vienna, VA","https://job-boards.greenhouse.io/ntconcepts/jobs/5798278004","2026-02-09T15:15:10-05:00","2026-02-09T15:15:10-05:00"
"Nextdoor","Software Engineer - iOS","Chicago, IL; Dallas, TX; Los Angeles, CA; New York, NY; San Francisco, CA; US Remote","https://about.nextdoor.com/careers-list/?gh_jid=7540015","2026-01-15T14:23:21-05:00","2026-04-03T00:39:55-04:00"
"Morgan Stanley","Full Stack Engineer - Associate","New York, New York, United States of America","https://ms.wd5.myworkdayjobs.com/en-US/External/job/New-York-New-York-United-States-of-America/Full-Stack-Engineer---Associate_PT-JR033501","Posted Yesterday",""
"MOOG","CMM Programmer","Buffalo, NY","https://moog.wd5.myworkdayjobs.com/en-US/MOOG_External_Career_Site/job/Buffalo-NY/CMM-Programmer_R-25-13055","Posted 30+ Days Ago",""
"Morgan Stanley","Data Engineering Associate - Associate","New York, New York, United States of America","https://ms.wd5.myworkdayjobs.com/en-US/External/job/New-York-New-York-United-States-of-America/Data-Engineering-Associate---Associate_PT-JR031031","Posted Yesterday",""
"netflix","Research Scientist 5/6 – AI for Member Systems","USA - Remote","https://netflix.wd1.myworkdayjobs.com/en-US/Netflix/job/USA---Remote/Research-Scientist-L4-L5--Algorithms-Engineering_JR31234-1","Posted 30+ Days Ago",""
"netflix","Software Engineer L4/L5, Model Serving Systems, Machine Learning Platform","USA - Remote","https://netflix.wd1.myworkdayjobs.com/en-US/Netflix/job/USA---Remote/Software-Engineer-L4-L5--Model-Serving-Systems--Machine-Learning-Platform_JR31056","Posted 30+ Days Ago",""
"netflix","Software Engineer L4/L5 Training Platform, Machine Learning Platform","USA - Remote","https://netflix.wd1.myworkdayjobs.com/en-US/Netflix/job/USA---Remote/Software-Engineer-L4-L5--Training-Platform--Machine-Learning-Platform_JR31231-1","Posted 30+ Days Ago",""
"netflix","Software Engineer L4/L5 - Data and Feature Infrastructure, Machine Learning Platform","USA - Remote","https://netflix.wd1.myworkdayjobs.com/en-US/Netflix/job/USA---Remote/Software-Engineer-L4-L5---Data-and-Feature-Infrastructure--Machine-Learning-Platform_JR31232","Posted 30+ Days Ago",""
"Nike","Technical Developer II - Global Accessories","Beaverton, Oregon","https://nike.wd1.myworkdayjobs.com/en-US/nke/job/Beaverton-Oregon/Technical-Developer-II---Global-Accessories_R-81555","Posted Today",""
"netflix","Data Engineer (L5)","USA - Remote","https://netflix.wd1.myworkdayjobs.com/en-US/Netflix/job/USA---Remote/Data-Engineer--L5-_JR37949","Posted 30+ Days Ago",""
"netflix","Distributed Systems Engineer (L4) - Data Platform","USA - Remote","https://netflix.wd1.myworkdayjobs.com/en-US/Netflix/job/USA---Remote/Distributed-Systems-Engineer--L4----Data-Platform_JR28717","Posted 30+ Days Ago",""
"netflix","Software Engineer 5 - Ads Identity & Privacy","Washington - Remote","https://netflix.wd1.myworkdayjobs.com/en-US/Netflix/job/Washington---Remote/Software-Engineer--L5----Ads-Identity---Privacy_JR33623","Posted Today",""
"netflix","Privacy Engineer (L5), Data Protection","USA - Remote","https://netflix.wd1.myworkdayjobs.com/en-US/Netflix/job/USA---Remote/Privacy-Engineer--L5---Data-Protection_JR39299","Posted Today",""
"netflix","Distributed Systems Engineer (L5) - Data Platform","USA - Remote","https://netflix.wd1.myworkdayjobs.com/en-US/Netflix/job/USA---Remote/Distributed-Systems-Engineer--L5----Data-Platform_JR28718","Posted Yesterday",""
"netflix","Software Engineer 5 - Research Data Products","USA - Remote","https://netflix.wd1.myworkdayjobs.com/en-US/Netflix/job/USA---Remote/Software-Engineer-5---Research-Data-Products_JR39789","Posted 2 Days Ago",""
"Nike","EKIN Experience & Training Specialist LATAM","Ciudad de México, Mexico","https://nike.wd1.myworkdayjobs.com/en-US/nke/job/Ciudad-de-Mxico-Mexico/EKIN-Experience---Training-Specialist-LATAM_R-81465","Posted Yesterday",""
"NVIDIA","Software Engineer, AI Inference Systems - New College Graduate 2026","US, CA, Santa Clara","https://nvidia.wd5.myworkdayjobs.com/en-US/NVIDIAExternalCareerSite/job/US-CA-Santa-Clara/Software-Engineer--AI-Inference-Systems---New-College-Graduate-2026_JR2015076","Posted Today",""
"nVent","Material Handler - 3rd Shift","Anoka, MN, US","https://nvent.wd5.myworkdayjobs.com/en-US/nVent/job/Anoka-MN-US/Material-Handler---3rd-Shift_R21136","Posted Today",""
"nVent","Painter (Manufacturing) Night Shift","Chattanooga, TN, US","https://nvent.wd5.myworkdayjobs.com/en-US/nVent/job/Chattanooga-TN-US/Painter--Manufacturing--Night-Shift_R21215","Posted Today",""
"netflix","Software Engineer 4, N-Tech Systems Engineering","USA - Remote","https://netflix.wd1.myworkdayjobs.com/en-US/Netflix/job/USA---Remote/Software-Engineer-4_JR39746","Posted 3 Days Ago",""
"netflix","Software Engineer - Video Algorithm Systems (L4)","USA - Remote","https://netflix.wd1.myworkdayjobs.com/en-US/Netflix/job/USA---Remote/Software-Engineer---Video-Algorithm-Systems--L4-_JR39723","Posted 4 Days Ago",""
"netflix","Distributed Systems Engineer 5 — Cloud Network Engineering","USA - Remote","https://netflix.wd1.myworkdayjobs.com/en-US/Netflix/job/USA---Remote/Software-Engineer-5---Cloud-Network-Engineering_JR39345","Posted 7 Days Ago",""
"netflix","Software Engineer - N-Tech","USA - Remote","https://netflix.wd1.myworkdayjobs.com/en-US/Netflix/job/USA---Remote/Software-Engineer---N-Tech_JR39102","Posted 7 Days Ago",""
"netflix","Data Scientist (L5) - Content Understanding","USA - Remote","https://netflix.wd1.myworkdayjobs.com/en-US/Netflix/job/USA---Remote/Data-Scientist-5---Title-and-Launch-Management_JR37108","Posted 7 Days Ago",""
"nVent","Quality Programmer Engineering Technician - 2nd Shift","Anoka, MN, US","https://nvent.wd5.myworkdayjobs.com/en-US/nVent/job/Anoka-MN-US/Quality-Programmer-Engineering-Technician---1st-Shift_R21202","Posted 2 Days Ago",""
"nVent","Painter (Manufacturing)","Millington, MD, US","https://nvent.wd5.myworkdayjobs.com/en-US/nVent/job/Millington-MD-US/Painter--Manufacturing-_R21201","Posted 2 Days Ago",""
"Morgan Stanley","Wealth Management, Securities Based Lending - Ultra High Net Worth / Tailored Lending – Associate (Credit Risk)","New York, New York, United States of America","https://ms.wd5.myworkdayjobs.com/en-US/External/job/New-York-New-York-United-States-of-America/Wealth-Management--Securities-Based-Lending---Ultra-High-Net-Worth---Tailored-Lending---Associate--Credit-Risk-_PT-JR033367-1","Posted 3 Days Ago",""
"nVent","Material Handler - Multiple Shifts","Anoka, MN, US","https://nvent.wd5.myworkdayjobs.com/en-US/nVent/job/Anoka-MN-US/Material-Handler---Multiple-Shifts_R20659","Posted 3 Days Ago",""
"nVent","Manufacturing Trainer - Multiple Shifts","Anoka, MN, US","https://nvent.wd5.myworkdayjobs.com/en-US/nVent/job/Anoka-MN-US/Manufacturing-Trainer---Multiple-Shifts_R20846-1","Posted 3 Days Ago",""
"nVent","Application Engineer","Anoka, MN, US","https://nvent.wd5.myworkdayjobs.com/en-US/nVent/job/Anoka-MN-US/Application-Engineer_R19651","Posted 7 Days Ago",""
"NVIDIA","Cell Modeling and Verification Engineer - New College Grad 2026","US, CA, Santa Clara","https://nvidia.wd5.myworkdayjobs.com/en-US/NVIDIAExternalCareerSite/job/US-CA-Santa-Clara/Cell-Modelling-and-Verification-Engineer---New-College-Grad-2026_JR2011631","Posted Yesterday",""
"NVIDIA","Software Engineer, Simulation - Robotics","US, CA, Santa Clara","https://nvidia.wd5.myworkdayjobs.com/en-US/NVIDIAExternalCareerSite/job/US-CA-Santa-Clara/Software-Engineer--Simulation---Robotics_JR2015217","Posted Yesterday",""
"nVent","Material Handler","Oregon, WI, US","https://nvent.wd5.myworkdayjobs.com/en-US/nVent/job/Oregon-WI-US/Material-Handler_R21125","Posted 9 Days Ago",""
"nVent","Material Handler - 1st Shift","Anoka, MN, US","https://nvent.wd5.myworkdayjobs.com/en-US/nVent/job/Anoka-MN-US/Material-Handler---1st-Shift_R21120","Posted 9 Days Ago",""
"netflix","Software Engineer 5 - Games Systems","USA - Remote","https://netflix.wd1.myworkdayjobs.com/en-US/Netflix/job/USA---Remote/Software-Engineer-5---Games-Systems_JR39604","Posted 10 Days Ago",""
"Morgan Stanley","Capital Planning Transformation - Associate","New York, New York, United States of America","https://ms.wd5.myworkdayjobs.com/en-US/External/job/New-York-New-York-United-States-of-America/Capital-Planning-Transformation-Associate--Scrum-Master-_PT-JR022937","Posted 6 Days Ago",""
"NVIDIA","AI Compiler Engineer","US, CA, Santa Clara","https://nvidia.wd5.myworkdayjobs.com/en-US/NVIDIAExternalCareerSite/job/US-CA-Santa-Clara/AI-Compiler-Engineer_JR2014497-1","Posted Yesterday",""
"nVent","Electrical Material Handler","Eleanor, WV, US","https://nvent.wd5.myworkdayjobs.com/en-US/nVent/job/Eleanor-WV-US/Electrical-Material-Handler_R21093","Posted 10 Days Ago",""
"nVent","Mfg Material Handler - 3rd Shift","Solon, OH, US","https://nvent.wd5.myworkdayjobs.com/en-US/nVent/job/Solon-OH-US/Mfg-Material-Handler---3rd-Shift_R21091","Posted 10 Days Ago",""
"nVent","Mfg Material Handler - 1st Shift","Solon, OH, US","https://nvent.wd5.myworkdayjobs.com/en-US/nVent/job/Solon-OH-US/Mfg-Material-Handler---1st-Shift_R21082","Posted 13 Days Ago",""
"netflix","Data Scientist L6 - Games Portfolio","USA - Remote","https://netflix.wd1.myworkdayjobs.com/en-US/Netflix/job/USA---Remote/Data-Scientist-L6---Games-Portfolio_JR37168","Posted 13 Days Ago",""
"nVent","Material Handler (Receiving) - 2nd Shift","Anoka, MN, US","https://nvent.wd5.myworkdayjobs.com/en-US/nVent/job/Anoka-MN-US/Material-Handler--Receiving----2nd-Shift_R21015","Posted 15 Days Ago",""
"nVent","Operations Intern","Solon, OH, US","https://nvent.wd5.myworkdayjobs.com/en-US/nVent/job/Solon-OH-US/Operations-Intern_R20425","Posted 16 Days Ago",""
"NVIDIA","System Software Engineer, Distributed Systems","US, CA, Santa Clara","https://nvidia.wd5.myworkdayjobs.com/en-US/NVIDIAExternalCareerSite/job/US-CA-Santa-Clara/System-Software-Engineer--Distributed-Systems_JR2013472","Posted 2 Days Ago",""
"netflix","Distributed Systems Engineer 5 – Cloud Gateway","USA - Remote","https://netflix.wd1.myworkdayjobs.com/en-US/Netflix/job/USA---Remote/Distributed-Systems-Engineer--L5----Cloud-Gateway_JR36748","Posted 17 Days Ago",""
"netflix","Full-Stack Engineer 5 –  AI Insights & Visualizations, AI Platform","USA - Remote","https://netflix.wd1.myworkdayjobs.com/en-US/Netflix/job/USA---Remote/Full-Stack-Engineer-L5--ML-Insights---Visualizations--Machine-Learning-Platform_JR37456","Posted 17 Days Ago",""
"nVent","Material Handler","Pittsburg, KS, US","https://nvent.wd5.myworkdayjobs.com/en-US/nVent/job/Pittsburg-KS-US/Material-Handler_R21000","Posted 16 Days Ago",""
"nVent","Electrical Engineering Liaison","Oregon, WI, US","https://nvent.wd5.myworkdayjobs.com/en-US/nVent/job/Oregon-WI-US/Electrical-Engineering-Liaison_R21002","Posted 17 Days Ago",""
"nVent","Material Handler (Receiving) - 2nd Shift","Anoka, MN, US","https://nvent.wd5.myworkdayjobs.com/en-US/nVent/job/Anoka-MN-US/Material-Handler---2nd-Shift_R20526","Posted 21 Days Ago",""
"nVent","Material Handler (Receiving) - 1st Shift","Anoka, MN, US","https://nvent.wd5.myworkdayjobs.com/en-US/nVent/job/Anoka-MN-US/Material-Handler---1st-Shift_R20525","Posted 21 Days Ago",""
"nVent","Logistics Material Handler - 1st Shift","New Berlin, WI, US","https://nvent.wd5.myworkdayjobs.com/en-US/nVent/job/New-Berlin-WI-US/Logistics-Material-Handler---1st-Shift_R20935","Posted 22 Days Ago",""
"nVent","Logistics Material Handler - 2nd Shift","New Berlin, WI, US","https://nvent.wd5.myworkdayjobs.com/en-US/nVent/job/New-Berlin-WI-US/Logistics-Material-Handler---2nd-Shift_R20933","Posted 22 Days Ago",""
"nVent","Material Handler - 3rd Shift","Solon, OH, US","https://nvent.wd5.myworkdayjobs.com/en-US/nVent/job/Solon-OH-US/Material-Handler---3rd-Shift_R17917","Posted 22 Days Ago",""
"nVent","Material Handler - 2nd Shift","Anoka, MN, US","https://nvent.wd5.myworkdayjobs.com/en-US/nVent/job/Anoka-MN-US/Material-Handler---2nd-Shift_R20929","Posted 23 Days Ago",""
"Morgan Stanley","Change Management and Training Associate","New York, New York, United States of America","https://ms.wd5.myworkdayjobs.com/en-US/External/job/New-York-New-York-United-States-of-America/Change-Management-and-Training-Associate_JR030436-1","Posted 8 Days Ago",""
"netflix","Software Engineer (L4) - Personalization","USA - Remote","https://netflix.wd1.myworkdayjobs.com/en-US/Netflix/job/USA---Remote/Software-Engineer--L4----Personalization_JR38289-1","Posted 22 Days Ago",""
"netflix","Data Scientist 5 - Advancing Member Measurement","USA - Remote","https://netflix.wd1.myworkdayjobs.com/en-US/Netflix/job/USA---Remote/Data-Scientist-5---Member-Value-Research_JR39044","Posted 23 Days Ago",""
"nVent","Manufacturing Paint Trainer - 1st Shift","Anoka, MN, US","https://nvent.wd5.myworkdayjobs.com/en-US/nVent/job/Anoka-MN-US/Manufacturing-Paint-Trainer---1st-Shift_R20910","Posted 24 Days Ago",""
"nVent","Internal logistics Supervisor","Anoka, MN, US","https://nvent.wd5.myworkdayjobs.com/en-US/nVent/job/Anoka-MN-US/Inbound-and-Outbound--Supervisor_R18889","Posted 24 Days Ago",""
"NVIDIA","DL Algorithms Engineer - Cosmos  - New College Graduate 2026","US, CA, Santa Clara","https://nvidia.wd5.myworkdayjobs.com/en-US/NVIDIAExternalCareerSite/job/US-CA-Santa-Clara/DL-Algorithms-Engineer---Cosmos----New-College-Graduate-2026_JR2010848-1","Posted 2 Days Ago",""
"Morgan Stanley","Full Stack Java Developer","Alpharetta, Georgia, United States of America","https://ms.wd5.myworkdayjobs.com/en-US/External/job/Alpharetta-Georgia-United-States-of-America/Software-Application-Developer--Frontend-Backend-_PT-JR017978","Posted 8 Days Ago",""
"netflix","Software Engineer 4/5 - Android Games SDK","USA - Remote","https://netflix.wd1.myworkdayjobs.com/en-US/Netflix/job/USA---Remote/Software-Engineer-5---Android-Games-SDK_JR38212","Posted 28 Days Ago",""
"netflix","Privacy Engineer (L4), Data Protection","USA - Remote","https://netflix.wd1.myworkdayjobs.com/en-US/Netflix/job/USA---Remote/Privacy-Engineer--L4---Data-Protection_JR36915","Posted 28 Days Ago",""
"netflix","Technical Program Management (L6), Privacy & Data Protection Engineering","USA - Remote","https://netflix.wd1.myworkdayjobs.com/en-US/Netflix/job/USA---Remote/Technical-Program-Management--L6---Privacy---Data-Protection-Engineering_JR39033","Posted 28 Days Ago",""
"nVent","Engineering Intern","Richland, MS, US","https://nvent.wd5.myworkdayjobs.com/en-US/nVent/job/Richland-MS-US/Engineering-Intern_R20820","Posted 29 Days Ago",""
"nVent","MES Training Specialist - 1st Shift","Anoka, MN, US","https://nvent.wd5.myworkdayjobs.com/en-US/nVent/job/Anoka-MN-US/MES-Training-Specialist---1st-Shift_R20841","Posted 29 Days Ago",""
"Morgan Stanley","Data AI Engineer, Dir, P4","New York, New York, United States of America","https://ms.wd5.myworkdayjobs.com/en-US/External/job/New-York-New-York-United-States-of-America/Data-AI-Engineer--Dir--P4_PT-JR032448","Posted 9 Days Ago",""
"NVIDIA","Solutions Architect - DevOps","Australia, Remote","https://nvidia.wd5.myworkdayjobs.com/en-US/NVIDIAExternalCareerSite/job/Australia-Remote/Solutions-Architect---DevOps_JR2015236","Posted 2 Days Ago",""
"netflix","Data Scientist 5 - Member Experience for Games","USA - Remote","https://netflix.wd1.myworkdayjobs.com/en-US/Netflix/job/USA---Remote/Data-Scientist-5---Member-Experience-for-Games_JR38709","Posted 30+ Days Ago",""
"netflix","Data Scientist 5 - Infrastructure Experimentation","USA - Remote","https://netflix.wd1.myworkdayjobs.com/en-US/Netflix/job/USA---Remote/Data-Scientist-5---Infrastructure-Experimentation_JR39180","Posted 30+ Days Ago",""
"netflix","Data Scientist (L5) - Content Promotion & Discovery Performance","USA - Remote","https://netflix.wd1.myworkdayjobs.com/en-US/Netflix/job/USA---Remote/Data-Scientist--L5----Content-Promotion---Discovery-Performance_JR39042","Posted 30+ Days Ago",""
"NVIDIA","Research Scientist, Networking Research - PhD New College Grad 2026","US, CA, Santa Clara","https://nvidia.wd5.myworkdayjobs.com/en-US/NVIDIAExternalCareerSite/job/US-CA-Santa-Clara/Research-Scientist--Networking-Research---PhD-New-College-Grad-2026_JR2014980","Posted 3 Days Ago",""
"NVIDIA","Firmware Application Engineer","US, CA, Santa Clara","https://nvidia.wd5.myworkdayjobs.com/en-US/NVIDIAExternalCareerSite/job/US-CA-Santa-Clara/Firmware-Design-Engineer_JR2003355","Posted 3 Days Ago",""
"netflix","Android Software Engineer 5 – Streaming & Discovery Experiences","USA - Remote","https://netflix.wd1.myworkdayjobs.com/en-US/Netflix/job/USA---Remote/Android-Software-Engineer-5---Streaming---Discovery-Experiences_JR38656","Posted 30+ Days Ago",""
"netflix","Software Engineer (L6) - Technical Catalog","USA - Remote","https://netflix.wd1.myworkdayjobs.com/en-US/Netflix/job/USA---Remote/Software-Engineer--L6----Technical-Catalog_JR37313","Posted 30+ Days Ago",""
"Nike","Software Engineer","Beaverton, Oregon","https://nike.wd1.myworkdayjobs.com/en-US/nke/job/Beaverton-Oregon/Software-Engineer_R-79484","Posted 30+ Days Ago",""
"netflix","Full Stack Software Engineer 5 - Member Experience Core Systems","USA - Remote","https://netflix.wd1.myworkdayjobs.com/en-US/Netflix/job/USA---Remote/Full-Stack-Software-Engineer-5---Member-Experience-Core-Systems_JR38868","Posted 30+ Days Ago",""
"netflix","Support Solutions Engineer (L5) Data Platform, Big Data / Analytics","USA - Remote","https://netflix.wd1.myworkdayjobs.com/en-US/Netflix/job/USA---Remote/Support-Solutions-Engineer--L5--Data-Platform--Big-Data---Analytics_JR38490-1","Posted 30+ Days Ago",""
"netflix","Support Solutions Engineer (L5), Cloud Networking, CIE","USA - Remote","https://netflix.wd1.myworkdayjobs.com/en-US/Netflix/job/USA---Remote/Support-Solutions-Engineer--L5---Cloud-Networking--CIE_JR38738","Posted 30+ Days Ago",""
"Morgan Stanley","WM Global Investment Office,  UHNW International Team, Analyst","Purchase, New York, United States of America","https://ms.wd5.myworkdayjobs.com/en-US/External/job/Purchase-New-York-United-States-of-America/WM-Global-Investment-Office---UHNW-International-Team--Analyst_PT-JR032651","Posted 13 Days Ago",""
"Morgan Stanley","Associate - Capital Planning and Analytics","New York, New York, United States of America","https://ms.wd5.myworkdayjobs.com/en-US/External/job/New-York-New-York-United-States-of-America/Associate---Capital-Planning-and-Analytics_PT-JR032847","Posted 13 Days Ago",""
"Nike","Software Engineer","Beaverton, Oregon","https://nike.wd1.myworkdayjobs.com/en-US/nke/job/Beaverton-Oregon/Software-Engineer_R-78861","Posted 30+ Days Ago",""
"netflix","Software Engineer 5, Broadcast Systems","USA - Remote","https://netflix.wd1.myworkdayjobs.com/en-US/Netflix/job/USA---Remote/Software-Engineer--Broadcast-Systems--L5_JR33580","Posted 30+ Days Ago",""
"netflix","Data Scientist (L5) - Cloud Games Quality of Experience","USA - Remote","https://netflix.wd1.myworkdayjobs.com/en-US/Netflix/job/USA---Remote/Data-Scientist--L5----Cloud-Games-Quality-of-Experience_JR32317","Posted 30+ Days Ago",""
"netflix","Software Development Engineer in Test 5 - Plans and Pricing","USA - Remote","https://netflix.wd1.myworkdayjobs.com/en-US/Netflix/job/USA---Remote/UI-Test-Engineer-5--Plans-and-Pricing_JR38216","Posted 30+ Days Ago",""
"netflix","Data Scientist 5 - Availability","USA - Remote","https://netflix.wd1.myworkdayjobs.com/en-US/Netflix/job/USA---Remote/Data-Scientist-5---Availability_JR38505-1","Posted 30+ Days Ago",""
"Morgan Stanley","Associate Software Engineer","New York, New York, United States of America","https://ms.wd5.myworkdayjobs.com/en-US/External/job/New-York-New-York-United-States-of-America/Associate-Software-Engineer_PT-JR032341","Posted 14 Days Ago",""
"OKX","Data Engineer","United States (US)","https://job-boards.greenhouse.io/okx/jobs/7660176003","2026-03-10T13:58:30-04:00","2026-03-15T22:59:17-04:00"
"nVent","Weekends Material Handler","Eleanor, WV, US","https://nvent.wd5.myworkdayjobs.com/en-US/nVent/job/Eleanor-WV-US/Material-Handler_R20707","Posted 30+ Days Ago",""
"netflix","Software Engineer 4/5– AI for Member Systems","USA - Remote","https://netflix.wd1.myworkdayjobs.com/en-US/Netflix/job/USA---Remote/Machine-Learning-Software-Engineer-L4-L5_JR31251","Posted 30+ Days Ago",""
"netflix","Research Engineer 4/5 – AI for Member Systems","USA - Remote","https://netflix.wd1.myworkdayjobs.com/en-US/Netflix/job/USA---Remote/Machine-Learning-Engineer_JR31233","Posted 30+ Days Ago",""
"netflix","Software Engineer L5 - Open Connect Control Plane","USA - Remote","https://netflix.wd1.myworkdayjobs.com/en-US/Netflix/job/USA---Remote/Software-Engineer-L5---Open-Connect-Control-Plane_JR38427","Posted 30+ Days Ago",""
"netflix","Software Engineer 5 - Member, Commerce & Games Engineering","USA - Remote","https://netflix.wd1.myworkdayjobs.com/en-US/Netflix/job/USA---Remote/Software-Engineer--L5----Consumer-Engineering_JR28716","Posted 30+ Days Ago",""
"netflix","Android Software Engineer 4 – Foundations Teams","USA - Remote","https://netflix.wd1.myworkdayjobs.com/en-US/Netflix/job/USA---Remote/Android-Software-Engineer-4---Foundations-Teams_JR36108","Posted 30+ Days Ago",""
"Okta","AI Identity Architect","San Francisco, California","https://www.okta.com/company/careers/opportunity/7749222?gh_jid=7749222","2026-03-27T11:00:44-04:00","2026-03-27T11:00:44-04:00"
"Okta","AI Infrastructure Architect","Bellevue, Washington","https://www.okta.com/company/careers/opportunity/7122284?gh_jid=7122284","2025-08-12T11:32:20-04:00","2026-03-23T15:50:52-04:00"
"Okta","Executive Assistant, Technology, Data & Intelligence (TDI)","San Francisco, California","https://www.okta.com/company/careers/opportunity/7493907?gh_jid=7493907","2025-12-23T12:03:17-05:00","2026-03-23T15:50:52-04:00"
"Okta","Software Development Engineer in Test (SDET)","Sydney, Australia","https://www.okta.com/company/careers/opportunity/7702282?gh_jid=7702282","2026-03-10T18:34:39-04:00","2026-03-23T15:50:52-04:00"
"Okta","Software Engineer II - Passwordless ","San Francisco, California","https://www.okta.com/company/careers/opportunity/7696955?gh_jid=7696955","2026-03-10T15:49:29-04:00","2026-03-23T15:50:52-04:00"
"One","Software Engineer, Product Facing","United States (Remote)","https://jobs.ashbyhq.com/oneapp/c396e21b-8b49-4375-a35c-32c73715b8c6","2026-01-13T17:41:00.233+00:00",""
"One","Backend Engineer, Crypto","United States (Remote)","https://jobs.ashbyhq.com/oneapp/63f43c38-56fb-44d8-a367-2ed299ea5589","2025-12-26T19:21:15.926+00:00",""
"One","Software Engineer, Risk","United States (Remote)","https://jobs.ashbyhq.com/oneapp/44f5758e-8964-42af-9481-572b6f8dad2b","2026-02-24T03:16:59.659+00:00",""
"One","Full Stack Engineer, Lending","United States (Remote)","https://jobs.ashbyhq.com/oneapp/b0d1f783-72a8-43e9-a383-03ab3f8e5d61","2025-09-13T02:22:35.414+00:00",""
"One","AI Research, Intern","United States (Remote)","https://jobs.ashbyhq.com/oneapp/d018ba22-f5ec-48d0-9940-fea52877316c","2025-09-25T18:18:15.798+00:00",""
"One","Frontend Engineer, Servicing","United States (Remote)","https://jobs.ashbyhq.com/oneapp/1b1defcb-7cd6-45ee-9419-fd005baa1675","2026-01-30T15:58:00.309+00:00",""
"One","Backend Software Engineer, Core App","United States (Remote)","https://jobs.ashbyhq.com/oneapp/3adc0645-5834-4bbc-a509-81ffa8d06c30","2026-02-09T17:08:55.026+00:00",""
"nVent","Nightshift Assembly Material Handler","Eleanor, WV, US","https://nvent.wd5.myworkdayjobs.com/en-US/nVent/job/Eleanor-WV-US/Nightshift-Assembly-Material-Handler_R20711","Posted 30+ Days Ago",""
"nVent","Pricing Data Analyst","Bangalore, IN","https://nvent.wd5.myworkdayjobs.com/en-US/nVent/job/Bangalore-IN/Pricing-Data-Analyst_R20388","Posted 30+ Days Ago",""
"OpenEye","Cloud Operations Intern-DevOps","Tysons, Virginia","https://job-boards.greenhouse.io/alarmcom/jobs/8440261002","2026-03-11T15:52:51-04:00","2026-04-01T03:04:38-04:00"
"OpenEye","Data Analyst ","Tysons, Virginia","https://job-boards.greenhouse.io/alarmcom/jobs/8344401002","2026-01-06T12:27:08-05:00","2026-01-28T10:19:29-05:00"
"OpenEye","Data Center Technician","Arizona, United States","https://job-boards.greenhouse.io/alarmcom/jobs/8446900002","2026-03-12T15:50:30-04:00","2026-03-12T15:50:30-04:00"
"OpenEye","Device Engineering Intern","San Diego, California","https://job-boards.greenhouse.io/alarmcom/jobs/8420485002","2026-03-04T12:46:18-05:00","2026-03-11T16:39:18-04:00"
"OpenEye","Device Engineering Intern","Tysons, Virginia","https://job-boards.greenhouse.io/alarmcom/jobs/8420530002","2026-03-04T12:53:24-05:00","2026-03-19T13:49:17-04:00"
"OpenEye","Software Engineer II","Tysons, Virginia","https://job-boards.greenhouse.io/alarmcom/jobs/8455660002","2026-03-23T17:04:32-04:00","2026-04-01T03:04:43-04:00"
"OpenEye","Software Engineer II","Tysons, Virginia","https://job-boards.greenhouse.io/alarmcom/jobs/8439282002","2026-03-06T15:15:42-05:00","2026-03-06T15:15:42-05:00"
"OpenEye","Software Engineer II","Lawrence, Kansas","https://job-boards.greenhouse.io/alarmcom/jobs/8453346002","2026-03-06T15:16:23-05:00","2026-03-06T15:16:23-05:00"
"OpenEye","Software Engineer II","Austin, Texas","https://job-boards.greenhouse.io/alarmcom/jobs/8398713002","2026-01-30T13:26:21-05:00","2026-01-30T13:26:21-05:00"
"OpenEye","Software Engineer II","Tysons, Virginia","https://job-boards.greenhouse.io/alarmcom/jobs/8455758002","2026-03-18T12:03:03-04:00","2026-03-18T12:03:03-04:00"
"OpenEye","Software Engineer II","Boston, Massachusetts","https://job-boards.greenhouse.io/alarmcom/jobs/8432004002","2026-03-18T15:08:30-04:00","2026-03-24T13:02:20-04:00"
"OpenEye","Software Engineer II","Tysons, Virginia","https://job-boards.greenhouse.io/alarmcom/jobs/8459003002","2026-03-30T13:10:04-04:00","2026-03-30T13:10:04-04:00"
"OpenEye","Software Engineer II","Needham, Massachusetts","https://job-boards.greenhouse.io/alarmcom/jobs/8284605002","2025-11-13T10:31:25-05:00","2026-01-28T10:18:41-05:00"
"OpenEye","Software Engineering Intern","Tysons, Virginia","https://job-boards.greenhouse.io/alarmcom/jobs/8417037002","2026-03-02T14:49:40-05:00","2026-03-11T16:37:44-04:00"
"OpenEye","Software Engineer in Test","Liberty Lake, Washington","https://job-boards.greenhouse.io/alarmcom/jobs/8423162002","2026-02-26T15:25:43-05:00","2026-02-26T15:25:43-05:00"
"OpenEye","Software QA Specialist","Liberty Lake, Washington","https://job-boards.greenhouse.io/alarmcom/jobs/8435354002","2026-02-26T17:43:41-05:00","2026-03-17T16:01:26-04:00"
"netflix","Data Engineer 5 - Privacy","USA - Remote","https://netflix.wd1.myworkdayjobs.com/en-US/Netflix/job/USA---Remote/Data-Engineer-5---Privacy_JR36838","Posted 30+ Days Ago",""
"netflix","Data Scientist 4/5 - Identity DSE","USA - Remote","https://netflix.wd1.myworkdayjobs.com/en-US/Netflix/job/USA---Remote/Data-Scientist-L4-L5---Identity-DSE_JR37585","Posted 30+ Days Ago",""
"netflix","Distributed Systems Software Engineer (L5) - Open Connect Control Plane","USA - Remote","https://netflix.wd1.myworkdayjobs.com/en-US/Netflix/job/USA---Remote/Distributed-Systems-Software-Engineer--L5----Open-Connect-Control-Plane_JR36832-1","Posted 30+ Days Ago",""
"OpenAI","Software Engineer, Full Stack (People Innovation)","Remote - US","https://jobs.ashbyhq.com/openai/d4780eac-03ad-4dae-861f-99af22b4287e","2025-07-22T20:47:54.607+00:00",""
"OpenAI","AI Deployment Engineer- Startups","New York City","https://jobs.ashbyhq.com/openai/f92d5695-306d-4af2-8d8b-a09259dd626a","2025-11-03T17:28:41.473+00:00",""
"OpenAI","Software Engineer, Gov","Washington, DC","https://jobs.ashbyhq.com/openai/a90cdb7c-1c33-4fca-9a96-26c236006f14","2025-10-17T16:59:57.134+00:00",""
"OpenAI","AI Deployment Engineer, Gov","Washington, DC","https://jobs.ashbyhq.com/openai/be7b1bf5-37ab-40f7-9ec1-e9732244f12a","2025-09-18T17:27:47.293+00:00",""
"OpenAI","Software Engineer, Trusted Computing and Cryptography","Remote - US","https://jobs.ashbyhq.com/openai/c6c4c2fb-cb2c-45d4-9f7c-e3356cd534d7","2025-08-18T22:56:37.676+00:00",""
"OpenAI","Growth - Emails, Notifications and Lifecycle","New York City","https://jobs.ashbyhq.com/openai/c3426270-157e-4709-bf13-aee7743f7c39","2025-09-18T18:39:13.707+00:00",""
"OpenAI","Datacenter Networking Technician, AI Compute Deployment - Stargate","Remote - US","https://jobs.ashbyhq.com/openai/3ca637f8-c0d6-4253-8568-1f31b02adf76","2025-09-23T21:38:41.580+00:00",""
"OpenAI","Datacenter Hardware Operations Technician, AI Compute Infrastructure - Stargate","Remote - US","https://jobs.ashbyhq.com/openai/b9a4a809-a965-4dbe-aeef-6ce1593903dd","2025-09-23T21:45:12.848+00:00",""
"OpenAI","Forward Deployed Software Engineer - NYC","New York City","https://jobs.ashbyhq.com/openai/533c0fc9-b773-476d-9f96-a0528efbab0e","2025-12-10T22:20:16.127+00:00",""
"OpenAI","AI Deployment Engineer- Codex","Remote - US","https://jobs.ashbyhq.com/openai/4f4221ef-f2bc-4dc1-9086-69ba126e4903","2026-01-22T00:36:20.431+00:00",""
"OpenAI","AI Deployment Engineer- ChatGPT Ecosystem","Remote - US","https://jobs.ashbyhq.com/openai/387e28ec-a4db-42da-9448-b6dbb7b13901","2026-01-22T00:38:18.243+00:00",""
"OpenAI","AI Success Engineer, Government ","Washington, DC","https://jobs.ashbyhq.com/openai/dde7aafb-fa52-4b14-b94f-1aa331b32fa6","2026-02-04T18:47:15.207+00:00",""
"OpenAI","Technical Sourcer, B2B Applications","Remote - US","https://jobs.ashbyhq.com/openai/8b668bf3-203c-4996-80c7-dd676e48a425","2026-03-19T15:10:47.681+00:00",""
"OpenAI","AI Support Engineer, Government - Washington, D.C.","Washington, DC","https://jobs.ashbyhq.com/openai/b505a83d-68c1-46cc-a754-5deacb3c6e3c","2026-03-16T18:10:29.475+00:00",""
"OpenAI","Value Engineer, AI Success - NYC","New York City","https://jobs.ashbyhq.com/openai/d134caf2-907c-4c85-be2d-fad477d2b425","2026-03-17T18:39:16.576+00:00",""
"nVent","CPQ Digital Developer","Mumbai, IN","https://nvent.wd5.myworkdayjobs.com/en-US/nVent/job/Mumbai-IN/CPQ-Digital-Developer_R20261","Posted 30+ Days Ago",""
"nVent","Production Supervisor (Paint Line)","Bangalore, IN","https://nvent.wd5.myworkdayjobs.com/en-US/nVent/job/Bangalore-IN/Production-Supervisor--Paint-Line-_R20432","Posted 30+ Days Ago",""
"NVIDIA","SoC ASIC Verification Engineer – New College Grad 2026","US, CA, Santa Clara","https://nvidia.wd5.myworkdayjobs.com/en-US/NVIDIAExternalCareerSite/job/US-CA-Santa-Clara/SoC-ASIC-Verification-Engineer---New-College-Grad-2026_JR2015202-1","Posted 9 Days Ago",""
"netflix","Software Engineer - Open Connect Control Plane","USA - Remote","https://netflix.wd1.myworkdayjobs.com/en-US/Netflix/job/USA---Remote/Software-Engineer---Open-Connect-Control-Plane_JR37629","Posted 30+ Days Ago",""
"netflix","Software Engineer 5 - Studio Infrastructure","USA - Remote","https://netflix.wd1.myworkdayjobs.com/en-US/Netflix/job/USA---Remote/Software-Engineer--L5----Studio-Infrastructure_JR37433","Posted 30+ Days Ago",""
"Orb ","Software Engineer, Infrastructure - New York City","New York Office ","https://jobs.ashbyhq.com/orb/7fbc50ae-bc4a-430d-a3c0-9cd78ed23558","2025-12-19T18:33:19.877+00:00",""
"Orb ","Software Engineer, Infrastructure - Remote (USA)","Remote-USA","https://jobs.ashbyhq.com/orb/3407919f-c9a5-46af-9173-e6ad23d3e271","2025-12-19T18:33:46.704+00:00",""
"netflix","Data Engineer (L5) - Ads","USA - Remote","https://netflix.wd1.myworkdayjobs.com/en-US/Netflix/job/USA---Remote/Data-Engineer--L5----Ads_JR38106","Posted 30+ Days Ago",""
"nVent","Software Developer - Frontend","Bangalore, IN","https://nvent.wd5.myworkdayjobs.com/en-US/nVent/job/Bangalore-IN/Software-Developer---Frontend_R19831","Posted 30+ Days Ago",""
"nVent","Software Developer - Backend","Bangalore, IN","https://nvent.wd5.myworkdayjobs.com/en-US/nVent/job/Bangalore-IN/Software-Developer---Backend_R19830","Posted 30+ Days Ago",""
"Morgan Stanley","AI Solutions Engineer","New York, New York, United States of America","https://ms.wd5.myworkdayjobs.com/en-US/External/job/New-York-New-York-United-States-of-America/VP---P4--Lead-Data---Analytics-Eng---Job-Level---Vice-President_PT-JR031793-1","Posted 15 Days Ago",""
"Morgan Stanley","Java Developer","Alpharetta, Georgia, United States of America","https://ms.wd5.myworkdayjobs.com/en-US/External/job/Alpharetta-Georgia-United-States-of-America/Java-Developer_JR032004","Posted 15 Days Ago",""
"netflix","Data Engineer 5 - Distributed Systems, Growth","Washington - Remote","https://netflix.wd1.myworkdayjobs.com/en-US/Netflix/job/Washington---Remote/Data-Engineer--L5----Growth-Insights-and-Foundations_AJRT46621","Posted 30+ Days Ago",""
"netflix","Data Scientist (L5) - Ads (Measurement)","USA - Remote","https://netflix.wd1.myworkdayjobs.com/en-US/Netflix/job/USA---Remote/Data-Scientist--L5----Ads--Measurement-_JR29144","Posted 30+ Days Ago",""
"NVIDIA","Hardware Systems Application Engineer - CSP","US, CA, Santa Clara","https://nvidia.wd5.myworkdayjobs.com/en-US/NVIDIAExternalCareerSite/job/US-CA-Santa-Clara/Hardware-Systems-Application-Engineer---CSP_JR2013593","Posted 10 Days Ago",""
"NVIDIA","Backend Python Software Engineer","US, NC, Durham","https://nvidia.wd5.myworkdayjobs.com/en-US/NVIDIAExternalCareerSite/job/US-NC-Durham/Backend-Software-Engineer---Air-Platform-Team_JR1999975","Posted 10 Days Ago",""
"Morgan Stanley","Solution Architect – Automated Metadata Cataloging","New York, New York, United States of America","https://ms.wd5.myworkdayjobs.com/en-US/External/job/New-York-New-York-United-States-of-America/Solution-Architect---Automated-Metadata-Cataloging_PT-JR031792","Posted 15 Days Ago",""
"Morgan Stanley","Associate Software Engineer","New York, New York, United States of America","https://ms.wd5.myworkdayjobs.com/en-US/External/job/New-York-New-York-United-States-of-America/Associate-Software-Engineer_PT-JR021580","Posted 15 Days Ago",""
"nVent","PriceFX Developer","Mumbai, IN","https://nvent.wd5.myworkdayjobs.com/en-US/nVent/job/Mumbai-IN/PriceFX-Developer_R19249-1","Posted 30+ Days Ago",""
"nVent","Applications Engineer - Electrical","Hitchcock, TX, US","https://nvent.wd5.myworkdayjobs.com/en-US/nVent/job/Hitchcock-TX-US/Application-Engineer_R18484","Posted 30+ Days Ago",""
"netflix","Machine Learning Software Engineer L4/L5, Algorithms","USA - Remote","https://netflix.wd1.myworkdayjobs.com/en-US/Netflix/job/USA---Remote/Machine-Learning-Software-Engineer-L4-L5--Algorithms_JR30426","Posted 30+ Days Ago",""
"netflix","ML Engineer L5 - Ads Platform Engineering (Forecasting)","USA - Remote","https://netflix.wd1.myworkdayjobs.com/en-US/Netflix/job/USA---Remote/ML-Engineer-L5---Ads-Platform-Engineering--Forecasting-_JR29684","Posted 30+ Days Ago",""
"netflix","Software Engineer L7, Growth Engineering","USA - Remote","https://netflix.wd1.myworkdayjobs.com/en-US/Netflix/job/USA---Remote/Software-Engineer-L7--Growth-Engineering_AJRT44855","Posted 30+ Days Ago",""
"netflix","Data Engineer (L5) - Privacy","USA - Remote","https://netflix.wd1.myworkdayjobs.com/en-US/Netflix/job/USA---Remote/Data-Engineer--L5----Privacy_AJRT44940","Posted 30+ Days Ago",""
"palantir","Backend Software Engineer - Application Development","New York, NY","https://jobs.lever.co/palantir/ab7e3425-81d5-4705-a7b5-cd60c8a45cdb","2024-03-11 21:04:42","N/A"
"palantir","Backend Software Engineer - Defense","Washington, D.C.","https://jobs.lever.co/palantir/1345438c-ebfc-4fa5-b545-30c1414f317c","2025-02-24 22:18:51","N/A"
"palantir","Backend Software Engineer - Defense","Palo Alto, CA","https://jobs.lever.co/palantir/a8174f9c-6f46-46b4-8e15-d1ff9e37c9eb","2025-02-24 22:19:12","N/A"
"palantir","Backend Software Engineer - Defense","New York, NY","https://jobs.lever.co/palantir/d33e0c31-ac7e-4f57-ba74-36f2df6ae2f5","2025-02-24 22:19:35","N/A"
"palantir","Backend Software Engineer - Infrastructure","New York, NY","https://jobs.lever.co/palantir/6fe5515f-f677-4d98-8ac2-1775a425f5e7","2025-08-06 19:28:07","N/A"
"palantir","Backend Software Engineer - Infrastructure, Foundations","New York, NY","https://jobs.lever.co/palantir/fb2d3222-dbd8-4e03-8d39-47b820e9509c","2024-02-20 17:22:27","N/A"
"palantir","Forward Deployed AI Engineer","New York, NY","https://jobs.lever.co/palantir/636fc05c-d348-4a06-be51-597cb9e07488","2024-03-22 20:44:35","N/A"
"palantir","Forward Deployed Infrastructure Engineer - US Government","Washington, D.C.","https://jobs.lever.co/palantir/74748e0e-a0bc-4c53-a636-ef14e36d9b5e","2023-09-14 01:31:59","N/A"
"palantir","Forward Deployed Infrastructure Engineer - US Government","Palo Alto, CA","https://jobs.lever.co/palantir/8fcae765-de9a-4990-ba84-e65b524d683b","2023-09-14 01:34:27","N/A"
"palantir","Forward Deployed Infrastructure Engineer - US Government","New York, NY","https://jobs.lever.co/palantir/b57f08e9-546c-4b9b-8d21-db0ebbc11363","2023-09-14 01:23:51","N/A"
"palantir","Forward Deployed Software Engineer","Chicago, IL","https://jobs.lever.co/palantir/8c38feb7-7ca8-429e-9643-efffe2fe0428","2022-04-27 11:55:18","N/A"
"palantir","Forward Deployed Software Engineer","New York, NY","https://jobs.lever.co/palantir/dab396d4-2f14-4796-aac0-0d82883dccf0","2014-01-23 00:00:00","N/A"
"palantir","Forward Deployed Software Engineer  - Edge Autonomous Systems","Washington, D.C.","https://jobs.lever.co/palantir/27bf5707-96fa-460e-8a5b-53bc192ca87b","2025-10-07 17:15:18","N/A"
"palantir","Forward Deployed Software Engineer - AUS Government","Canberra, Australia","https://jobs.lever.co/palantir/8f15d728-99cc-4003-9add-928bd72a7f30","2024-09-04 14:05:29","N/A"
"palantir","Forward Deployed Software Engineer - AUS Government","Sydney, Australia","https://jobs.lever.co/palantir/909875b4-1940-41bd-b08d-a269c7235100","2024-09-05 10:44:25","N/A"
"palantir","Forward Deployed Software Engineer - Autonomous Systems C2","Seattle, WA","https://jobs.lever.co/palantir/0edf7365-49f0-4263-818a-19409ec4f430","2026-01-16 17:51:52","N/A"
"palantir","Forward Deployed Software Engineer - Autonomous Systems C2","Palo Alto, CA","https://jobs.lever.co/palantir/c62264f5-5da8-40fe-9b44-f7f0f0012e11","2026-01-16 17:52:11","N/A"
"palantir","Forward Deployed Software Engineer - Intel","Washington, D.C.","https://jobs.lever.co/palantir/34b3a697-6e22-4751-befd-0b7921abbd5f","2021-10-18 09:03:40","N/A"
"palantir","Forward Deployed Software Engineer - Japan Forward Deployed","Washington, D.C.","https://jobs.lever.co/palantir/8aba5995-653d-4805-96e8-24488e6abf37","2024-10-03 13:41:24","N/A"
"palantir","Forward Deployed Software Engineer - Korea Forward Deployed","Washington, D.C.","https://jobs.lever.co/palantir/a39bf84c-6648-4871-bd07-9b882d401c4c","2024-10-03 13:32:57","N/A"
"palantir","Forward Deployed Software Engineer - Tactical Edge","Washington, D.C.","https://jobs.lever.co/palantir/3d0d9d92-0321-4459-a17d-fa1a76636a43","2026-03-02 20:11:08","N/A"
"palantir","Forward Deployed Software Engineer - US Government","Washington, D.C.","https://jobs.lever.co/palantir/289ad049-7b4e-41e3-8a39-146fbeb6fb64","2020-04-15 21:27:49","N/A"
"palantir","Forward Deployed Software Engineer - US Government","San Diego, CA","https://jobs.lever.co/palantir/84131e3f-455e-47fc-9c11-898d95f09048","2025-07-29 19:30:16","N/A"
"palantir","Forward Deployed Software Engineer - US Government","Honolulu, HI","https://jobs.lever.co/palantir/ce8ca664-60dc-4f9a-8986-3c96673bcfdf","2022-04-07 21:32:31","N/A"
"palantir","Forward Deployed Software Engineer - US Government","Fayetteville, NC","https://jobs.lever.co/palantir/d83fac1c-353e-4b77-a586-3276b1090b6e","2026-01-12 22:44:10","N/A"
"palantir","Forward Deployed Software Engineer - US Government","New York, NY","https://jobs.lever.co/palantir/e82b696e-a085-4bbf-8bcb-6d2c4f8cf2f7","2020-06-02 19:49:49","N/A"
"palantir","Forward Deployed Software Engineer - Warp Speed","New York, NY","https://jobs.lever.co/palantir/13f99633-43b5-4459-8e84-25073f257c18","2025-02-07 19:57:42","N/A"
"palantir","Forward Deployed Software Engineer, Internship - France","New York, NY","https://jobs.lever.co/palantir/ac0dc094-2480-43c2-8495-26ade227ff4f","2026-03-10 12:26:55","N/A"
"palantir","Forward Deployed Software Engineer, Internship - Poland","New York, NY","https://jobs.lever.co/palantir/d582cd84-14fd-4aa3-b413-15982d286bd9","2026-02-19 11:39:13","N/A"
"palantir","Forward Deployed Software Engineer, Internship - US Government","Honolulu, HI","https://jobs.lever.co/palantir/315f695d-04d1-4a9a-848e-cb2bec7a997e","2025-12-11 22:26:14","N/A"
"palantir","Full Stack Software Engineer - Application Development","New York, NY","https://jobs.lever.co/palantir/2da4be12-bc7a-4950-87db-e9d68d955ff7","2024-02-17 00:49:42","N/A"
"palantir","Mixed Reality Developer","Washington, D.C.","https://jobs.lever.co/palantir/74aed644-d963-4c5d-b7a0-149bc35f9c50","2023-06-15 14:45:11","N/A"
"palantir","Software Engineer - Apollo Platform","New York, NY","https://jobs.lever.co/palantir/8f308f3e-43d2-49c9-accd-cc7af0f1565c","2022-08-10 22:59:02","N/A"
"palantir","Software Engineer - Apollo Platform","Seattle, WA","https://jobs.lever.co/palantir/afea07a8-2721-45e6-a9ca-6580f3f9783c","2022-08-10 22:58:00","N/A"
"palantir","Software Engineer - Apollo Systems","New York, NY","https://jobs.lever.co/palantir/832e4652-5088-4e5b-aeac-1e82ec3ebad4","2025-11-10 21:27:18","N/A"
"palantir","Software Engineer - Apollo Systems","Seattle, WA","https://jobs.lever.co/palantir/e47d4410-2542-47d8-b558-b5295fc28821","2025-11-10 21:27:52","N/A"
"palantir","Software Engineer - Core Interfaces","Palo Alto, CA","https://jobs.lever.co/palantir/cf76738e-3030-42fa-92ac-a9446df956fc","2026-01-13 21:22:02","N/A"
"palantir","Software Engineer - Defense Applications","Washington, D.C.","https://jobs.lever.co/palantir/f7dbfdf1-0bb1-4c11-ac15-6a139cee3410","2026-01-26 23:21:59","N/A"
"palantir","Software Engineer - Developer Productivity","New York, NY","https://jobs.lever.co/palantir/3c84af24-b7aa-483e-b2c3-e1d83494fe15","2022-11-08 23:58:24","N/A"
"palantir","Software Engineer - Edge","Washington, D.C.","https://jobs.lever.co/palantir/397fb983-47b7-4a53-a7df-f080f43f7720","2025-11-04 20:51:15","N/A"
"palantir","Software Engineer - Environment Platform","Seattle, WA","https://jobs.lever.co/palantir/cd2423c6-da68-430c-8be5-0ae7eea36497","2024-09-05 13:56:40","N/A"
"palantir","Software Engineer - Environment Platform","New York, NY","https://jobs.lever.co/palantir/d5d83a8f-cb96-41cc-9612-c7224fbb2fbc","2024-09-05 13:55:18","N/A"
"palantir","Software Engineer - Frontend Developer Productivity","New York, NY","https://jobs.lever.co/palantir/71ed917e-850a-484b-9454-fa66bdf24540","2024-02-23 19:19:45","N/A"
"palantir","Software Engineer, Internship","Seattle, WA","https://jobs.lever.co/palantir/2fb19022-bb65-4af8-b6fa-31beb345c140","2021-07-01 21:59:17","N/A"
"palantir","Software Engineer, Internship","New York, NY","https://jobs.lever.co/palantir/7d69cf8a-06fd-4f05-bd84-27149db29c4d","2022-06-30 21:19:00","N/A"
"palantir","Software Engineer, Internship","Washington, D.C.","https://jobs.lever.co/palantir/bdcfb29f-4f27-42de-933f-7f83a359b9f0","2021-07-01 22:00:40","N/A"
"palantir","Software Engineer, Internship","Palo Alto, CA","https://jobs.lever.co/palantir/e27af7ab-41fc-40c9-b31d-02c6cb1c505c","2021-07-01 21:52:15","N/A"
"palantir","Software Engineer, Internship - Infrastructure","New York, NY","https://jobs.lever.co/palantir/b229baac-494b-4a0d-9a13-2e38806e06f3","2025-06-26 15:01:02","N/A"
"palantir","Software Engineer, Internship - Infrastructure","Palo Alto, CA","https://jobs.lever.co/palantir/f221738b-e97c-4ce3-a12a-17ada2b855e4","2025-08-19 09:48:43","N/A"
"palantir","Software Engineer, Internship - Production Infrastructure","Seattle, WA","https://jobs.lever.co/palantir/373367a9-3160-49d8-b7af-2efec062fad1","2025-06-26 20:05:13","N/A"
"palantir","Software Engineer, Internship - Production Infrastructure","New York, NY","https://jobs.lever.co/palantir/37964982-9b4c-471e-a1d8-fb8f45d7f116","2025-06-26 20:04:34","N/A"
"palantir","Software Engineer, Internship - Production Infrastructure","Washington, D.C.","https://jobs.lever.co/palantir/3ab9e715-1ea9-4c6c-ad50-7340eac14e86","2025-08-19 09:41:27","N/A"
"palantir","Software Engineer, New Grad","New York, NY","https://jobs.lever.co/palantir/94984771-0704-446c-88c6-91ce748f6d92","2021-07-01 20:24:57","N/A"
"palantir","Software Engineer, New Grad","Seattle, WA","https://jobs.lever.co/palantir/dea9d3d5-75b2-4588-b7bd-585a47b79c8c","2021-07-01 20:18:52","N/A"
"palantir","Software Engineer, New Grad - Infrastructure","New York, NY","https://jobs.lever.co/palantir/4abf26b4-795c-420a-bf22-1ab98db268b4","2025-06-26 01:01:09","N/A"
"palantir","Software Engineer, New Grad - Infrastructure","Palo Alto, CA","https://jobs.lever.co/palantir/7d75bed5-45d8-4876-840a-2d92ea79c98d","2025-08-19 09:45:38","N/A"
"palantir","Software Engineer, New Grad - Production Infrastructure","Washington, D.C.","https://jobs.lever.co/palantir/15844944-fb69-4b57-9531-e988650b20c6","2025-08-19 09:37:18","N/A"
"palantir","Software Engineer, New Grad - Production Infrastructure","Seattle, WA","https://jobs.lever.co/palantir/4d5a144e-87ea-45e2-a68c-3fad590629af","2025-06-26 19:54:49","N/A"
"palantir","Software Engineer, New Grad - Production Infrastructure","New York, NY","https://jobs.lever.co/palantir/e1a6c138-98bf-45e2-97f7-2c70371cc38a","2025-06-26 19:53:39","N/A"
"palantir","Web Application Developer - Defense","Washington, D.C.","https://jobs.lever.co/palantir/4255e21c-d0f2-4f57-b5db-1f65830d6425","2024-01-30 19:26:33","N/A"
"palantir","Web Application Developer - Defense","New York, NY","https://jobs.lever.co/palantir/6a82fd06-5754-46c2-8214-9ca4cd89fb9d","2024-03-05 18:34:47","N/A"
"palantir","Web Application Developer - Defense","Palo Alto, CA","https://jobs.lever.co/palantir/96e4295f-3af7-48e5-a2c8-74622eaf5587","2024-03-05 18:36:22","N/A"
"palantir","Year at Palantir, Internship","New York, NY","https://jobs.lever.co/palantir/030ece08-c341-4959-bdfe-314e89b691ce","2026-03-11 15:58:15","N/A"
"Morgan Stanley","Global Capital Markets Roadshow Coordinator","New York, New York, United States of America","https://ms.wd5.myworkdayjobs.com/en-US/External/job/New-York-New-York-United-States-of-America/Global-Capital-Markets-Roadshow-Coordinator_JR032494-1","Posted 16 Days Ago",""
"netflix","Software Engineer L5, LLM Compute & Serving Systems","USA - Remote","https://netflix.wd1.myworkdayjobs.com/en-US/Netflix/job/USA---Remote/Software-Engineer-L5--LLM-Compute---Serving-Systems_JR28547","Posted 30+ Days Ago",""
"Parafin","Data Scientist, Underwriting","San Francisco, CA","https://jobs.ashbyhq.com/parafin/92807f0c-0c67-4516-bbf2-dc809516de14","2026-03-20T21:54:22.847+00:00",""
"Patreon","Business Development Intern (MBA)","New York","https://jobs.ashbyhq.com/patreon/de9a54eb-1c7f-424b-9e73-df6320ce43c3","2026-03-19T17:54:58.937+00:00",""
"Patreon","Fullstack Engineer, Creation","New York","https://jobs.ashbyhq.com/patreon/45a7e43c-098a-4b16-a8d2-ef2aca466533","2026-03-31T23:17:43.431+00:00",""
"netflix","Data Engineer (L5) - Growth Insights and Foundations","USA - Remote","https://netflix.wd1.myworkdayjobs.com/en-US/Netflix/job/USA---Remote/Data-Engineer--L5----Growth-Insights-and-Foundations_AJRT46622","Posted 30+ Days Ago",""
"netflix","Software Engineer (L5) - Cloud Games Platform","California - Remote","https://netflix.wd1.myworkdayjobs.com/en-US/Netflix/job/California---Remote/Software-Engineer--L5----Cloud-Games-Platform_AJRT29587","Posted 30+ Days Ago",""
"PDT Partners","Applied ML Scientist ","New York, NY","https://job-boards.greenhouse.io/pdtpartners/jobs/1473516","","2026-02-03T11:06:35-05:00"
"PDT Partners","Cloud Engineer","New York, NY","https://job-boards.greenhouse.io/pdtpartners/jobs/7116260","2025-07-29T09:12:23-04:00","2026-02-03T11:07:58-05:00"
"PDT Partners","Software Engineer ","New York, NY","https://job-boards.greenhouse.io/pdtpartners/jobs/3914106","2022-02-11T13:58:43-05:00","2026-02-03T11:08:44-05:00"
"PDT Partners","Trading Infrastructure Software Engineer","New York, NY","https://job-boards.greenhouse.io/pdtpartners/jobs/7034684","2025-07-03T11:28:49-04:00","2026-02-03T11:08:55-05:00"
"Morgan Stanley","AI Platform Engineer - Associate","Alpharetta, Georgia, United States of America","https://ms.wd5.myworkdayjobs.com/en-US/External/job/Alpharetta-Georgia-United-States-of-America/AI-Platform-Engineer---Associate_PT-JR030036","Posted 16 Days Ago",""
"Morgan Stanley","Software QA Automation Engineer (Web/API)","Alpharetta, Georgia, United States of America","https://ms.wd5.myworkdayjobs.com/en-US/External/job/Alpharetta-Georgia-United-States-of-America/Assoc--P3--QA-Eng-III---Job-Level---Associate_PT-JR031434","Posted 17 Days Ago",""
"Perpay","Data Engineering Internship, 2026","Philadelphia, Pennsylvania, United States","https://job-boards.greenhouse.io/perpay/jobs/4076965007","2023-09-12T09:25:25-04:00","2026-01-21T22:39:17-05:00"
"Perpay","Data Science Internship, 2026","Philadelphia, Pennsylvania, United States","https://job-boards.greenhouse.io/perpay/jobs/4076978007","2023-09-12T09:27:18-04:00","2026-02-06T14:30:10-05:00"
"Perpay","Junior Financial Analyst","Philadelphia, Pennsylvania, United States","https://job-boards.greenhouse.io/perpay/jobs/4969050007","2025-11-06T15:42:57-05:00","2026-01-21T09:16:29-05:00"
"Perpay","Junior Strategic Analyst","Philadelphia, Pennsylvania, United States","https://job-boards.greenhouse.io/perpay/jobs/4158121007","2026-01-23T17:38:23-05:00","2026-02-06T14:29:05-05:00"
"Perpay","Merchandising Internship, Marketplace - 2026","Philadelphia, Pennsylvania, United States","https://job-boards.greenhouse.io/perpay/jobs/4835681007","2025-08-21T16:38:59-04:00","2025-08-21T16:38:59-04:00"
"Perpay","Software Engineering Internship, 2026","Philadelphia, Pennsylvania, United States","https://job-boards.greenhouse.io/perpay/jobs/4076988007","2023-09-12T09:28:26-04:00","2026-03-12T16:23:58-04:00"
"Perpay","Software Engineer, New Grad","Philadelphia, Pennsylvania, United States","https://job-boards.greenhouse.io/perpay/jobs/4034578007","2023-07-07T10:43:20-04:00","2026-01-23T15:15:25-05:00"
"Perpay","Strategic Analytics Internship, 2026","Philadelphia, Pennsylvania, United States","https://job-boards.greenhouse.io/perpay/jobs/4076934007","2023-09-12T09:29:22-04:00","2026-02-06T14:26:20-05:00"
"NVIDIA","Site Reliability Engineer - Hardware Infrastructure","US, CA, Santa Clara","https://nvidia.wd5.myworkdayjobs.com/en-US/NVIDIAExternalCareerSite/job/US-CA-Santa-Clara/Site-Reliability-Engineer---Hardware-Infrastructure_JR2011168","Posted 13 Days Ago",""
"NVIDIA","ML and Agentic Systems Engineer","US, CA, Santa Clara","https://nvidia.wd5.myworkdayjobs.com/en-US/NVIDIAExternalCareerSite/job/US-CA-Santa-Clara/ML-and-Agentic-Systems-Engineer_JR2015108","Posted 13 Days Ago",""
"Pinterest","AI Solutions Engineer","San Francisco, CA, Seattle, WA, US; Remote, US","https://www.pinterestcareers.com/jobs/?gh_jid=7714127","2026-03-12T19:43:31-04:00","2026-03-27T15:03:38-04:00"
"Pinterest","Machine Learning Intern Fall 2026 (Toronto)","Toronto, ON, CA","https://www.pinterestcareers.com/jobs/?gh_jid=7268778","2026-01-23T19:03:30-05:00","2026-04-02T13:18:13-04:00"
"Pinterest","Software Engineer, tvScientific","San Francisco, CA, US; Remote, US","https://www.pinterestcareers.com/jobs/?gh_jid=7642265","2026-02-25T04:24:41-05:00","2026-04-02T13:09:19-04:00"
"Plaid ","Privacy & Data Innovation Counsel","United States","https://jobs.lever.co/plaid/4ced8121-c5a8-4a67-af1e-44d854b05d68","2026-02-18 00:12:07","N/A"
"Plaid ","Software Engineer","New York","https://jobs.lever.co/plaid/49139a62-a9bc-4400-ae89-789818b34cb8","2025-06-06 17:21:41","N/A"
"Plaid ","Software Engineer","Seattle, WA","https://jobs.lever.co/plaid/f455a60a-6ea0-4d1b-890b-5f7869192c5f","2026-03-02 22:16:20","N/A"
"PlayStation Global","Data Center Operations Engineer","United States, Manassas, VA","https://job-boards.greenhouse.io/sonyinteractiveentertainmentglobal/jobs/5829868004","2026-03-24T04:02:59-04:00","2026-03-24T04:02:59-04:00"
"PlayStation Global"," M365 Applications Administrator","United States, Aliso Viejo, CA","https://job-boards.greenhouse.io/sonyinteractiveentertainmentglobal/jobs/5836518004","2026-03-24T18:51:22-04:00","2026-03-24T18:51:22-04:00"
"PlayStation Global","M365 Applications Administrator","United States, Los Angeles, CA","https://job-boards.greenhouse.io/sonyinteractiveentertainmentglobal/jobs/5836519004","2026-03-24T18:51:24-04:00","2026-03-24T18:51:24-04:00"
"PlayStation Global","M365 Applications Administrator","United States, San Diego, CA","https://job-boards.greenhouse.io/sonyinteractiveentertainmentglobal/jobs/5829880004","2026-03-24T18:51:23-04:00","2026-03-24T18:51:23-04:00"
"PlayStation Global","Platform Engineer - Application Networking","United States, Aliso Viejo, CA","https://job-boards.greenhouse.io/sonyinteractiveentertainmentglobal/jobs/5812444004","2026-03-03T16:23:36-05:00","2026-03-17T17:25:01-04:00"
"PlayStation Global","Platform Engineer - Application Networking","United States, San Diego, CA","https://job-boards.greenhouse.io/sonyinteractiveentertainmentglobal/jobs/5818262004","2026-03-03T16:23:39-05:00","2026-03-17T17:25:22-04:00"
"PlayStation Global","Software Development Engineer in Test - Contractor","United States, San Mateo, CA","https://job-boards.greenhouse.io/sonyinteractiveentertainmentglobal/jobs/5838100004","2026-03-31T00:27:08-04:00","2026-03-31T00:27:36-04:00"
"PlayStation Global","Software Development Engineer in Test II (SDET)","United States, San Mateo, CA","https://job-boards.greenhouse.io/sonyinteractiveentertainmentglobal/jobs/5831459004","2026-03-23T14:18:24-04:00","2026-03-27T14:30:58-04:00"
"PlayStation Global","Software Engineer","Australia, Adelaide","https://job-boards.greenhouse.io/sonyinteractiveentertainmentglobal/jobs/5733491004","2026-01-06T06:19:42-05:00","2026-02-20T16:38:05-05:00"
"PlayStation Global","Software Engineer II","United States, San Mateo, CA","https://job-boards.greenhouse.io/sonyinteractiveentertainmentglobal/jobs/5838104004","2026-03-27T16:05:25-04:00","2026-03-30T14:47:03-04:00"
"PlayStation Global","Software Engineer II","United States, Aliso Viejo, CA","https://job-boards.greenhouse.io/sonyinteractiveentertainmentglobal/jobs/5817243004","2026-03-09T14:24:53-04:00","2026-03-31T18:11:26-04:00"
"PlayStation Global","Software Engineer II","United States, San Mateo, CA","https://job-boards.greenhouse.io/sonyinteractiveentertainmentglobal/jobs/5784127004","2026-01-28T12:17:56-05:00","2026-02-27T14:53:04-05:00"
"PlayStation Global","Software Engineer II","United States, San Mateo, CA","https://job-boards.greenhouse.io/sonyinteractiveentertainmentglobal/jobs/5838328004","2026-03-26T14:45:36-04:00","2026-04-01T19:55:46-04:00"
"PlayStation Global","Software Engineer II","United States, San Mateo, CA","https://job-boards.greenhouse.io/sonyinteractiveentertainmentglobal/jobs/5841210004","2026-04-01T18:10:58-04:00","2026-04-01T18:10:58-04:00"
"PlayStation Global","Software Engineer II ","United States, San Mateo, CA","https://job-boards.greenhouse.io/sonyinteractiveentertainmentglobal/jobs/5764771004","2026-01-20T20:04:41-05:00","2026-03-30T12:14:16-04:00"
"PlayStation Global","Software Systems Engineer II","United States, San Diego, CA","https://job-boards.greenhouse.io/sonyinteractiveentertainmentglobal/jobs/5789638004","2026-02-02T15:20:36-05:00","2026-02-27T14:53:04-05:00"
"PlayStation Global","Software Systems Integration Engineer","United States, Aliso Viejo, CA","https://job-boards.greenhouse.io/sonyinteractiveentertainmentglobal/jobs/5803416004","2026-02-12T19:27:14-05:00","2026-03-20T12:30:29-04:00"
"PlayStation Global","Software Systems Integration Engineer","United States, San Mateo, CA","https://job-boards.greenhouse.io/sonyinteractiveentertainmentglobal/jobs/5801909004","2026-02-12T19:27:12-05:00","2026-03-20T12:28:48-04:00"
"PlayStation Global","Software Systems Integration Engineer","United States, San Diego, CA","https://job-boards.greenhouse.io/sonyinteractiveentertainmentglobal/jobs/5803419004","2026-02-12T19:27:15-05:00","2026-03-20T12:30:58-04:00"
"Precisely","AI Tech Analyst Intern","United States","https://www.precisely.com/careers-and-culture/us-jobs/job/4670214005?gh_jid=4670214005","2026-03-06T11:56:55-05:00","2026-03-18T12:32:11-04:00"
"Precisely","Corporate Development Intern","United States","https://www.precisely.com/careers-and-culture/us-jobs/job/4669685005?gh_jid=4669685005","2026-03-06T11:31:49-05:00","2026-03-18T12:32:11-04:00"
"Precisely","FP&A Intern ","United States","https://www.precisely.com/careers-and-culture/us-jobs/job/4672990005?gh_jid=4672990005","2026-03-13T10:13:57-04:00","2026-03-18T12:32:11-04:00"
"Precisely","Partner Training & Enablement Intern","United States","https://www.precisely.com/careers-and-culture/us-jobs/job/4670217005?gh_jid=4670217005","2026-03-06T11:59:59-05:00","2026-04-02T00:39:08-04:00"
"Precisely","Revenue Ops Analytics & Automation Intern","United States","https://www.precisely.com/careers-and-culture/us-jobs/job/4670227005?gh_jid=4670227005","2026-03-06T12:13:15-05:00","2026-04-01T07:37:54-04:00"
"Precisely","Software Engineering Intern","United States","https://www.precisely.com/careers-and-culture/us-jobs/job/4669797005?gh_jid=4669797005","2026-03-06T09:51:13-05:00","2026-03-18T12:32:11-04:00"
"Precisely","Strategic Alliances Intern","United States","https://www.precisely.com/careers-and-culture/us-jobs/job/4669660005?gh_jid=4669660005","2026-03-06T09:52:39-05:00","2026-03-21T00:29:23-04:00"
"Morgan Stanley","Anti-money Laundering Risk – Enhanced Due Diligence (AML Risk Associate)","Purchase, New York, United States of America","https://ms.wd5.myworkdayjobs.com/en-US/External/job/Purchase-New-York-United-States-of-America/Anti-money-Laundering-Risk---Enhanced-Due-Diligence--AML-Risk-Associate-_PT-JR032230","Posted 21 Days Ago",""
"NVIDIA","Systems Software Engineer - Tegra","US, CA, Santa Clara","https://nvidia.wd5.myworkdayjobs.com/en-US/NVIDIAExternalCareerSite/job/US-CA-Santa-Clara/Systems-Software-Engineer---Tegra_JR2011790","Posted 15 Days Ago",""
"NVIDIA","System Software Engineer, Calibration - Autonomous Vehicles","US, CA, Santa Clara","https://nvidia.wd5.myworkdayjobs.com/en-US/NVIDIAExternalCareerSite/job/US-CA-Santa-Clara/System-Software-Engineer--Calibration---Autonomous-Vehicles_JR2014856","Posted 15 Days Ago",""
"Morgan Stanley","Securitized Products Capital Markets Analyst/Associate","New York, New York, United States of America","https://ms.wd5.myworkdayjobs.com/en-US/External/job/New-York-New-York-United-States-of-America/Securitized-Products-Capital-Markets-Analyst-Associate_JR031270-1","Posted 21 Days Ago",""
"Otis","Material Handler (3rd Shift)","OT541: TFP - Florence, SC 1500 Otis Way, Florence, SC, 29501 USA","https://otis.wd5.myworkdayjobs.com/en-US/REC_Ext_Gateway/job/OT541-TFP---Florence-SC-1500-Otis-Way-Florence-SC-29501-USA/Material-Handler--3rd-Shift-_20154470","Posted 2 Days Ago",""
"Pure storage","AI Governance Analyst","Lehi, Utah","https://job-boards.greenhouse.io/purestorage/jobs/7746667","2026-03-25T23:20:37-04:00","2026-03-25T23:20:37-04:00"
"Pure storage","Applied AI Engineer","Remote, United States","https://job-boards.greenhouse.io/purestorage/jobs/7644129","2026-03-09T17:59:22-04:00","2026-03-09T17:59:22-04:00"
"Pure storage","Executive Assistant, Data Management (1touch)","Santa Clara, California","https://job-boards.greenhouse.io/purestorage/jobs/7719500","2026-03-20T14:31:26-04:00","2026-03-20T14:31:26-04:00"
"Pure storage","Hardware Engineer Intern (Summer 2026)","Santa Clara, California","https://job-boards.greenhouse.io/purestorage/jobs/7681144","2026-03-05T15:37:49-05:00","2026-03-09T05:03:49-04:00"
"Pure storage","Software Engineer","Santa Clara, California","https://job-boards.greenhouse.io/purestorage/jobs/7206456","2025-08-28T16:59:15-04:00","2026-02-24T13:21:08-05:00"
"Pure storage","Software Engineer","Santa Clara, California","https://job-boards.greenhouse.io/purestorage/jobs/7681099","2026-03-10T19:49:29-04:00","2026-03-12T14:50:58-04:00"
"Pure storage","Software Engineer","Santa Clara, California","https://job-boards.greenhouse.io/purestorage/jobs/7681034","2026-03-10T14:57:51-04:00","2026-03-12T14:49:38-04:00"
"Pure storage","Software Engineer Intern (Summer 2026)","Santa Clara, California","https://job-boards.greenhouse.io/purestorage/jobs/7258723","2025-10-13T15:16:28-04:00","2026-02-25T19:02:02-05:00"
"Pure storage","Software Infrastructure Engineer, Hardware","Santa Clara, California","https://job-boards.greenhouse.io/purestorage/jobs/7736016","2026-03-19T14:26:38-04:00","2026-03-26T16:08:47-04:00"
"Pluralsight","Data Scientist","Remote - USA","https://pluralsight.wd1.myworkdayjobs.com/en-US/Careers/job/Remote---USA/Data-Scientist_R0014042","Posted 9 Days Ago",""
"Pluralsight","Software Engineer","Remote - USA","https://pluralsight.wd1.myworkdayjobs.com/en-US/Careers/job/Remote---USA/Software-Engineer_R0013970","Posted 10 Days Ago",""
"Otis","Material Handler (1st Shift)","OT541: TFP - Florence, SC 1500 Otis Way, Florence, SC, 29501 USA","https://otis.wd5.myworkdayjobs.com/en-US/REC_Ext_Gateway/job/OT541-TFP---Florence-SC-1500-Otis-Way-Florence-SC-29501-USA/Material-Handler---1st-Shift_20155789","Posted 3 Days Ago",""
"NVIDIA","Software Engineer, Hardware Tools and Methodology - New College Grad 2026","US, CA, Santa Clara","https://nvidia.wd5.myworkdayjobs.com/en-US/NVIDIAExternalCareerSite/job/US-CA-Santa-Clara/Software-Engineer--Hardware-Tools-and-Methodology---New-College-Grad-2026_JR2014649","Posted 17 Days Ago",""
"NVIDIA","Research Scientist, Fundamental Generative AI - New College Grad 2026","US, CA, Santa Clara","https://nvidia.wd5.myworkdayjobs.com/en-US/NVIDIAExternalCareerSite/job/US-CA-Santa-Clara/Research-Scientist--Fundamental-Generative-AI---New-College-Grad-2026_JR2013293-3","Posted 17 Days Ago",""
"Quantinuum","Internship Opportunities with Quantinuum 2026 - UK/Germany","UK London or Cambridge","https://jobs.eu.lever.co/quantinuum/dc2f6f9e-b409-4640-807d-0339a12dc3cd","2026-01-21 09:14:28","N/A"
"Quantinuum","IT SAP Developer - 729","US Broomfield, CO","https://jobs.eu.lever.co/quantinuum/1e6d404b-c956-4a29-a729-8de2722dce7e","2026-03-06 18:53:01","N/A"
"Quantinuum","PhD Intern - Trapped-Ion Quantum Computing Theory - 632","US Broomfield, CO","https://jobs.eu.lever.co/quantinuum/7504458f-995c-4c6f-a5af-5a423726c4ed","2026-01-12 21:38:15","N/A"
"Quantinuum","Software Test Electrical Engineer - 614","US Broomfield, CO","https://jobs.eu.lever.co/quantinuum/19d0fc5b-b512-4533-b168-a6509d02ca6d","2025-12-22 20:37:53","N/A"
"NVIDIA","Low Power ASIC Engineer - New College Grad 2026","US, CA, Santa Clara","https://nvidia.wd5.myworkdayjobs.com/en-US/NVIDIAExternalCareerSite/job/US-CA-Santa-Clara/Low-Power-ASIC-Engineer---New-College-Grad-2026_JR2012836","Posted 17 Days Ago",""
"Prudential Financial","PGIM Associate, ETF Capital Markets ( Hybrid/ Newark, NJ)","Newark, NJ, USA","https://pru.wd5.myworkdayjobs.com/en-US/Careers/job/Newark-NJ-USA/PGIM-Associate--ETF-Capital-Markets---Hybrid--Newark--NJ-_R-124036-2","Posted 7 Days Ago",""
"Prudential Financial","Infrastructure Administration Engineer","Newark, NJ, USA","https://pru.wd5.myworkdayjobs.com/en-US/Careers/job/Newark-NJ-USA/Infrastructure-Administration-Engineer_R-123937-1","Posted 14 Days Ago",""
"Prudential Financial","Fixed Wing Captain","NJ-Virtual Office","https://pru.wd5.myworkdayjobs.com/en-US/Careers/job/NJ-Virtual-Office/Fixed-Wing-Captain_R-123993-1","Posted 16 Days Ago",""
"Otis","TÉCNICO (H/M) DE ASCENSORES OTIS BAIX LLOBREGAT","Bellaterra 18-20, 08940 CORNELLA DE LLOBREGAT, Spain","https://otis.wd5.myworkdayjobs.com/en-US/REC_Ext_Gateway/job/Bellaterra-18-20-08940-CORNELLA-DE-LLOBREGAT-Spain/TCNICO--H-M--DE-ASCENSORES-OTIS-BAIX-LLOBREGAT_20153213","Posted 8 Days Ago",""
"Prudential Financial","Software Engineer","Newark, NJ, USA","https://pru.wd5.myworkdayjobs.com/en-US/Careers/job/Newark-NJ-USA/Software-Engineer_R-123765-1","Posted 23 Days Ago",""
"NVIDIA","Firmware Infrastructure Engineer - GPU","US, CA, Santa Clara","https://nvidia.wd5.myworkdayjobs.com/en-US/NVIDIAExternalCareerSite/job/US-CA-Santa-Clara/Firmware-Infrastructure-Engineer---GPU_JR1999623-1","Posted 22 Days Ago",""
"Prudential Financial","Infrastructure Developer - API Center for Enablement","Newark, NJ, USA","https://pru.wd5.myworkdayjobs.com/en-US/Careers/job/Newark-NJ-USA/Infrastructure-Developer---API-Center-for-Enablement_R-123682-2","Posted 30+ Days Ago",""
"Rain","Backend Engineer","New York, NY","https://jobs.ashbyhq.com/rain/482b165f-2ef9-41ff-8b88-87e7e6714dc8","2026-01-15T17:11:35.884+00:00",""
"Rain","DevOps Engineer","New York, NY","https://jobs.ashbyhq.com/rain/2015a21d-321d-46a5-8b7a-6243011a03aa","2026-01-15T17:13:08.259+00:00",""
"Rain","Software Engineer - Fullstack","New York, NY","https://jobs.ashbyhq.com/rain/8849f6ef-86e6-464d-9f40-62f8355d40fb","2026-01-15T17:15:29.220+00:00",""
"Rain","Software Engineer - EVM","New York, NY","https://jobs.ashbyhq.com/rain/2e5bcf13-fadd-4b4f-a079-1535b9615aa5","2026-01-15T17:07:24.829+00:00",""
"Rain","Data Scientist - Fraud Risk","New York, NY","https://jobs.ashbyhq.com/rain/5386a05e-0377-4cba-ad2f-9438c2caad67","2026-01-09T17:28:42.198+00:00",""
"Rain","Software Engineer - Solana ","New York, NY","https://jobs.ashbyhq.com/rain/71212e62-8e54-43db-b2ba-a02b9a91b607","2026-02-25T21:21:24.575+00:00",""
"Rain","Software Engineer - Stellar","New York, NY","https://jobs.ashbyhq.com/rain/3245e266-c1d2-40b2-bc25-588368d833bd","2026-02-25T21:24:52.728+00:00",""
"Rain","Data Scientist","New York, NY","https://jobs.ashbyhq.com/rain/0c405594-a104-4b64-9ec7-06b0172f7db9","2026-03-24T22:56:57.838+00:00",""
"Rain","Backend Engineer, AI ","New York, NY","https://jobs.ashbyhq.com/rain/2cef52c3-cd7a-42f2-9d86-3f13185ef205","2026-03-24T23:33:32.095+00:00",""
"Rain","Software Engineer - Compliance","New York, NY","https://jobs.ashbyhq.com/rain/7b63374b-f45b-4bcb-8006-a37a2a971f12","2026-03-25T00:08:10.154+00:00",""
"NVIDIA","Pricing Operation Specialist - New College Graduate 2026","US, CA, Santa Clara","https://nvidia.wd5.myworkdayjobs.com/en-US/NVIDIAExternalCareerSite/job/US-CA-Santa-Clara/Pricing-Operation-Specialist---New-College-Graduate-2026_JR2014380","Posted 23 Days Ago",""
"Morgan Stanley","Java Developer – Server Side (Associate)","New York, New York, United States of America","https://ms.wd5.myworkdayjobs.com/en-US/External/job/New-York-New-York-United-States-of-America/Java-Developer---Server-Side--Associate-_PT-JR029375","Posted 24 Days Ago",""
"Prudential Financial","Software Engineer","Newark, NJ, USA","https://pru.wd5.myworkdayjobs.com/en-US/Careers/job/Newark-NJ-USA/Software-Engineer_R-123375-1","Posted 30+ Days Ago",""
"Prudential Financial","Software Engineer","Newark, NJ, USA","https://pru.wd5.myworkdayjobs.com/en-US/Careers/job/Newark-NJ-USA/Software-Engineer_R-122706-2","Posted 30+ Days Ago",""
"NVIDIA","AI Inference Performance Engineer","US, CA, Santa Clara","https://nvidia.wd5.myworkdayjobs.com/en-US/NVIDIAExternalCareerSite/job/US-CA-Santa-Clara/AI-Inference-Performance-Engineer_JR2014396","Posted 24 Days Ago",""
"Otis","Prodctn/Maint, Maint Tech","Sigma Elevator (Thailand) Co., Ltd., No. 735/5 2nd FL., Tower E Unit No. E2-01 Srinakarin Road, Phatthanakan Sub-district Suanluang District, 10250, Bangkok","https://otis.wd5.myworkdayjobs.com/en-US/REC_Ext_Gateway/job/Sigma-Elevator-Thailand-Co-Ltd-No-7355-2nd-FL-Tower-E-Unit-No-E2-01-Srinakarin-Road-Phatthanakan-Sub-district-Suanluang-District-10250-Bangkok/Prodctn-Maint--Maint-Tech_20154399","Posted 13 Days Ago",""
"Prudential Financial","Specialist, Data Loss Prevention","Newark, NJ, USA","https://pru.wd5.myworkdayjobs.com/en-US/Careers/job/Newark-NJ-USA/Specialist--Data-Loss-Prevention_R-121905-1","Posted 30+ Days Ago",""
"Morgan Stanley","AI Enablement Associate","Purchase, New York, United States of America","https://ms.wd5.myworkdayjobs.com/en-US/External/job/Purchase-New-York-United-States-of-America/AI-Enablement-Associate_PT-JR031474-1","Posted 28 Days Ago",""
"Otis","Data Scientist – Predictive Analytics, IoT & AI Applications","LOC3344: 7-8/F, Building N1, Fusion New Bund, No. 8, Lane 131, New Bund Avenue, Pudong, Shanghai, China","https://otis.wd5.myworkdayjobs.com/en-US/REC_Ext_Gateway/job/LOC3344-7-8F-Building-N1-Fusion-New-Bund-No-8-Lane-131-New-Bund-Avenue-Pudong-Shanghai-China/Data-Scientist---Predictive-Analytics--IoT---AI-Applications_20152822","Posted 14 Days Ago",""
"Morgan Stanley","Capital Regulatory Controllers Production - New York Associate","New York, New York, United States of America","https://ms.wd5.myworkdayjobs.com/en-US/External/job/New-York-New-York-United-States-of-America/Capital-Regulatory-Controllers-Production---New-York-Associate_PT-JR023723","Posted 29 Days Ago",""
"Rakuten ","Intern - Software Engineering","Salt Lake City, Utah","https://rakuten.wd1.myworkdayjobs.com/en-US/RakutenAdvertising/job/Salt-Lake-City-Utah/Intern---Software-Engineering_1031659","Posted 14 Days Ago",""
"Morgan Stanley","Hedge Funds Solutions Data Management Associate","1585 Broadway- NY","https://ms.wd5.myworkdayjobs.com/en-US/External/job/1585-Broadway--NY/Hedge-Funds-Solutions-Data-Management-Associate_JR031109-1","Posted 29 Days Ago",""
"NVIDIA","Solutions Architect, AI Cloud Partner Performance","US, CA, Santa Clara","https://nvidia.wd5.myworkdayjobs.com/en-US/NVIDIAExternalCareerSite/job/US-CA-Santa-Clara/Solutions-Architect--AI-Cloud-Partner-Performance_JR2010893","Posted 28 Days Ago",""
"NVIDIA","AI Inference Performance Engineer - New College Grad 2026","US, CA, Santa Clara","https://nvidia.wd5.myworkdayjobs.com/en-US/NVIDIAExternalCareerSite/job/US-CA-Santa-Clara/AI-Inference-Performance-Engineer---New-College-Grad-2026_JR2014441","Posted 28 Days Ago",""
"NVIDIA","Performance Engineering Intern, Platform Performance and Power -  Summer 2026","US, CA, Santa Clara","https://nvidia.wd5.myworkdayjobs.com/en-US/NVIDIAExternalCareerSite/job/US-CA-Santa-Clara/Performance-Engineering-Intern--Deep-Learning-and-HPC----Summer-2026_JR2009830","Posted 29 Days Ago",""
"Otis","Prodctn/Maint, Field Svc","Coline Business Center, Casablanca","https://otis.wd5.myworkdayjobs.com/en-US/REC_Ext_Gateway/job/Coline-Business-Center-Casablanca/Prodctn-Maint--Field-Svc_20147382","Posted 17 Days Ago",""
"Morgan Stanley","Global Capital Markets Liability Management Associate – New York","New York, New York, United States of America","https://ms.wd5.myworkdayjobs.com/en-US/External/job/New-York-New-York-United-States-of-America/Global-Capital-Markets-Liability-Management-Associate---New-York_JR031172","Posted 30+ Days Ago",""
"NVIDIA","Signoff Methodology Engineer - New College Grad 2026","US, CA, Santa Clara","https://nvidia.wd5.myworkdayjobs.com/en-US/NVIDIAExternalCareerSite/job/US-CA-Santa-Clara/Signoff-Methodology-Engineer---New-College-Grad-2026_JR2014110","Posted 30 Days Ago",""
"NVIDIA","Firmware Applications Engineer","US, CA, Santa Clara","https://nvidia.wd5.myworkdayjobs.com/en-US/NVIDIAExternalCareerSite/job/US-CA-Santa-Clara/Firmware-Applications-Engineer_JR2014330","Posted 30 Days Ago",""
"NVIDIA","CAD Tools Developer","US, CA, Santa Clara","https://nvidia.wd5.myworkdayjobs.com/en-US/NVIDIAExternalCareerSite/job/US-CA-Santa-Clara/CAD-Tools-Developer_JR2012092","Posted 30+ Days Ago",""
"NVIDIA","CAD Tools Developer","US, CA, Santa Clara","https://nvidia.wd5.myworkdayjobs.com/en-US/NVIDIAExternalCareerSite/job/US-CA-Santa-Clara/CAD-Tools-Developer_JR2007175","Posted 30+ Days Ago",""
"NVIDIA","Developer Technology Engineer, High-Performance Databases – New College Grad 2026","US, CA, Santa Clara","https://nvidia.wd5.myworkdayjobs.com/en-US/NVIDIAExternalCareerSite/job/US-CA-Santa-Clara/Developer-Technology-Engineer--High-Performance-Databases---New-College-Grad-2026_JR2014129","Posted 30+ Days Ago",""
"Morgan Stanley","Global Capital Markets, Alternative Capital Solutions – Analyst","New York, New York, United States of America","https://ms.wd5.myworkdayjobs.com/en-US/External/job/New-York-New-York-United-States-of-America/Global-Capital-Markets--Alternative-Capital-Solutions---Analyst_JR030900-1","Posted 30+ Days Ago",""
"Morgan Stanley","Full Stack Java/Python Developer (Associate)","New York, New York, United States of America","https://ms.wd5.myworkdayjobs.com/en-US/External/job/New-York-New-York-United-States-of-America/Full-Stack-Java-Developer--Associate-_JR029420","Posted 30+ Days Ago",""
"Morgan Stanley","Scala - Spark Developer","New York, New York, United States of America","https://ms.wd5.myworkdayjobs.com/en-US/External/job/New-York-New-York-United-States-of-America/Snowflake-Data-Engineer_PT-JR025386","Posted 30+ Days Ago",""
"Reddit","Android Software Engineer, Ad Formats","Chicago, IL","https://job-boards.greenhouse.io/reddit/jobs/7415003","2025-11-21T12:59:52-05:00","2026-03-19T11:36:26-04:00"
"Reddit","Android Software Engineer, Ad Formats","San Francisco, CA","https://job-boards.greenhouse.io/reddit/jobs/7414993","2025-11-21T12:59:51-05:00","2026-03-19T11:36:26-04:00"
"Reddit","Android Software Engineer, Ad Formats","Remote - United States","https://job-boards.greenhouse.io/reddit/jobs/7415052","2025-11-21T13:01:21-05:00","2026-03-19T11:36:26-04:00"
"Reddit","Android Software Engineer, Ad Formats","New York City, NY","https://job-boards.greenhouse.io/reddit/jobs/7415013","2025-11-21T12:59:54-05:00","2026-03-19T11:36:26-04:00"
"Reddit","Backend Engineer, Feeds Experience","Remote - United States","https://job-boards.greenhouse.io/reddit/jobs/7565219","2026-01-26T16:06:19-05:00","2026-03-30T14:00:55-04:00"
"Reddit","Data Scientist, Ads","Remote - United States","https://job-boards.greenhouse.io/reddit/jobs/6580815","2025-01-28T18:41:51-05:00","2026-03-19T11:36:27-04:00"
"Reddit","iOS Software Engineer, Ad Formats","Remote - United States","https://job-boards.greenhouse.io/reddit/jobs/7415041","2025-11-21T13:00:43-05:00","2026-03-19T11:36:26-04:00"
"Reddit","iOS Software Engineer, Ad Formats","Chicago, IL","https://job-boards.greenhouse.io/reddit/jobs/7414842","2025-11-21T12:59:57-05:00","2026-03-19T11:36:25-04:00"
"Reddit","iOS Software Engineer, Ad Formats","New York City, NY","https://job-boards.greenhouse.io/reddit/jobs/7414849","2025-11-21T12:59:58-05:00","2026-03-19T11:36:25-04:00"
"NVIDIA","Product Compliance Engineer - Environmental and Sustainability","US, CA, Santa Clara","https://nvidia.wd5.myworkdayjobs.com/en-US/NVIDIAExternalCareerSite/job/US-CA-Santa-Clara/Product-Compliance-Engineer---Environmental-and-Sustainability_JR2011157","Posted 30+ Days Ago",""
"NVIDIA","Product Data Operations Engineering Systems Analyst","US, CA, Santa Clara","https://nvidia.wd5.myworkdayjobs.com/en-US/NVIDIAExternalCareerSite/job/US-CA-Santa-Clara/Product-Data-Operations-Engineering-Systems-Analyst_JR2013016","Posted 30+ Days Ago",""
"Otis","Prodctn/Maint, Field Svc","Sigma Elevator (Thailand) Co., Ltd., No. 735/5 2nd FL., Tower E Unit No. E2-01 Srinakarin Road, Phatthanakan Sub-district Suanluang District, 10250, Bangkok","https://otis.wd5.myworkdayjobs.com/en-US/REC_Ext_Gateway/job/Sigma-Elevator-Thailand-Co-Ltd-No-7355-2nd-FL-Tower-E-Unit-No-E2-01-Srinakarin-Road-Phatthanakan-Sub-district-Suanluang-District-10250-Bangkok/Prodctn-Maint--Field-Svc_20153071","Posted 23 Days Ago",""
"Otis","HR Intern (H/M) VIGO","Tecnológico Y Logístico De Vigo Rua B - Parcela 1010 36314 VIGO, Pontevedra Spain","https://otis.wd5.myworkdayjobs.com/en-US/REC_Ext_Gateway/job/Tecnolgico-Y-Logstico-De-Vigo-Rua-B---Parcela-1010-36314-VIGO-Pontevedra-Spain/HR-Intern--H-M--VIGO_20152638","Posted 24 Days Ago",""
"Ramp","AI Operations Specialist | Agentic Workflows","New York, NY (HQ)","https://jobs.ashbyhq.com/ramp/63df0ffc-bdc6-40ba-906f-fe03378536b0","2026-03-17T20:30:40.304+00:00",""
"Ramp","Software Engineer, Frontend","New York, NY (HQ)","https://jobs.ashbyhq.com/ramp/4e64ab86-4e30-403b-b1b9-41dc052570ce","2023-03-09T17:44:00.817+00:00",""
"Ramp","Software Engineer, Data Platform ","New York, NY (HQ)","https://jobs.ashbyhq.com/ramp/bca0346c-b843-4795-96df-6091f51e421b","2026-03-11T14:55:30.277+00:00",""
"Ramp","Software Engineer, Infrastructure","New York, NY (HQ)","https://jobs.ashbyhq.com/ramp/0ea43bb5-201b-4626-ae19-1d7ae3a3193f","2025-04-15T20:28:01.105+00:00",""
"Ramp","Software Engineer, Stablecoins","New York, NY (HQ)","https://jobs.ashbyhq.com/ramp/d1183b00-6590-4fe4-a585-28d84e578fe3","2026-01-20T23:53:39.199+00:00",""
"Ramp","Software Engineer Internship, Frontend","New York, NY (HQ)","https://jobs.ashbyhq.com/ramp/31f7e045-9a51-4a75-9ffc-d815d6db6daa","2025-08-01T19:55:18.933+00:00",""
"Ramp","Software Engineer Internship, Android ","New York, NY (HQ)","https://jobs.ashbyhq.com/ramp/67fadb77-43d8-4449-954b-d4cf2c6d3b8b","2025-08-07T20:49:38.961+00:00",""
"Ramp","Software Engineer, FedRAMP Infrastructure","Washington, D.C.","https://jobs.ashbyhq.com/ramp/9912212c-2edd-4bdb-a18c-1087bcae0522","2025-07-24T15:11:28.008+00:00",""
"Ramp","University Grad | Software Engineer | Frontend","New York, NY (HQ)","https://jobs.ashbyhq.com/ramp/a1229aec-1105-4c47-8533-b912e732ed89","2025-08-01T21:08:04.061+00:00",""
"Ramp","Software Engineer, Growth Platform","New York, NY (HQ)","https://jobs.ashbyhq.com/ramp/f5b60cf1-c0ec-42c1-89db-ece853e998ab","2025-09-29T22:46:04.471+00:00",""
"Ramp","Software Engineer, Growth","New York, NY (HQ)","https://jobs.ashbyhq.com/ramp/0c9e3e0f-54df-4252-a17b-b506e954225b","2025-09-29T22:50:46.522+00:00",""
"Ramp","Software Engineer, Forward Deployed","San Francisco, CA","https://jobs.ashbyhq.com/ramp/deca582c-a1d0-4705-9975-60aed81ba89f","2025-11-05T16:45:58.645+00:00",""
"Ramp","AML Operations Analyst ","New York, NY (HQ)","https://jobs.ashbyhq.com/ramp/33a7a700-b9e1-4f6e-ac4e-b69942c6b5b0","2026-03-23T15:36:46.165+00:00",""
"Ramp","Software Engineer, Core Product","New York, NY (HQ)","https://jobs.ashbyhq.com/ramp/5fe4c64e-9336-4384-9e6f-ff32eeb3fdae","2026-01-20T16:41:04.185+00:00",""
"Ramp","Applied AI Engineer","New York, NY (HQ)","https://jobs.ashbyhq.com/ramp/d204e136-2749-42de-82b4-88a0dd352090","2026-01-12T16:46:17.571+00:00",""
"Ramp","Software Engineer, Financial Systems","New York, NY (HQ)","https://jobs.ashbyhq.com/ramp/1b191a1d-bb39-4b4a-b6bf-224e66ead1eb","2025-10-21T21:59:10.472+00:00",""
"Ramp","Software Engineer, Fraud & Identity","New York, NY (HQ)","https://jobs.ashbyhq.com/ramp/8fa367de-71ba-409e-befd-175a163acb1b","2026-03-27T20:01:22.099+00:00",""
"Ramp","Software Engineer, Risk","New York, NY (HQ)","https://jobs.ashbyhq.com/ramp/5598f7b8-4ae2-4105-a2b4-2d0f55c54c40","2026-01-20T15:57:31.081+00:00",""
"Ramp","Software Engineer, Bill Pay & Procurement","New York, NY (HQ)","https://jobs.ashbyhq.com/ramp/2a4968ae-220c-471b-b890-a011de570bbb","2025-10-29T20:06:15.084+00:00",""
"Ramp","Software Engineer, AI DevX","New York, NY (HQ)","https://jobs.ashbyhq.com/ramp/b42cce4b-8fa9-4e8d-892d-3a29a7afb909","2025-10-22T19:48:23.698+00:00",""
"Ramp","Data Scientist, All Levels","New York, NY (HQ)","https://jobs.ashbyhq.com/ramp/e577622f-6657-4e53-8941-b3a774b04448","2026-01-26T21:24:38.451+00:00",""
"Ramp","Software Engineer, Dev API","New York, NY (HQ)","https://jobs.ashbyhq.com/ramp/42527ca9-03b9-499e-a5c4-18e4245af138","2026-02-12T19:45:35.507+00:00",""
"Ramp","Backend Engineer, Ops","New York, NY (HQ)","https://jobs.ashbyhq.com/ramp/7bfa613e-151c-469b-9973-c89ee3d14838","2026-03-04T19:24:48.925+00:00",""
"Ramp","Software Engineer, Travel","New York, NY (HQ)","https://jobs.ashbyhq.com/ramp/f2d10bdf-0906-47eb-96fb-0efe6f81d8a3","2026-03-27T18:29:54.691+00:00",""
"Morgan Stanley","Platform Solutions Engineer - Knowledge Management & AI Integration","New York, New York, United States of America","https://ms.wd5.myworkdayjobs.com/en-US/External/job/New-York-New-York-United-States-of-America/Knowledge-Access-Engineer--Confluence-Stack-Overflow-Gen-AI-_PT-JR029090","Posted 30+ Days Ago",""
"NVIDIA","Orbital Datacenter System Architect","US, CA, Santa Clara","https://nvidia.wd5.myworkdayjobs.com/en-US/NVIDIAExternalCareerSite/job/US-CA-Santa-Clara/Orbital-Datacenter-System-Architect_JR2014044","Posted 30+ Days Ago",""
"Rescale ","HPC Engineer, AI and Data","Remote (United States)","https://jobs.ashbyhq.com/rescale/f1ea2699-9c06-465b-8171-29cfec1365d1","2025-08-18T14:49:23.066+00:00",""
"Rescale ","Simulation Engineer, AI & Data","Remote (United States)","https://jobs.ashbyhq.com/rescale/35eaa43a-13be-4987-9deb-23ebc51a6235","2025-08-27T20:25:09.540+00:00",""
"Rescale ","Solutions Architect - Data & AI","Remote (United States)","https://jobs.ashbyhq.com/rescale/2f43e26a-a331-4648-8523-d83c258bd8a2","2025-09-29T14:59:09.515+00:00",""
"Rescale ","Software Engineer, Full Stack - AI & Data","Remote (United States)","https://jobs.ashbyhq.com/rescale/fdba3410-d255-4879-9a6e-bed488b4a1fc","2026-03-23T20:53:48.037+00:00",""
"NVIDIA","Developer Technology Intern, AI - Summer 2026","US, CA, Santa Clara","https://nvidia.wd5.myworkdayjobs.com/en-US/NVIDIAExternalCareerSite/job/US-CA-Santa-Clara/Developer-Technology-Intern--AI---Summer-2026_JR2010638","Posted 30+ Days Ago",""
"NVIDIA","Developer Technology Intern, High-Performance Databases - Summer 2026","US, CA, Santa Clara","https://nvidia.wd5.myworkdayjobs.com/en-US/NVIDIAExternalCareerSite/job/US-CA-Santa-Clara/Developer-Technology-Intern--High-Performance-Databases---Summer-2026_JR2006184","Posted 30+ Days Ago",""
"RF-SMART","Product Owner - Oracle Cloud SCM","Distributed - US; Highlands Ranch, Colorado, United States; Jacksonville, Florida, United States","https://job-boards.greenhouse.io/rfsmart/jobs/5102795008","2026-02-16T13:07:43-05:00","2026-03-31T08:31:04-04:00"
"RF-SMART","Software Developer","Jacksonville, Florida, United States","https://job-boards.greenhouse.io/rfsmart/jobs/5111839008","2026-02-06T09:01:25-05:00","2026-03-31T08:31:04-04:00"
"RF-SMART","Software Developer II","Jacksonville, Florida, United States","https://job-boards.greenhouse.io/rfsmart/jobs/5059304008","2026-01-08T16:42:15-05:00","2026-03-31T08:31:04-04:00"
"RF-SMART","Software Developer Intern","Jacksonville, Florida, United States","https://job-boards.greenhouse.io/rfsmart/jobs/5158034008","2026-03-20T12:21:44-04:00","2026-03-31T08:31:05-04:00"
"RF-SMART","Software Developer Internship - Summer 2026","Highlands Ranch, Colorado, United States; Jacksonville, Florida, United States","https://job-boards.greenhouse.io/rfsmart/jobs/5099760008","2026-02-27T10:51:55-05:00","2026-03-31T08:31:04-04:00"
"Ridgeline ","Field Services Enablement Specialist, Data Migration","New York, NY; Reno, NV; Incline Village, NV; San Ramon, CA; Remote, US","https://boards.greenhouse.io/ridgeline/jobs/7664573003?gh_jid=7664573003","2026-03-16T12:28:35-04:00","2026-03-26T10:56:07-04:00"
"Ridgeline ","Software Engineer, Engineering Ops","New York, NY","https://boards.greenhouse.io/ridgeline/jobs/7533788003?gh_jid=7533788003","2025-11-19T14:14:19-05:00","2026-03-25T20:03:02-04:00"
"Ridgeline ","Software Engineer II, Go-To-Market","New York, NY","https://boards.greenhouse.io/ridgeline/jobs/7668333003?gh_jid=7668333003","2026-03-19T17:40:34-04:00","2026-04-02T17:01:24-04:00"
"Ripple","Data Analyst Intern, GTreasury (Summer 2026)","Chicago, Illinois, United States","https://ripple.com/careers/all-jobs/job/7733773?gh_jid=7733773","2026-04-02T19:02:49-04:00","2026-04-02T19:02:49-04:00"
"Ripple"," Software Engineer II, Data & AI ","San Francisco, CA, United States","https://ripple.com/careers/all-jobs/job/7654753?gh_jid=7654753","2026-02-25T12:56:36-05:00","2026-04-02T15:41:45-04:00"
"Roblox","[2026] Applied Scientist - PhD Intern","San Mateo, CA, United States","https://careers.roblox.com/jobs/7142298?gh_jid=7142298","2025-10-14T16:41:06-04:00","2026-03-11T17:26:46-04:00"
"Roblox","[2026] Data Scientist - PhD Intern (Short Term)","San Mateo, CA, United States","https://careers.roblox.com/jobs/7540083?gh_jid=7540083","2026-01-20T15:24:34-05:00","2026-02-19T19:20:40-05:00"
"Roblox","[2026] Machine Learning Engineer, Recommendation Systems - PhD Intern","San Mateo, CA, United States","https://careers.roblox.com/jobs/7755263?gh_jid=7755263","2026-03-26T20:16:38-04:00","2026-03-27T17:26:48-04:00"
"Roblox","[2026] Software Engineer, Creator - Early Career","San Mateo, CA, United States","https://careers.roblox.com/jobs/7557909?gh_jid=7557909","2026-01-27T18:27:08-05:00","2026-03-27T19:02:34-04:00"
"Roblox","Critical Harms Investigations & Incident Management Junior Specialist","San Mateo, CA, United States","https://careers.roblox.com/jobs/7774012?gh_jid=7774012","2026-04-02T19:03:21-04:00","2026-04-02T19:03:21-04:00"
"Roblox","Data Center Asset Management Analyst","San Mateo, CA, United States","https://careers.roblox.com/jobs/7736671?gh_jid=7736671","2026-03-20T18:40:16-04:00","2026-03-20T18:40:16-04:00"
"Roblox","Data Scientist, People Analytics","San Mateo, CA, United States","https://careers.roblox.com/jobs/7125944?gh_jid=7125944","2025-08-01T12:05:25-04:00","2026-02-19T19:20:40-05:00"
"Roblox","Software Engineer, Ads & Brands","San Mateo, CA, United States","https://careers.roblox.com/jobs/7535750?gh_jid=7535750","2026-01-20T14:02:14-05:00","2026-03-05T15:09:24-05:00"
"Roblox","Software Engineer, User Co-Experience","San Mateo, CA, United States","https://careers.roblox.com/jobs/7711780?gh_jid=7711780","2026-03-13T17:48:10-04:00","2026-03-13T17:48:10-04:00"
"Roblox","Software Engineer, User Sharing","San Mateo, CA, United States","https://careers.roblox.com/jobs/7767204?gh_jid=7767204","2026-03-31T18:45:32-04:00","2026-04-02T13:31:14-04:00"
"Roblox","[Summer 2026] Software Engineer, Community Apprenticeship - Intern ","San Mateo, CA, United States","https://careers.roblox.com/jobs/7654991?gh_jid=7654991","2026-03-06T11:26:15-05:00","2026-03-31T14:57:55-04:00"
"Roblox","Technical Sourcer, AI/ML, Short Term","San Mateo, CA, United States","https://careers.roblox.com/jobs/7641394?gh_jid=7641394","2026-02-24T12:51:20-05:00","2026-03-12T09:15:40-04:00"
"Redfin","Software Developer II - Conversational Search","WA - Seattle","https://redfin.wd1.myworkdayjobs.com/en-US/redfin_careers/job/WA---Seattle/Software-Developer-II---Conversational-Search_59842-1","Posted Today",""
"Roku","Content Analytics & Insights Intern, MBA","Santa Monica, California","https://www.weareroku.com/jobs/7680600?gh_jid=7680600","2026-03-04T18:21:33-05:00","2026-04-03T00:10:50-04:00"
"Roku","Data Scientist ","New York, New York","https://www.weareroku.com/jobs/7526070?gh_jid=7526070","2026-01-09T13:06:11-05:00","2026-04-03T00:05:46-04:00"
"Roku","Research Data Scientist","San Jose, California","https://www.weareroku.com/jobs/7251360?gh_jid=7251360","2025-09-15T14:27:42-04:00","2026-04-03T00:01:46-04:00"
"Roku","Research Data Scientist","New York, New York","https://www.weareroku.com/jobs/7326808?gh_jid=7326808","2025-10-14T12:05:12-04:00","2026-04-03T00:01:46-04:00"
"Roku","Software Engineer ","Austin, Texas","https://www.weareroku.com/jobs/7728861?gh_jid=7728861","2026-03-17T15:22:19-04:00","2026-03-27T15:45:51-04:00"
"Roku","Software Engineer, Machine Learning","San Jose, California","https://www.weareroku.com/jobs/7555263?gh_jid=7555263","2026-01-21T20:12:10-05:00","2026-04-03T00:07:35-04:00"
"Roku","SW Engineer Intern, Audio SW and Test","Aarhus, Denmark","https://www.weareroku.com/jobs/7743965?gh_jid=7743965","2026-03-24T07:19:59-04:00","2026-04-03T00:10:00-04:00"
"Roku","SW Engineer Intern, Audio Technology","Aarhus, Denmark","https://www.weareroku.com/jobs/7745673?gh_jid=7745673","2026-03-25T09:18:56-04:00","2026-04-03T00:08:56-04:00"
"Remitly","Software Development Engineer II - Trust Decisioning Platform","Seattle, Washington United States","https://remitly.wd5.myworkdayjobs.com/en-US/Remitly_Careers/job/Seattle-Washington-United-States/Software-Development-Engineer-II_R_104873","Posted 8 Days Ago",""
"Remitly","Software Development Engineer II, ML Platform","Seattle, Washington United States","https://remitly.wd5.myworkdayjobs.com/en-US/Remitly_Careers/job/Seattle-Washington-United-States/Software-Development-Engineer-II--ML-Platform_R_105911","Posted 30+ Days Ago",""
"Redfin","Data Engineer II","WA - Seattle","https://redfin.wd1.myworkdayjobs.com/en-US/redfin_careers/job/WA---Seattle/Data-Engineer-II_60200","Posted 20 Days Ago",""
"Redfin","Software Developer II - DIME","WA - Seattle","https://redfin.wd1.myworkdayjobs.com/en-US/redfin_careers/job/WA---Seattle/Software-Developer-II---DIME_59047","Posted 30+ Days Ago",""
"Otis","Modernization Contract Applications Engineer","OT325: NSP - BLOOMFIELD, CT 212 WEST NEWBERRY RD, BLOOMFIELD, CT, 06002 USA","https://otis.wd5.myworkdayjobs.com/en-US/REC_Ext_Gateway/job/OT325-NSP---BLOOMFIELD-CT-212-WEST-NEWBERRY-RD-BLOOMFIELD-CT-06002-USA/Modernization-Contract-Applications-Engineer_20151913","Posted 30+ Days Ago",""
"Redfin","Software Developer II - Search","WA - Seattle","https://redfin.wd1.myworkdayjobs.com/en-US/redfin_careers/job/WA---Seattle/Software-Developer-II---Search_59043","Posted 30+ Days Ago",""
"Redfin","Associate Agent (1099) - Silver Spring","MD - Rockville","https://redfin.wd1.myworkdayjobs.com/en-US/redfin_careers/job/MD---Rockville/Associate-Agent--1099----Silver-Spring_59951","Posted 30+ Days Ago",""
"Redfin","Software Developer I","WA - Seattle","https://redfin.wd1.myworkdayjobs.com/en-US/redfin_careers/job/WA---Seattle/Software-Developer-I_59686","Posted 30+ Days Ago",""
"RxSense","Full Stack Engineer","Remote US","https://job-boards.greenhouse.io/rxsense/jobs/4665717005","2026-02-24T10:22:27-05:00","2026-02-24T10:22:27-05:00"
"S2 Global","Rapiscan","N/A","https://www.osi-systems.jobs/rs","",""
"Redfin","Associate Agent (Independent Contractor) -Gainesville, FL","FL - Orlando","https://redfin.wd1.myworkdayjobs.com/en-US/redfin_careers/job/FL---Orlando/Associate-Agent--Independent-Contractor---Gainesville--FL_58853","Posted 30+ Days Ago",""
"SageSure","Associate Capital & Risk Analyst","Seattle, Washington, United States","https://www.sagesure.com/careers/current-job-openings/?gh_jid=4659649006","2026-03-05T14:10:49-05:00","2026-03-06T12:19:20-05:00"
"SageSure","Frontend Software Engineering Intern (Summer 2026)","Jersey City, New Jersey, United States","https://www.sagesure.com/careers/current-job-openings/?gh_jid=4607807006","2025-10-10T11:14:12-04:00","2026-04-02T09:54:42-04:00"
"Samsara","AI Engineer","Remote - US","https://www.samsara.com/company/careers/roles/7491153?gh_jid=7491153","2026-02-03T01:55:09-05:00","2026-03-30T09:17:56-04:00"
"Samsara","Data Engineer II","Remote - US","https://www.samsara.com/company/careers/roles/7650290?gh_jid=7650290","2026-03-11T14:29:20-04:00","2026-03-30T09:17:56-04:00"
"Samsara","Software Engineer II, AI Platform","Remote - CA","https://www.samsara.com/company/careers/roles/7619925?gh_jid=7619925","2026-02-18T11:27:36-05:00","2026-03-30T09:17:56-04:00"
"Samsun Gresearchamericainternship","2026 Health Applied Engineering Scholar (Spring/Summer)","665 Clyde Avenue, Mountain View,  CA, USA","https://job-boards.greenhouse.io/samsungresearchamericainternship/jobs/8215480002","2025-10-21T18:42:29-04:00","2026-01-29T14:27:00-05:00"
"Samsun Gresearchamericainternship","2026 Intern, Connectivity Innovation (Summer)","6105 Tennyson Pkwy, Suite 300, Plano TX 75024","https://job-boards.greenhouse.io/samsungresearchamericainternship/jobs/8415150002","2026-02-12T12:26:06-05:00","2026-02-12T18:34:32-05:00"
"Samsun Gresearchamericainternship","2026 Intern, GPU Architecture Modeling (Summer/Fall)","665 Clyde Avenue, Mountain View,  CA, USA","https://job-boards.greenhouse.io/samsungresearchamericainternship/jobs/8439936002","2026-03-03T17:48:47-05:00","2026-03-03T17:48:47-05:00"
"Samsun Gresearchamericainternship","2026 Intern, Next-Gen Connectivity & Sensing Research (Summer)","6105 Tennyson Pkwy, Suite 300, Plano TX 75024","https://job-boards.greenhouse.io/samsungresearchamericainternship/jobs/8371416002","2026-01-17T13:35:21-05:00","2026-01-21T18:01:14-05:00"
"Samsun Gresearchamericainternship","2026 Intern, On Device Physical AI (Summer)","665 Clyde Avenue, Mountain View,  CA, USA","https://job-boards.greenhouse.io/samsungresearchamericainternship/jobs/8451101002","2026-03-05T17:53:38-05:00","2026-03-05T17:53:38-05:00"
"Samsun Gresearchamericainternship","Don't see internships you are looking for?","665 Clyde Avenue, Mountain View,  CA, USA","https://job-boards.greenhouse.io/samsungresearchamericainternship/jobs/7005136002","2023-12-12T16:01:58-05:00","2026-02-27T14:47:47-05:00"
"Samsung semiconductor","IT Infrastructure Engineer  ","San Jose, California, United States","https://job-boards.greenhouse.io/samsungsemiconductor/jobs/7561804003","2025-12-16T14:02:10-05:00","2026-04-01T12:38:51-04:00"
"Samsung semiconductor","Software Engineer, Simulation Infrastructure & Tooling","San Jose, California, United States","https://job-boards.greenhouse.io/samsungsemiconductor/jobs/7593791003","2026-01-20T14:35:21-05:00","2026-04-01T12:38:51-04:00"
"Samsung semiconductor","Software Engineer, Trace-Driven Simulator Development","San Jose, California, United States","https://job-boards.greenhouse.io/samsungsemiconductor/jobs/7593780003","2026-01-20T14:35:47-05:00","2026-04-01T12:38:51-04:00"
"Salesforce","Software Engineer - Agentforce Platform","Australia - Melbourne","https://salesforce.wd12.myworkdayjobs.com/en-US/External_Career_Site/job/Australia---Melbourne/Software-Engineer---Agentforce-Platform_JR336188","Posted Today",""
"Salesforce","Summer 2026 Intern - Sustainability Analyst","California - San Francisco","https://salesforce.wd12.myworkdayjobs.com/en-US/External_Career_Site/job/California---San-Francisco/Summer-2026-Intern---Sustainability-Analyst_JR336153-1","Posted Yesterday",""
"Saronic","Architect – Infrastructure","Austin, Texas","https://jobs.lever.co/saronic/e362ac0f-24b7-47bd-b337-9079569e1d7f","2026-04-01 03:50:59","N/A"
"Saronic","Boat Captain","San Diego, CA","https://jobs.lever.co/saronic/e1297f84-110c-4d54-9fbe-426faebad6a0","2026-03-03 16:59:42","N/A"
"Saronic","CNC Programmer","Austin, Texas","https://jobs.lever.co/saronic/5b900325-0aa1-4895-b0c3-2d3fb466cbc4","2024-11-26 17:22:51","N/A"
"Saronic","EHS Intern (Summer 2026)","Austin, Texas","https://jobs.lever.co/saronic/227bd0c3-5165-4502-8563-85fcb852ad65","2026-03-09 11:58:21","N/A"
"Saronic","Electrical Engineer - Infrastructure","Austin, Texas","https://jobs.lever.co/saronic/e7f930cf-4d33-45dc-a0fc-a0d315a3d28f","2026-04-01 04:00:38","N/A"
"Saronic","Forward Deployed Engineer Intern (Summer 2026)","Austin, Texas","https://jobs.lever.co/saronic/fd6beae0-1af2-45d9-ad84-02f48e7ae643","2026-01-16 23:13:25","N/A"
"Saronic","Forward Deployed Software Engineer","Austin, Texas","https://jobs.lever.co/saronic/864bb13f-0c0e-4548-99d6-3e3b7794c9d5","2024-03-19 00:01:34","N/A"
"Saronic","Forward Deployed Software Engineer","San Diego, CA","https://jobs.lever.co/saronic/cdb26d24-8bfe-4699-9d5e-30210a112b4d","2025-07-30 15:41:33","N/A"
"Saronic","Foundry Data Engineer","Austin, Texas","https://jobs.lever.co/saronic/febf9919-3e0a-46ab-97aa-c53256e18bf7","2026-02-09 21:33:05","N/A"
"Saronic","Foundry Full Stack Engineer","Austin, Texas","https://jobs.lever.co/saronic/4495bde1-2b2a-48a7-969d-6bfc39f54713","2026-02-09 21:48:19","N/A"
"Saronic","Foundry Software Architect","Austin, Texas","https://jobs.lever.co/saronic/eb9f6559-4aa6-4a8e-bf1d-b8fc7b043fb5","2025-05-14 21:22:09","N/A"
"Saronic","Front End Software Engineer","Austin, Texas","https://jobs.lever.co/saronic/b910adcf-2270-4cc6-8b1d-369aa5d19d32","2023-06-26 19:53:32","N/A"
"Saronic","Full Stack Engineer","Austin, Texas","https://jobs.lever.co/saronic/585ad79d-9f9d-45ea-84fd-bfe2ce1a9c9e","2025-08-29 20:53:40","N/A"
"Saronic","Full Stack Engineer Intern (Summer 2026)","Austin, Texas","https://jobs.lever.co/saronic/e7e1fa64-1d8d-4348-b145-064787eab591","2026-03-25 21:02:36","N/A"
"Saronic","General Application","Austin, Texas","https://jobs.lever.co/saronic/db5dc340-29ff-4a03-abb4-e7b22a32b2c3","2023-11-07 02:52:01","N/A"
"Saronic","Graphics Programmer","Austin, Texas","https://jobs.lever.co/saronic/9441b432-c0ec-44b6-9fa7-53be3cd63db0","2025-09-05 19:48:06","N/A"
"Saronic","Industrial Engineer Intern (Summer 2026)","Austin, Texas","https://jobs.lever.co/saronic/9fa2f6ed-2af1-4a4a-9cd9-afe2367f5cca","2026-03-17 16:22:21","N/A"
"Saronic","Material Handler","Franklin, Louisiana","https://jobs.lever.co/saronic/9f8a86c7-677e-46e6-accc-5c03a42fb4c0","2026-01-29 15:18:11","N/A"
"Saronic","Material Handler- 1st Shift","Austin, Texas","https://jobs.lever.co/saronic/3a3e9502-80bc-4a5a-b05f-a834c1f0c93a","2026-03-30 17:52:02","N/A"
"Saronic","Material Handler- 2nd Shift","Austin, Texas","https://jobs.lever.co/saronic/cf5dd18a-af8d-4a98-a564-41045fc832a8","2024-05-02 19:15:36","N/A"
"Saronic","Mission Operations Specialist, Training","San Diego, CA","https://jobs.lever.co/saronic/06e70d20-747b-4585-8338-a4988400b468","2025-07-21 16:25:40","N/A"
"Saronic","Mission Support Software Engineer","Austin, Texas","https://jobs.lever.co/saronic/700adb85-dffe-422e-83a9-4f5e1e0a859c","2026-01-30 19:35:48","N/A"
"Saronic","MuleSoft Developer – Enterprise Integrations","Austin, Texas","https://jobs.lever.co/saronic/859bf77d-a4e7-459f-b46d-66daac821bfc","2026-01-29 16:17:01","N/A"
"Saronic","Software Engineer - Special Programs","Austin, Texas","https://jobs.lever.co/saronic/ae3473ef-dba6-432a-ad0b-1d0a368e40c6","2025-07-14 19:35:16","N/A"
"Saronic","Software Engineer Intern","Austin, Texas","https://jobs.lever.co/saronic/73899cd1-76c8-4653-8be2-d3f70910ae43","2026-01-07 22:04:18","N/A"
"Saronic","Software Engineer, Generalist","Austin, Texas","https://jobs.lever.co/saronic/77ef1f0f-5ba5-46b5-aca6-d38730790e97","2024-04-24 22:27:20","N/A"
"Saronic","Systems Architecture, Integration, and Test Engineer (Electrical and/or Software)","Austin, Texas","https://jobs.lever.co/saronic/4a74694e-bfa7-46ef-a170-fe08cae2f619","2025-10-15 16:19:53","N/A"
"Saronic","Systems Infrastructure Software Engineer","Austin, Texas","https://jobs.lever.co/saronic/91160a63-9f10-40a0-89de-d2c23f6db200","2025-07-16 20:36:47","N/A"
"Saronic","Systems Software Engineer","Austin, Texas","https://jobs.lever.co/saronic/6875aee7-6f18-4103-a33a-10d75c5c974a","2024-10-31 16:37:13","N/A"
"Saronic","Systems Software Engineer Intern (Summer 2026)","Austin, Texas","https://jobs.lever.co/saronic/ae36dcf1-1dbe-4ef0-94f4-b5f0c91b0e75","2026-03-25 21:24:18","N/A"
"Saronic","Test Engineer Intern (Summer 2026)","Austin, Texas","https://jobs.lever.co/saronic/5c9f8f05-ef75-4cc2-84e6-1403cd10f525","2026-03-09 11:26:00","N/A"
"Scale AI","Applied AI Engineer, Enterprise GenAI","San Francisco, CA; New York, NY","https://job-boards.greenhouse.io/scaleai/jobs/4514173005","2025-01-07T18:57:59-05:00","2026-03-26T19:42:41-04:00"
"Scale AI","Evals Engineer, Applied AI","San Francisco, CA; New York, NY","https://job-boards.greenhouse.io/scaleai/jobs/4629589005","2025-11-12T13:04:38-05:00","2026-03-26T19:42:41-04:00"
"Scale AI","Forward Deployed Engineer, GenAI ","San Francisco, CA; New York, NY","https://job-boards.greenhouse.io/scaleai/jobs/4593571005","2025-08-05T14:13:13-04:00","2026-03-26T19:42:41-04:00"
"Scale AI","Infrastructure Software Engineer, Enterprise GenAI","San Francisco, CA; New York, NY","https://job-boards.greenhouse.io/scaleai/jobs/4665557005","2026-02-23T19:15:38-05:00","2026-03-26T19:42:41-04:00"
"Scale AI"," Machine Learning Research Engineer, Agent Data Foundation - Enterprise GenAI","San Francisco, CA; New York, NY","https://job-boards.greenhouse.io/scaleai/jobs/4625345005","2025-10-31T14:10:46-04:00","2026-03-26T19:42:41-04:00"
"Scale AI","Machine Learning Research Engineer, Agents - Enterprise GenAI","San Francisco, CA; New York, NY","https://job-boards.greenhouse.io/scaleai/jobs/4625344005","2025-10-31T14:10:48-04:00","2026-03-26T19:42:41-04:00"
"Scale AI","Machine Learning Research Engineer, GenAI Applied ML","San Francisco, CA; New York, NY","https://job-boards.greenhouse.io/scaleai/jobs/4490301005","2024-11-13T14:07:12-05:00","2026-03-26T19:42:41-04:00"
"Scale AI","Machine Learning Research Scientist / Research Engineer, Post-Training","San Francisco, CA; Seattle, WA; New York, NY","https://job-boards.greenhouse.io/scaleai/jobs/4528009005","2025-02-11T00:40:13-05:00","2026-03-26T19:42:41-04:00"
"Scale AI","Machine Learning Systems Research Engineer, Agent Post-training - Enterprise GenAI","San Francisco, CA; New York, NY","https://job-boards.greenhouse.io/scaleai/jobs/4625341005","2025-10-31T14:10:50-04:00","2026-03-26T19:42:41-04:00"
"Scale AI","Mission Software Engineer, Public Sector","Boston, Massachusetts ; Honolulu, HI; San Diego, CA; San Francisco, CA; St. Louis, MO; New York, NY; Washington, DC","https://job-boards.greenhouse.io/scaleai/jobs/4481921005","2024-10-09T16:46:02-04:00","2026-03-26T19:42:41-04:00"
"Scale AI","ML Research Engineer, ML Systems","San Francisco, CA; Seattle, WA; New York, NY","https://job-boards.greenhouse.io/scaleai/jobs/4534631005","2025-03-10T14:15:35-04:00","2026-03-26T19:42:41-04:00"
"Scale AI","ML Systems Engineer, Robotics","San Francisco, CA","https://job-boards.greenhouse.io/scaleai/jobs/4663053005","2026-02-17T19:47:19-05:00","2026-03-26T19:42:41-04:00"
"Scale AI","Research Scientist, AI Controls and Monitoring","San Francisco, CA; New York, NY","https://job-boards.greenhouse.io/scaleai/jobs/4675694005","2026-03-20T14:48:59-04:00","2026-03-26T19:42:41-04:00"
"Scale AI","Software Engineer, AI Developer Tooling","San Francisco, CA; Seattle, WA; New York, NY","https://job-boards.greenhouse.io/scaleai/jobs/4676936005","2026-03-24T14:31:02-04:00","2026-03-26T19:42:41-04:00"
"Scale AI","Software Engineer, ARC Team","San Francisco, CA; St. Louis, MO; New York, NY; Washington, DC","https://job-boards.greenhouse.io/scaleai/jobs/4673771005","2026-03-16T18:49:50-04:00","2026-03-26T19:42:41-04:00"
"Scale AI","Software Engineer, Enterprise AI","New York, NY; San Francisco, CA","https://job-boards.greenhouse.io/scaleai/jobs/4513943005","2025-01-07T14:37:44-05:00","2026-03-26T19:42:41-04:00"
"Scale AI","Software Engineer, Frontier AI Infrastructure","San Francisco, CA; St. Louis, MO; New York, NY; Washington, DC","https://job-boards.greenhouse.io/scaleai/jobs/4363623005","2024-02-15T11:18:14-05:00","2026-03-26T19:42:41-04:00"
"Scale AI","Software Engineer - New Grad","San Francisco, CA","https://job-boards.greenhouse.io/scaleai/jobs/4605996005","2025-09-08T13:50:05-04:00","2026-03-26T19:42:41-04:00"
"Scale AI","Software Engineer, Platform","San Francisco, CA; New York, NY","https://job-boards.greenhouse.io/scaleai/jobs/4594879005","2025-08-21T12:47:52-04:00","2026-03-26T19:42:41-04:00"
"Scale AI","Software Engineer, Public Sector","San Francisco, CA; St. Louis, MO; New York, NY; Washington, DC","https://job-boards.greenhouse.io/scaleai/jobs/4302243005","2023-08-06T10:34:08-04:00","2026-03-31T14:24:20-04:00"
"Scale AI","Software Engineer, Robotics & Autonomous Systems","San Francisco, CA","https://job-boards.greenhouse.io/scaleai/jobs/4618065005","2025-10-10T20:45:34-04:00","2026-03-26T19:42:41-04:00"
"Scale AI","Technical Advisor Specialist (Part-Time Internship) ","San Francisco, CA","https://job-boards.greenhouse.io/scaleai/jobs/4611533005","2025-09-22T20:49:26-04:00","2026-03-26T19:42:41-04:00"
"Schonfeld","2026 DMFI Summer Intern","New York, New York, United States","https://job-boards.greenhouse.io/schonfeld/jobs/7749783","2026-03-25T14:13:51-04:00","2026-03-30T14:04:16-04:00"
"Schonfeld","2027 Summer Internships-Express Your Interest","Dubai, United Arab Emirates; Hong Kong, Hong Kong; London, England, United Kingdom; Miami, Florida, United States; New York, New York, United States","https://job-boards.greenhouse.io/schonfeld/jobs/7635430","2026-02-19T10:18:51-05:00","2026-03-30T14:04:16-04:00"
"Schonfeld","AI Data Engineer","New York, New York, United States","https://job-boards.greenhouse.io/schonfeld/jobs/7589451","2026-02-05T10:45:35-05:00","2026-03-30T14:04:16-04:00"
"Schonfeld","Data Sourcing Analyst","New York, New York, United States","https://job-boards.greenhouse.io/schonfeld/jobs/7677303","2026-03-04T10:38:54-05:00","2026-03-30T14:04:16-04:00"
"Schonfeld","Software Engineer","New York, New York, United States","https://job-boards.greenhouse.io/schonfeld/jobs/7381166","2025-11-18T13:59:31-05:00","2026-03-30T14:04:16-04:00"
"Schrdinger","Biologics Applications Scientist","New York","https://job-boards.greenhouse.io/schrdinger/jobs/6496829003","2025-03-24T17:33:37-04:00","2026-02-13T10:57:48-05:00"
"Scoutm Otors","AI Infrastructure Engineer","Charlotte, North Carolina, United States","https://job-boards.greenhouse.io/scoutmotors/jobs/5050098007","2026-02-17T11:18:20-05:00","2026-04-02T08:07:25-04:00"
"Scoutm Otors","Dimensional Programmer Engineer","Blythewood, South Carolina, United States","https://job-boards.greenhouse.io/scoutmotors/jobs/5082721007","2026-03-20T16:21:30-04:00","2026-04-02T08:09:29-04:00"
"Scoutm Otors","Engineer, Failure Analysis Process","Columbia, South Carolina, United States","https://job-boards.greenhouse.io/scoutmotors/jobs/4984165007","2025-11-18T09:45:44-05:00","2026-04-02T08:04:00-04:00"
"Scoutm Otors","Intern, Engineering (Calibration)","Novi, Michigan, United States","https://job-boards.greenhouse.io/scoutmotors/jobs/5065702007","2026-03-03T14:19:58-05:00","2026-04-02T08:08:39-04:00"
"Scoutm Otors","Intern, Engineering (R&D, Vehicle Architecture / Advanced Concepts)","Novi, Michigan, United States","https://job-boards.greenhouse.io/scoutmotors/jobs/5065725007","2026-03-03T14:20:22-05:00","2026-04-02T08:08:40-04:00"
"Scoutm Otors","Intern, Engineering (Vehicle Safety Twin)","Charlotte, North Carolina, United States","https://job-boards.greenhouse.io/scoutmotors/jobs/5065700007","2026-03-04T07:40:21-05:00","2026-04-02T08:08:47-04:00"
"Scoutm Otors","Intern, Human Resources","Columbia, SC United States","https://job-boards.greenhouse.io/scoutmotors/jobs/5066206007","2026-03-02T16:08:32-05:00","2026-04-02T08:07:59-04:00"
"Scoutm Otors","Intern, Information Technology (AI Engineer)","Charlotte, North Carolina, United States","https://job-boards.greenhouse.io/scoutmotors/jobs/5068172007","2026-03-03T19:20:39-05:00","2026-04-02T08:08:17-04:00"
"Scoutm Otors","Intern, Information Technology (Platform Engineering)","Charlotte, NC United States","https://job-boards.greenhouse.io/scoutmotors/jobs/5068175007","2026-03-03T19:21:00-05:00","2026-04-02T08:08:22-04:00"
"Scoutm Otors","Intern, Production (Assembly)","Columbia, South Carolina, United States","https://job-boards.greenhouse.io/scoutmotors/jobs/5066379007","2026-03-02T20:39:33-05:00","2026-04-02T10:42:48-04:00"
"Scoutm Otors","Intern, Production (Logistics)","Columbia, SC United States","https://job-boards.greenhouse.io/scoutmotors/jobs/5066799007","2026-03-02T20:40:26-05:00","2026-04-02T12:45:33-04:00"
"Scoutm Otors","Intern, Production (Pilot Hall)","Columbia, SC United States","https://job-boards.greenhouse.io/scoutmotors/jobs/5066793007","2026-03-02T20:40:57-05:00","2026-04-02T12:45:34-04:00"
"Scoutm Otors","Intern, Production (Plant Engineering)","Columbia, SC United States","https://job-boards.greenhouse.io/scoutmotors/jobs/5066798007","2026-03-02T20:41:37-05:00","2026-04-02T12:45:33-04:00"
"Scoutm Otors","Intern, Production (Plant Launch)","Columbia, SC United States","https://job-boards.greenhouse.io/scoutmotors/jobs/5066797007","2026-03-03T19:21:15-05:00","2026-04-02T08:08:14-04:00"
"Scoutm Otors","Intern, Production (Plant Launch)","Columbia, SC United States","https://job-boards.greenhouse.io/scoutmotors/jobs/5066796007","2026-03-03T19:21:07-05:00","2026-04-02T12:45:35-04:00"
"Scoutm Otors","Intern, Production (Plant Launch)","Columbia, SC United States","https://job-boards.greenhouse.io/scoutmotors/jobs/5066792007","2026-03-03T19:21:24-05:00","2026-04-02T08:08:15-04:00"
"Scoutm Otors","Intern, Production (Product Planning)","Columbia, SC United States","https://job-boards.greenhouse.io/scoutmotors/jobs/5066794007","2026-03-02T20:42:09-05:00","2026-04-02T12:45:35-04:00"
"Scoutm Otors","Software Integration Release Specialist","Columbia, South Carolina, United States","https://job-boards.greenhouse.io/scoutmotors/jobs/4977344007","2025-11-18T09:24:46-05:00","2026-04-02T08:02:50-04:00"
"Scoutm Otors","Specialist, Logistics Training Coordinator","Blythewood, South Carolina, United States","https://job-boards.greenhouse.io/scoutmotors/jobs/5044546007","2026-02-10T16:51:25-05:00","2026-04-02T08:05:46-04:00"
"Saviynt","Software Engineering R&D - Internship","El Segundo, CA","https://jobs.lever.co/saviynt/17118748-6a11-44e2-9bf9-58badadb6ac0","2025-11-04 23:46:56","N/A"
"searchLFN","Materials Handler III - ATO 1st Shift","Ramsey, MN","https://lifefitness.wd1.myworkdayjobs.com/en-US/searchLFN/job/Ramsey-MN/Materials-Handler-III---ATO-1st-Shift_JR-024645","Posted 2 Days Ago",""
"searchLFN","Paint Line Loader","Ramsey, MN","https://lifefitness.wd1.myworkdayjobs.com/en-US/searchLFN/job/Ramsey-MN/Paint-Line-Loader_JR-024730","Posted 3 Days Ago",""
"searchLFN","Paint Line Unloader","Ramsey, MN","https://lifefitness.wd1.myworkdayjobs.com/en-US/searchLFN/job/Ramsey-MN/Paint-Line-Unloader_JR-024731-1","Posted 3 Days Ago",""
"Sentry ","Banquet Captain","Stevens Point, WI","https://sentryinsurance.wd1.myworkdayjobs.com/en-US/SentryCareers/job/Stevens-Point-WI/Banquet-Captain_JR-141480","Posted 2 Days Ago",""
"Sentry ","Software Engineer (Hybrid Work Model)","Nashville, TN","https://sentryinsurance.wd1.myworkdayjobs.com/en-US/SentryCareers/job/Nashville-TN/Software-Engineer--Hybrid-Work-Model-_JR-141410-1","Posted 3 Days Ago",""
"searchLFN","Painter - 1st Shift","Ramsey, MN","https://lifefitness.wd1.myworkdayjobs.com/en-US/searchLFN/job/Ramsey-MN/Painter---1st-Shift_JR-024686","Posted 7 Days Ago",""
"searchLFN","Packaging Engineer Co-op","Owatonna, MN","https://lifefitness.wd1.myworkdayjobs.com/en-US/searchLFN/job/Owatonna-MN/Packaging-Engineer-Co-op_JR-024871","Posted 8 Days Ago",""
"searchLFN","Paint Line Operator - 1st Shift","Owatonna, MN","https://lifefitness.wd1.myworkdayjobs.com/en-US/searchLFN/job/Owatonna-MN/Paint-Line-Operator---1st-Shift_JR-024823","Posted 12 Days Ago",""
"searchLFN","Material Handler III","Ramsey, MN","https://lifefitness.wd1.myworkdayjobs.com/en-US/searchLFN/job/Ramsey-MN/Material-Handler-III_JR-024455","Posted 30+ Days Ago",""
"SharkNinja","Applied AI & Analytics Associate - Office of the CEO ","Miami, Florida, United States","https://job-boards.greenhouse.io/sharkninjaoperatingllc/jobs/4669439006","2026-04-02T06:53:45-04:00","2026-04-02T14:03:10-04:00"
"SharkNinja","Associate Product Developer","Needham, MA, United States","https://job-boards.greenhouse.io/sharkninjaoperatingllc/jobs/4655223006","2026-02-18T13:56:04-05:00","2026-03-27T10:02:02-04:00"
"SharkNinja","Associate Product Developer - Motorized Treats","United States","https://job-boards.greenhouse.io/sharkninjaoperatingllc/jobs/4667126006","2026-03-27T10:10:40-04:00","2026-03-27T10:10:40-04:00"
"SharkNinja","Fall 2026: Applied AI & Analytics Co-op (July to December)","Miami, Florida, United States","https://job-boards.greenhouse.io/sharkninjaoperatingllc/jobs/4669676006","2026-04-02T12:16:35-04:00","2026-04-02T12:16:35-04:00"
"SharkNinja","Fall 2026: Control Systems & Algorithm Engineering Co-op (July to December)","Needham, MA, United States","https://job-boards.greenhouse.io/sharkninjaoperatingllc/jobs/4646052006","2026-02-03T16:30:00-05:00","2026-03-27T10:02:02-04:00"
"SharkNinja","Fall 2026: CORE Quality Engineering Co-op (July to December)","Needham, MA, United States","https://job-boards.greenhouse.io/sharkninjaoperatingllc/jobs/4646903006","2026-01-21T16:00:00-05:00","2026-03-27T10:02:02-04:00"
"SharkNinja","Fall 2026: Creative Operations Co-op (July to December)","Needham, MA, United States","https://job-boards.greenhouse.io/sharkninjaoperatingllc/jobs/4647320006","2026-01-22T14:44:26-05:00","2026-03-27T10:02:02-04:00"
"SharkNinja","Fall 2026: Electrical Engineering Co-op, Ninja (July to December)","Needham, MA, United States","https://job-boards.greenhouse.io/sharkninjaoperatingllc/jobs/4646302006","2026-01-21T08:00:01-05:00","2026-03-27T10:02:02-04:00"
"SharkNinja","Fall 2026: Electrical Engineering Co-op, Shark (July to December)","Needham, MA, United States","https://job-boards.greenhouse.io/sharkninjaoperatingllc/jobs/4646309006","2026-01-21T08:00:01-05:00","2026-03-27T10:02:02-04:00"
"SharkNinja","Fall 2026: Noise & Vibrations Engineering Co-op (July to December)","Needham, MA, United States","https://job-boards.greenhouse.io/sharkninjaoperatingllc/jobs/4647113006","2026-01-22T12:00:01-05:00","2026-03-27T10:02:02-04:00"
"SharkNinja","Fall 2026: Product Development Co-op, Shark Beauty (July to December)","Needham, MA, United States","https://job-boards.greenhouse.io/sharkninjaoperatingllc/jobs/4649148006","2026-01-29T10:55:15-05:00","2026-03-27T10:02:02-04:00"
"SharkNinja","Fall 2026: Product Development Co-op, Shark (July to December)","Needham, MA, United States","https://job-boards.greenhouse.io/sharkninjaoperatingllc/jobs/4646448006","2026-01-21T12:00:01-05:00","2026-03-27T10:02:02-04:00"
"SharkNinja","Fall 2026: Product Safety & Compliance Engineering Co-op (July to December)","Needham, MA, United States","https://job-boards.greenhouse.io/sharkninjaoperatingllc/jobs/4647136006","2026-01-22T13:16:20-05:00","2026-03-27T10:02:02-04:00"
"SharkNinja","Fall 2026: Product Test Engineering Co-op, Shark (July to December)","Needham, MA, United States","https://job-boards.greenhouse.io/sharkninjaoperatingllc/jobs/4646862006","2026-01-21T16:00:00-05:00","2026-03-27T10:02:02-04:00"
"SharkNinja","Fall 2026: SQA Automation Engineering Co-op (July to December)","Needham, MA, United States","https://job-boards.greenhouse.io/sharkninjaoperatingllc/jobs/4646894006","2026-01-21T16:00:00-05:00","2026-03-27T10:02:02-04:00"
"SharkNinja","Fall 2026: Strategic Planning Operations Co-op, New Product Development (July to December)","Needham, MA, United States","https://job-boards.greenhouse.io/sharkninjaoperatingllc/jobs/4647383006","2026-01-23T10:00:02-05:00","2026-03-27T10:02:02-04:00"
"SharkNinja","Fall 2026: System Quality Assurance Co-op, Robots (July to December)","Needham, MA, United States","https://job-boards.greenhouse.io/sharkninjaoperatingllc/jobs/4647118006","2026-01-22T12:00:01-05:00","2026-03-27T10:02:02-04:00"
"SharkNinja","Fall 2026: Technical Project Management Co-op (July through December)","Needham, MA, United States","https://job-boards.greenhouse.io/sharkninjaoperatingllc/jobs/4665456006","2026-03-20T11:51:15-04:00","2026-03-27T10:02:02-04:00"
"SharkNinja","Product Developer - Floorcare Extraction ","United States","https://job-boards.greenhouse.io/sharkninjaoperatingllc/jobs/4659549006","2026-03-06T13:08:22-05:00","2026-03-27T10:02:02-04:00"
"SharkNinja","Product Developer - Motorized Treats","Needham, MA, United States","https://job-boards.greenhouse.io/sharkninjaoperatingllc/jobs/4627670006","2026-01-05T16:55:32-05:00","2026-03-27T10:02:02-04:00"
"SharkNinja","Product Developer - Ninja Outdoors","Needham, MA, United States","https://job-boards.greenhouse.io/sharkninjaoperatingllc/jobs/4647075006","2026-01-22T12:02:45-05:00","2026-03-27T10:02:02-04:00"
"SharkNinja","Software Development Test Engineer II","Needham, MA, United States","https://job-boards.greenhouse.io/sharkninjaoperatingllc/jobs/4662809006","2026-03-19T12:00:53-04:00","2026-03-27T10:02:02-04:00"
"SharkNinja","Summer 2026: Applied AI & Analytics Intern (May to August)","Miami, Florida, United States","https://job-boards.greenhouse.io/sharkninjaoperatingllc/jobs/4669665006","2026-04-02T12:16:28-04:00","2026-04-02T12:16:28-04:00"
"SharkNinja","Summer 2026: App Product Development Intern (June through August)","Needham, MA, United States","https://job-boards.greenhouse.io/sharkninjaoperatingllc/jobs/4665448006","2026-03-20T11:51:07-04:00","2026-03-27T10:02:02-04:00"
"SharkNinja","Summer 2026: Firmware Engineering Intern, Advanced Development (May to August) ","Needham, MA, United States","https://job-boards.greenhouse.io/sharkninjaoperatingllc/jobs/4600803006","2025-09-16T10:49:44-04:00","2026-03-27T10:02:02-04:00"
"SharkNinja","Summer 2026: Mobile App Developer Intern (May to August)","Needham, MA, United States","https://job-boards.greenhouse.io/sharkninjaoperatingllc/jobs/4601474006","2025-09-16T10:48:10-04:00","2026-03-27T10:02:02-04:00"
"Sigma ","AI/ML PhD Intern (Summer 2026)","San Francisco, CA","https://job-boards.greenhouse.io/sigmacomputing/jobs/7656900003","2026-03-08T22:27:40-04:00","2026-03-12T18:44:55-04:00"
"Sigma ","Software Engineer - Compiler ","San Francisco, CA","https://job-boards.greenhouse.io/sigmacomputing/jobs/7657080003","2026-03-09T00:34:57-04:00","2026-03-16T01:29:01-04:00"
"Sigma ","Software Engineer - Compiler ","New York City, NY","https://job-boards.greenhouse.io/sigmacomputing/jobs/7658290003","2026-03-09T14:18:51-04:00","2026-03-16T01:29:06-04:00"
"Sigma ","Software Engineer (New Grad Program)","San Francisco, CA and New York City, NY","https://job-boards.greenhouse.io/sigmacomputing/jobs/7657082003","2026-03-09T00:38:43-04:00","2026-03-09T00:38:43-04:00"
"Sigma ","Software Engineer - SDET","San francisco, CA","https://job-boards.greenhouse.io/sigmacomputing/jobs/7677409003","2026-03-26T14:58:11-04:00","2026-04-01T23:06:05-04:00"
"Skyryse","Display Software Engineer","El Segundo, CA","https://job-boards.greenhouse.io/skyryse/jobs/7537542","2026-01-14T20:00:08-05:00","2026-03-03T13:31:21-05:00"
"Snorkel AI","AI Solutions Engineer - Data as a Service","New York City, NY (Hybrid); Redwood City, CA (Hybrid); San Francisco, CA (Hybrid); United States (Remote)","https://job-boards.greenhouse.io/snorkelai/jobs/5811245004","2026-02-25T01:28:35-05:00","2026-04-01T09:56:14-04:00"
"Snorkel AI","Applied AI Engineer - AI Solutions","New York City, NY (Hybrid); Redwood City, CA (Hybrid); San Francisco, CA (Hybrid)","https://job-boards.greenhouse.io/snorkelai/jobs/5709067004","2025-11-14T19:12:22-05:00","2026-04-01T09:56:08-04:00"
"Snorkel AI","Applied Research Engineer – Training Infra","Redwood City, CA (Hybrid); San Francisco, CA (Hybrid); United States (Remote)","https://job-boards.greenhouse.io/snorkelai/jobs/5825066004","2026-03-11T16:22:33-04:00","2026-04-01T17:40:57-04:00"
"Snorkel AI","Forward Deployed Engineer - Data-as-a-Service","New York City, NY (Hybrid); Redwood City, CA (Hybrid); San Francisco, CA (Hybrid)","https://job-boards.greenhouse.io/snorkelai/jobs/5689470004","2025-10-24T19:51:46-04:00","2026-04-01T09:56:08-04:00"
"Snorkel AI","Software Engineer in Test - Infrastructure","Redwood City, CA (Hybrid); San Francisco, CA (Hybrid)","https://job-boards.greenhouse.io/snorkelai/jobs/5844047004","2026-04-01T23:23:13-04:00","2026-04-01T23:23:13-04:00"
"Snowflake","Software Engineer - Database Engineering","US-CA-Menlo Park","https://jobs.ashbyhq.com/snowflake/db1375f0-ea5d-404a-b640-259f94dbc995","2025-01-17T18:37:08.076+00:00",""
"Snowflake","Software Engineer - Backend","US-CA-Menlo Park","https://jobs.ashbyhq.com/snowflake/3eb872af-0ab1-4986-8f72-e7321fcd1538","2026-02-06T22:52:57.850+00:00",""
"Snowflake","Solution Engineer - Data Engineering Specialist","US-USA-Remote","https://jobs.ashbyhq.com/snowflake/0f0e6358-f3a8-453f-98cb-3d44fcfcb1fd","2025-11-03T16:30:43.775+00:00",""
"Snowflake","Software Engineer Intern - Berlin (2026)","DE-Berlin-Trion Building","https://jobs.ashbyhq.com/snowflake/41e65c6c-a01e-4f40-af14-ae75d3b95e27","2025-09-26T10:29:09.155+00:00",""
"Snowflake","Software Engineer - APG","US-CA-Menlo Park","https://jobs.ashbyhq.com/snowflake/5f4ae8d3-bf84-430d-8f9f-325f14ddf947","2026-01-20T17:38:43.538+00:00",""
"Snowflake","Solution Engineer - Data Cloud Architect  - Apps","US-NY-Remote","https://jobs.ashbyhq.com/snowflake/9dbb9d89-5c36-4380-b298-4aeb9ba6578a","2025-12-08T15:43:34.561+00:00",""
"Snowflake","Applied AI Engineer","US-CA-Menlo Park","https://jobs.ashbyhq.com/snowflake/a6a3e9d2-b045-466a-8074-1613c07891fe","2026-01-13T18:08:20.757+00:00",""
"Snowflake","Corporate Counsel 2 - Privacy & Data Compliance","US-CA-Menlo Park","https://jobs.ashbyhq.com/snowflake/7ee3d1bc-ea67-492d-92a4-249bcad84d93","2026-01-14T17:22:53.350+00:00",""
"Snowflake","Software Engineer - SnowConvert AI","US-CA-Menlo Park","https://jobs.ashbyhq.com/snowflake/2a928b93-a5d4-4285-a92c-032fb389faa2","2026-01-21T20:33:46.679+00:00",""
"Snowflake","Backend Software Engineer - Native Apps","CA-Ontario-Toronto","https://jobs.ashbyhq.com/snowflake/708992c7-67da-4f99-99f0-39ed70e360d4","2026-03-04T20:30:36.774+00:00",""
"Snowflake","Software Engineer - Frontend","US-CA-Menlo Park","https://jobs.ashbyhq.com/snowflake/950abc30-8bfb-4f15-9bb9-62713c93aa5f","2026-02-24T20:26:46.197+00:00",""
"Snowflake","Financial System Intern - Summer 2026","US-CA-Dublin","https://jobs.ashbyhq.com/snowflake/f04c36fb-1335-4d3c-aac0-19f7e7e4b8fd","2026-02-18T19:03:15.386+00:00",""
"Snowflake","Cloud DevOps Engineer","IN-Pune","https://jobs.ashbyhq.com/snowflake/f15d8680-5ade-433a-8c26-0a83cd9dd24a","2026-03-25T07:33:04.801+00:00",""
"Snowflake","Software Engineer Intern (Toronto) - Summer 2026","CA-Ontario-Toronto","https://jobs.ashbyhq.com/snowflake/449c1320-82a0-4bd4-8be6-003265ee0764","2026-03-04T16:44:34.013+00:00",""
"Snowflake","AI Solution Specialist","US, Remote","https://jobs.ashbyhq.com/snowflake/c28d684b-c8e8-4a4c-b3e6-76c931728e21","2026-03-05T16:01:06.264+00:00",""
"Snowflake","ABM Operations & Execution Intern - Summer 2026","US-CA-Menlo Park","https://jobs.ashbyhq.com/snowflake/b706967a-76f9-4deb-a613-5c2a9073e1ad","2026-03-06T20:46:52.862+00:00",""
"Snowflake","Streamlit Solutions Specialist","US-CA-Menlo Park","https://jobs.ashbyhq.com/snowflake/0ce406b4-f618-43c3-8806-0c14a354eff0","2026-03-19T20:09:45.861+00:00",""
"Snowflake","AI Deployment Specialist","US-CA-Menlo Park","https://jobs.ashbyhq.com/snowflake/6721e39d-42d7-4835-8066-2cd03870b88e","2026-02-25T20:52:34.263+00:00",""
"Snowflake","Solution Engineer Intern - Summer 2026 ","US-TX-Remote","https://jobs.ashbyhq.com/snowflake/497c8aaf-9763-42a0-97b8-6ae60d3ded4a","2026-03-10T00:39:28.016+00:00",""
"Snowflake","Collaboratioin Tech Intern- Summer 2026","US-CA-Menlo Park","https://jobs.ashbyhq.com/snowflake/ef1624b6-5bb2-4dbe-b053-4d63406f5b50","2026-03-10T20:21:46.925+00:00",""
"Snowflake","Video Production Intern - Summer 2026 ","US-CA-Menlo Park","https://jobs.ashbyhq.com/snowflake/7e5bad2f-e455-4a55-b4de-a77d81a5440c","2026-03-10T00:40:32.169+00:00",""
"Snowflake","Forward Deployment Software Engineer ","Fins Only-US-VA-Reston-CrunchyData","https://jobs.ashbyhq.com/snowflake/13fe38e8-d130-4ab2-bea6-f586e30b7c5e","2026-03-11T21:09:27.835+00:00",""
"Snowflake","Infrastructure Engineer, Observe by Snowflake","US-CA-Menlo Park","https://jobs.ashbyhq.com/snowflake/143a2248-564b-4cfa-85f5-d47bac911d74","2026-03-09T22:42:01.730+00:00",""
"Snowflake","Front End Engineer - Analytics & Compute Experience ","CA-Ontario-Toronto","https://jobs.ashbyhq.com/snowflake/54c04244-8d07-4a36-a81c-4454215f6ae9","2026-03-17T01:39:42.335+00:00",""
"Snowflake","AI Devops Engineer Intern, Enterprise Support Operations - Summer 2026","US-WA-Bellevue","https://jobs.ashbyhq.com/snowflake/20f35b49-56ea-4b66-aede-77102f1e46a0","2026-03-25T23:44:55.005+00:00",""
"Snowflake","AI Engineer - Cortex Code Quality","US-CA-Menlo Park","https://jobs.ashbyhq.com/snowflake/217b1d27-815a-4ad1-b8b7-8fe52e57cd26","2026-03-24T23:34:13.354+00:00",""
"Snowflake","Product Management Intern - Summer 2026","US-CA-Menlo Park","https://jobs.ashbyhq.com/snowflake/c300639a-a6cc-4d72-8185-82fe23119e87","2026-03-25T23:50:29.754+00:00",""
"SoFi","AI Engineer","CA - San Francisco","https://sofi.com/careers/job/7684401003?gh_jid=7684401003","2026-03-31T10:19:02-04:00","2026-03-31T10:19:02-04:00"
"SoFi","Data Scientist","(CA - San Francisco; NY - New York City; UT - Salt Lake City; FL, Jacksonville; TX - Frisco) ","https://sofi.com/careers/job/7677692003?gh_jid=7677692003","2026-03-25T13:57:30-04:00","2026-03-25T16:36:45-04:00"
"SoFi","Data Scientist","CA - San Francisco","https://sofi.com/careers/job/7679146003?gh_jid=7679146003","2026-03-27T11:55:24-04:00","2026-03-27T11:55:36-04:00"
"SoFi","Data Scientist","CA - San Francisco","https://sofi.com/careers/job/7679134003?gh_jid=7679134003","2026-03-27T11:52:10-04:00","2026-03-27T11:52:10-04:00"
"SoFi","Fraud Model Developer","Jacksonville, FL; Cottonwood Heights, UT","https://sofi.com/careers/job/7637251003?gh_jid=7637251003","2026-02-19T13:57:05-05:00","2026-03-20T10:51:56-04:00"
"SoFi","Full-Stack Software Engineer, Benefits and Rewards","CA - San Francisco","https://sofi.com/careers/job/7581360003?gh_jid=7581360003","2026-01-09T16:52:04-05:00","2026-03-20T10:51:36-04:00"
"SoFi","Mobile Engineer, Member AI Features","CA - San Francisco","https://sofi.com/careers/job/7645866003?gh_jid=7645866003","2026-03-16T19:43:37-04:00","2026-03-20T10:51:59-04:00"
"SoFi","Risk Data AI/ML Engineer","Frisco, TX ","https://sofi.com/careers/job/7644234003?gh_jid=7644234003","2026-03-03T20:03:37-05:00","2026-03-20T10:51:58-04:00"
"SoFi","Software Engineer, AML Engineering","CA - San Francisco; WA - Seattle","https://sofi.com/careers/job/7670755003?gh_jid=7670755003","2026-03-18T16:23:06-04:00","2026-03-20T15:02:35-04:00"
"SoFi","Software Engineer, Member AI Features","WA - Seattle","https://sofi.com/careers/job/7645856003?gh_jid=7645856003","2026-02-27T18:45:32-05:00","2026-03-25T17:41:09-04:00"
"Sprocket Security","DevOps Engineer","Madison, WI","https://www.sprocketsecurity.com/company/careers/apply?gh_jid=5081040008","2026-01-23T07:42:22-05:00","2026-01-23T07:42:22-05:00"
"Sprocket Security","Junior QA Engineer","Madison, WI","https://www.sprocketsecurity.com/company/careers/apply?gh_jid=5081059008","2026-01-23T07:07:27-05:00","2026-01-23T07:07:27-05:00"
"spacex","Application Software Engineer","Bastrop, TX","https://boards.greenhouse.io/spacex/jobs/8211822002?gh_jid=8211822002","2025-10-16T11:18:24-04:00","2026-03-27T11:37:18-04:00"
"spacex","Application Software Engineer","Redmond, WA","https://boards.greenhouse.io/spacex/jobs/8402778002?gh_jid=8402778002","2026-02-03T18:35:14-05:00","2026-03-27T11:37:18-04:00"
"spacex","Application Software Engineer","Cape Canaveral, FL","https://boards.greenhouse.io/spacex/jobs/8393346002?gh_jid=8393346002","2026-01-28T14:15:00-05:00","2026-03-31T17:53:07-04:00"
"spacex","Application Software Engineer","Hawthorne, CA","https://boards.greenhouse.io/spacex/jobs/8211826002?gh_jid=8211826002","2025-10-16T11:19:09-04:00","2026-03-27T19:08:35-04:00"
"spacex","Application Software Engineer","Starbase, TX","https://boards.greenhouse.io/spacex/jobs/8310481002?gh_jid=8310481002","2025-11-26T15:01:20-05:00","2026-03-27T11:37:18-04:00"
"spacex","Automation & Controls Engineer, Infrastructure & Utility (Starship)","Starbase, TX","https://boards.greenhouse.io/spacex/jobs/8395276002?gh_jid=8395276002","2026-02-02T18:35:19-05:00","2026-03-31T16:57:41-04:00"
"spacex","Automation & Controls Technician, Infrastructure & Utility (Starship) ","Starbase, TX","https://boards.greenhouse.io/spacex/jobs/8395296002?gh_jid=8395296002","2026-02-03T09:37:44-05:00","2026-03-27T20:18:28-04:00"
"spacex","Backend Software Engineer, GNC (Starlink) ","Redmond, WA","https://boards.greenhouse.io/spacex/jobs/8398679002?gh_jid=8398679002","2026-02-02T14:54:52-05:00","2026-03-31T16:01:26-04:00"
"spacex","CMM Programmer (Starlink)","Bastrop, TX","https://boards.greenhouse.io/spacex/jobs/8399342002?gh_jid=8399342002","2026-02-05T18:40:31-05:00","2026-03-30T18:02:15-04:00"
"spacex","CMM Programmer (Starlink) - 2nd Shift","Redmond, WA","https://boards.greenhouse.io/spacex/jobs/8380492002?gh_jid=8380492002","2026-01-22T00:28:47-05:00","2026-03-31T18:00:36-04:00"
"spacex","CMM Programmer (Tool & Die)","Bastrop, TX","https://boards.greenhouse.io/spacex/jobs/8362900002?gh_jid=8362900002","2026-01-07T13:48:25-05:00","2026-03-27T11:37:18-04:00"
"spacex","CMM Programmer (Valves)","Hawthorne, CA","https://boards.greenhouse.io/spacex/jobs/8343870002?gh_jid=8343870002","2025-12-17T15:13:30-05:00","2026-03-27T19:01:13-04:00"
"spacex","CNC Programmer - Level 4/5 (2nd Shift)","Bastrop, TX","https://boards.greenhouse.io/spacex/jobs/8322156002?gh_jid=8322156002","2025-12-08T21:20:24-05:00","2026-03-27T14:27:50-04:00"
"spacex","CNC Programmer, NX CAM (Starlink)","Hawthorne, CA","https://boards.greenhouse.io/spacex/jobs/8362844002?gh_jid=8362844002","2026-01-07T12:51:44-05:00","2026-04-01T20:33:24-04:00"
"spacex","CNC Programmer (Starlink)","Bastrop, TX","https://boards.greenhouse.io/spacex/jobs/8407957002?gh_jid=8407957002","2026-02-05T23:19:06-05:00","2026-03-30T18:06:41-04:00"
"spacex","CNC Programmer (Starlink) - Level 4/5","Redmond, WA","https://boards.greenhouse.io/spacex/jobs/8470823002?gh_jid=8470823002","2026-03-23T18:37:55-04:00","2026-03-27T11:37:18-04:00"
"spacex","CNC Programmer (Starship Components) - Level 4/5","Hawthorne, CA","https://boards.greenhouse.io/spacex/jobs/8402628002?gh_jid=8402628002","2026-02-03T17:20:05-05:00","2026-03-27T19:53:21-04:00"
"spacex","Data Center Specialist (Starlink)","Remote - WA","https://boards.greenhouse.io/spacex/jobs/8465286002?gh_jid=8465286002","2026-03-24T12:28:36-04:00","2026-03-27T11:37:18-04:00"
"spacex","Data & Control Systems Technician (Facilities) - Level 4/5","Cape Canaveral, FL","https://boards.greenhouse.io/spacex/jobs/8464222002?gh_jid=8464222002","2026-04-01T08:51:05-04:00","2026-04-01T08:51:05-04:00"
"spacex","Data & Control Systems Technician (Starship Launch Hardware)","Cape Canaveral, FL","https://boards.greenhouse.io/spacex/jobs/8438322002?gh_jid=8438322002","2026-02-27T08:46:31-05:00","2026-03-27T11:37:18-04:00"
"spacex","Data Engineer (Direct To Cell)","Redmond, WA","https://boards.greenhouse.io/spacex/jobs/8391768002?gh_jid=8391768002","2026-01-26T20:50:10-05:00","2026-04-01T17:51:37-04:00"
"spacex","Data Engineer, Ground Network Engineering (Gateway) ","Redmond, WA","https://boards.greenhouse.io/spacex/jobs/8192168002?gh_jid=8192168002","2025-10-08T18:11:21-04:00","2026-03-27T11:37:18-04:00"
"spacex","Data Engineer (Starlink Growth)","Redmond, WA","https://boards.greenhouse.io/spacex/jobs/8243150002?gh_jid=8243150002","2025-11-05T11:07:40-05:00","2026-03-27T19:38:52-04:00"
"spacex","Data Engineer (Starlink Growth)","Hawthorne, CA","https://boards.greenhouse.io/spacex/jobs/8240611002?gh_jid=8240611002","2025-11-05T11:07:30-05:00","2026-03-27T11:37:18-04:00"
"spacex","EDI (Electronic Data Interchange) Specialist","Redmond, WA","https://boards.greenhouse.io/spacex/jobs/8236071002?gh_jid=8236071002","2025-10-30T20:07:27-04:00","2026-03-27T11:37:18-04:00"
"spacex","EEE Failure Analysis Technician (Starshield)","Hawthorne, CA","https://boards.greenhouse.io/spacex/jobs/8483324002?gh_jid=8483324002","2026-04-01T12:42:55-04:00","2026-04-01T12:42:55-04:00"
"spacex","Electrical Engineer (Critical Infrastructure)","Hawthorne, CA","https://boards.greenhouse.io/spacex/jobs/8211784002?gh_jid=8211784002","2025-10-14T21:24:27-04:00","2026-03-27T11:37:18-04:00"
"spacex","Electrical Engineer, Energy Infrastructure & Generation","Bastrop, TX","https://boards.greenhouse.io/spacex/jobs/8440651002?gh_jid=8440651002","2026-02-26T17:07:39-05:00","2026-03-27T11:37:18-04:00"
"spacex","Facilities Engineer, Launch Infrastructure ","Cape Canaveral, FL","https://boards.greenhouse.io/spacex/jobs/8491778002?gh_jid=8491778002","2026-04-02T11:38:15-04:00","2026-04-02T11:38:15-04:00"
"spacex","Facilities Infrastructure Engineer","Hawthorne, CA","https://boards.greenhouse.io/spacex/jobs/8381785002?gh_jid=8381785002","2026-01-20T14:31:07-05:00","2026-04-01T18:11:52-04:00"
"spacex","Flight Software Infrastructure Engineer (Starlink)","Redmond, WA","https://boards.greenhouse.io/spacex/jobs/8477451002?gh_jid=8477451002","2026-03-25T18:44:30-04:00","2026-03-27T11:37:18-04:00"
"spacex","Full Stack Software Engineer (Application Software)","Hawthorne, CA","https://boards.greenhouse.io/spacex/jobs/8300183002?gh_jid=8300183002","2025-11-19T20:48:47-05:00","2026-03-27T19:09:28-04:00"
"spacex","Full Stack Software Engineer (Components)","Hawthorne, CA","https://boards.greenhouse.io/spacex/jobs/8421359002?gh_jid=8421359002","2026-02-12T18:26:51-05:00","2026-03-27T19:24:16-04:00"
"spacex","Full Stack Software Engineer, Constellation Tools (Starlink)","Redmond, WA","https://boards.greenhouse.io/spacex/jobs/8398604002?gh_jid=8398604002","2026-02-05T12:59:13-05:00","2026-03-27T19:37:22-04:00"
"spacex","Full Stack Software Engineer (Starlink)","Sunnyvale, CA","https://boards.greenhouse.io/spacex/jobs/8444944002?gh_jid=8444944002","2026-03-03T20:14:54-05:00","2026-03-27T11:37:18-04:00"
"spacex","Full Stack Software Engineer (Starlink Ground Network)","Redmond, WA","https://boards.greenhouse.io/spacex/jobs/8211878002?gh_jid=8211878002","2025-10-15T12:41:28-04:00","2026-03-27T11:37:18-04:00"
"spacex","Full Stack Software Engineer (Starshield)","Hawthorne, CA","https://boards.greenhouse.io/spacex/jobs/8365490002?gh_jid=8365490002","2026-01-09T13:17:19-05:00","2026-04-01T19:04:46-04:00"
"spacex","Full Stack Software Engineer - Top Secret Clearance","Hawthorne, CA","https://boards.greenhouse.io/spacex/jobs/8397609002?gh_jid=8397609002","2026-02-02T21:09:44-05:00","2026-03-27T11:37:18-04:00"
"spacex","Hardware Development Engineer, Failure Analysis (Starlink)","Redmond, WA","https://boards.greenhouse.io/spacex/jobs/8420461002?gh_jid=8420461002","2026-02-17T00:16:59-05:00","2026-03-27T19:12:50-04:00"
"spacex","Hardware Development Engineer, Gateway Failure Analysis (Starlink)","Bastrop, TX","https://boards.greenhouse.io/spacex/jobs/8440611002?gh_jid=8440611002","2026-03-02T17:09:21-05:00","2026-03-27T11:37:18-04:00"
"spacex","Hardware Test Specialist, Failure Analysis (Gateway)","Redmond, WA","https://boards.greenhouse.io/spacex/jobs/8420958002?gh_jid=8420958002","2026-02-20T12:26:40-05:00","2026-03-27T11:37:18-04:00"
"spacex","HVAC Programmer","Bastrop, TX","https://boards.greenhouse.io/spacex/jobs/8434088002?gh_jid=8434088002","2026-02-25T09:27:19-05:00","2026-03-27T20:27:12-04:00"
"spacex","IC Packaging Automation Engineer, Software (Starlink)","Bastrop, TX","https://boards.greenhouse.io/spacex/jobs/8342125002?gh_jid=8342125002","2026-01-05T09:31:57-05:00","2026-04-01T20:15:55-04:00"
"spacex","International Infrastructure Operations Specialist (Starlink)","Redmond, WA","https://boards.greenhouse.io/spacex/jobs/8381871002?gh_jid=8381871002","2026-01-23T11:26:23-05:00","2026-04-01T17:53:16-04:00"
"spacex","IT Infrastructure Engineer, Virtualization & Hardware","Hawthorne, CA","https://boards.greenhouse.io/spacex/jobs/8451903002?gh_jid=8451903002","2026-03-24T12:57:36-04:00","2026-03-27T11:37:18-04:00"
"spacex","IT Network Infrastructure Engineer, Launch","Starbase, TX","https://boards.greenhouse.io/spacex/jobs/8458745002?gh_jid=8458745002","2026-03-11T17:46:50-04:00","2026-03-30T17:30:36-04:00"
"spacex","IT Network Infrastructure Technician","Starbase, TX","https://boards.greenhouse.io/spacex/jobs/8459561002?gh_jid=8459561002","2026-03-11T17:21:29-04:00","2026-03-27T11:37:18-04:00"
"spacex","IT Systems Engineer, DevOps","Redmond, WA","https://boards.greenhouse.io/spacex/jobs/8417752002?gh_jid=8417752002","2026-02-12T12:17:37-05:00","2026-03-27T19:45:57-04:00"
"spacex","Kubernetes Platform Infrastructure Engineer (Starlink)","Redmond, WA","https://boards.greenhouse.io/spacex/jobs/8391130002?gh_jid=8391130002","2026-01-27T10:21:08-05:00","2026-03-31T17:50:53-04:00"
"spacex","Mission Integration Engineer, Network and Infrastructure (Starshield)","Hawthorne, CA","https://boards.greenhouse.io/spacex/jobs/8493037002?gh_jid=8493037002","2026-04-02T18:17:47-04:00","2026-04-02T18:17:47-04:00"
"spacex","NDE Inspector Trainee (Starship) - Temporary","Starbase, TX","https://boards.greenhouse.io/spacex/jobs/8428315002?gh_jid=8428315002","2026-02-23T14:40:21-05:00","2026-03-27T11:37:18-04:00"
"spacex","NDE Technical Trainer (Starship)","Starbase, TX","https://boards.greenhouse.io/spacex/jobs/8432243002?gh_jid=8432243002","2026-02-26T14:27:27-05:00","2026-03-27T11:37:18-04:00"
"spacex","Network Software Integration Engineer (Starlink) ","Redmond, WA","https://boards.greenhouse.io/spacex/jobs/8459808002?gh_jid=8459808002","2026-03-13T09:52:09-04:00","2026-03-27T20:54:06-04:00"
"spacex","New Graduate Engineer, Electrical","Hawthorne, CA","https://boards.greenhouse.io/spacex/jobs/8483305002?gh_jid=8483305002","2026-04-01T12:43:19-04:00","2026-04-01T12:43:19-04:00"
"spacex","New Graduate Engineer, Electrical (Starlink)","Bastrop, TX","https://boards.greenhouse.io/spacex/jobs/8148530002?gh_jid=8148530002","2025-09-02T14:25:42-04:00","2026-03-27T11:37:18-04:00"
"spacex","New Graduate Engineer, Electrical (Starlink)","Redmond, WA","https://boards.greenhouse.io/spacex/jobs/8407346002?gh_jid=8407346002","2026-02-06T11:33:12-05:00","2026-03-27T11:37:18-04:00"
"spacex","New Graduate Engineer, Propulsion (Starship)","Starbase, TX","https://boards.greenhouse.io/spacex/jobs/8143997002?gh_jid=8143997002","2025-09-02T12:16:09-04:00","2026-03-27T11:37:18-04:00"
"spacex","New Graduate Engineer, Software","Hawthorne, CA","https://boards.greenhouse.io/spacex/jobs/8145483002?gh_jid=8145483002","2025-09-02T13:34:47-04:00","2026-03-27T11:37:18-04:00"
"spacex","New Graduate Engineer, Software (Starlink)","Sunnyvale, CA","https://boards.greenhouse.io/spacex/jobs/8446263002?gh_jid=8446263002","2026-03-06T15:35:11-05:00","2026-03-27T11:37:18-04:00"
"spacex","New Graduate Engineer, Software (Starlink)","Redmond, WA","https://boards.greenhouse.io/spacex/jobs/8376990002?gh_jid=8376990002","2026-01-16T16:46:29-05:00","2026-03-27T11:37:18-04:00"
"spacex","New Graduate Engineer, Software (Starlink) ","Bastrop, TX","https://boards.greenhouse.io/spacex/jobs/8399140002?gh_jid=8399140002","2026-02-27T13:35:26-05:00","2026-03-27T11:37:18-04:00"
"spacex","OS/Platform Software Engineer (Starlink)","Redmond, WA","https://boards.greenhouse.io/spacex/jobs/8402452002?gh_jid=8402452002","2026-02-03T17:25:43-05:00","2026-03-27T20:23:20-04:00"
"spacex","Paint Technician (Starship)","Starbase, TX","https://boards.greenhouse.io/spacex/jobs/8449038002?gh_jid=8449038002","2026-03-06T09:33:30-05:00","2026-03-27T11:37:18-04:00"
"spacex","Paint Technician (Starship) - Temporary","Starbase, TX","https://boards.greenhouse.io/spacex/jobs/8465381002?gh_jid=8465381002","2026-03-27T19:05:40-04:00","2026-03-27T19:05:40-04:00"
"spacex","Platform Engineer, Flight Software (Starlink)  ","Redmond, WA","https://boards.greenhouse.io/spacex/jobs/8478286002?gh_jid=8478286002","2026-03-25T18:44:31-04:00","2026-03-27T11:37:18-04:00"
"spacex","RF Silicon Software Engineer (Starlink)","Redmond, WA","https://boards.greenhouse.io/spacex/jobs/8439627002?gh_jid=8439627002","2026-03-02T15:27:23-05:00","2026-03-27T11:37:18-04:00"
"spacex","RF Software Engineer (Starshield)","Hawthorne, CA","https://boards.greenhouse.io/spacex/jobs/8398723002?gh_jid=8398723002","2026-02-02T14:17:02-05:00","2026-03-31T16:03:44-04:00"
"spacex","Satellite Systems Software Engineer (Starlink)","Redmond, WA","https://boards.greenhouse.io/spacex/jobs/8395341002?gh_jid=8395341002","2026-01-29T11:51:02-05:00","2026-03-27T20:19:35-04:00"
"spacex","Simulation Software Engineer (Application Software)","Hawthorne, CA","https://boards.greenhouse.io/spacex/jobs/8488034002?gh_jid=8488034002","2026-03-31T16:53:44-04:00","2026-03-31T16:53:44-04:00"
"spacex","Software Engineer","McGregor, TX","https://boards.greenhouse.io/spacex/jobs/8324788002?gh_jid=8324788002","2025-12-04T18:06:35-05:00","2026-04-01T18:31:56-04:00"
"spacex","Software Engineer, Additive Manufacturing (Raptor)","Hawthorne, CA","https://boards.greenhouse.io/spacex/jobs/8327721002?gh_jid=8327721002","2025-12-11T17:10:15-05:00","2026-03-27T11:37:18-04:00"
"spacex","Software Engineer, Beam Planning (Starlink)   ","Redmond, WA","https://boards.greenhouse.io/spacex/jobs/8450082002?gh_jid=8450082002","2026-03-13T16:57:30-04:00","2026-03-27T11:37:18-04:00"
"spacex","Software Engineer, Beam Planning (Starlink)   ","Sunnyvale, CA","https://boards.greenhouse.io/spacex/jobs/8373117002?gh_jid=8373117002","2026-01-13T20:29:49-05:00","2026-03-27T11:37:18-04:00"
"spacex","Software Engineer, CDN  (Starlink)","Redmond, WA","https://boards.greenhouse.io/spacex/jobs/8448505002?gh_jid=8448505002","2026-03-04T09:26:34-05:00","2026-03-27T11:37:18-04:00"
"spacex","Software Engineer, Collision Avoidance (Starshield)","Hawthorne, CA","https://boards.greenhouse.io/spacex/jobs/8397683002?gh_jid=8397683002","2026-02-02T21:16:04-05:00","2026-03-27T11:37:18-04:00"
"spacex","Software Engineer (Components)","Hawthorne, CA","https://boards.greenhouse.io/spacex/jobs/8215236002?gh_jid=8215236002","2025-10-17T11:51:04-04:00","2026-03-27T11:37:18-04:00"
"spacex","Software Engineer, Components Test (Starshield)","Hawthorne, CA","https://boards.greenhouse.io/spacex/jobs/8391434002?gh_jid=8391434002","2026-01-28T15:21:24-05:00","2026-03-31T17:54:55-04:00"
"spacex","Software Engineer, Data (Starlink)","Hawthorne, CA","https://boards.greenhouse.io/spacex/jobs/8476427002?gh_jid=8476427002","2026-03-24T13:12:52-04:00","2026-03-27T11:37:18-04:00"
"spacex","Software Engineer, Data - Top Secret Clearance","Hawthorne, CA","https://boards.greenhouse.io/spacex/jobs/8397673002?gh_jid=8397673002","2026-02-02T21:15:48-05:00","2026-03-27T11:37:18-04:00"
"spacex","Software Engineer, Data - Top Secret Clearance (Starlink)","Hawthorne, CA","https://boards.greenhouse.io/spacex/jobs/8449846002?gh_jid=8449846002","2026-03-04T17:57:16-05:00","2026-03-27T20:30:15-04:00"
"spacex","Software Engineer, DevOps (Starlink)","Redmond, WA","https://boards.greenhouse.io/spacex/jobs/8443737002?gh_jid=8443737002","2026-03-09T18:30:18-04:00","2026-03-27T11:37:18-04:00"
"spacex","Software Engineer (Direct To Cell)","Redmond, WA","https://boards.greenhouse.io/spacex/jobs/8390870002?gh_jid=8390870002","2026-01-26T20:52:15-05:00","2026-04-01T17:44:01-04:00"
"spacex","Software Engineer (Direct To Cell)","Sunnyvale, CA","https://boards.greenhouse.io/spacex/jobs/8364374002?gh_jid=8364374002","2026-01-09T09:45:48-05:00","2026-03-27T11:37:18-04:00"
"spacex","Software Engineer, Displays Software (Starship)","Hawthorne, CA","https://boards.greenhouse.io/spacex/jobs/8345913002?gh_jid=8345913002","2025-12-21T18:46:32-05:00","2026-04-01T18:35:23-04:00"
"spacex","Software Engineer, Flight Software (Starlink)","Redmond, WA","https://boards.greenhouse.io/spacex/jobs/8398447002?gh_jid=8398447002","2026-02-02T12:48:32-05:00","2026-03-31T16:07:28-04:00"
"spacex","Software Engineer, Flight Software (Starshield)","Hawthorne, CA","https://boards.greenhouse.io/spacex/jobs/8322723002?gh_jid=8322723002","2025-12-08T12:30:09-05:00","2026-03-27T19:12:37-04:00"
"spacex","Software Engineer, Flight Software (Starship)","Hawthorne, CA","https://boards.greenhouse.io/spacex/jobs/8208238002?gh_jid=8208238002","2025-10-17T12:37:53-04:00","2026-03-27T11:55:06-04:00"
"spacex","Software Engineer, Flight Software (Starship)","Starbase, TX","https://boards.greenhouse.io/spacex/jobs/8208339002?gh_jid=8208339002","2025-10-17T12:39:22-04:00","2026-03-27T11:37:18-04:00"
"spacex","Software Engineer, Geospatial Data (Starshield)","Hawthorne, CA","https://boards.greenhouse.io/spacex/jobs/8389619002?gh_jid=8389619002","2026-01-26T12:33:58-05:00","2026-04-01T17:47:39-04:00"
"spacex","Software Engineer, Hardware Test & Automation (Optical Payloads)","Redmond, WA","https://boards.greenhouse.io/spacex/jobs/8211187002?gh_jid=8211187002","2025-10-15T21:26:57-04:00","2026-03-27T11:37:18-04:00"
"spacex","Software Engineer, Hardware Test & Automation (Starlink)   ","Redmond, WA","https://boards.greenhouse.io/spacex/jobs/8316301002?gh_jid=8316301002","2025-12-02T12:01:36-05:00","2026-03-27T19:52:10-04:00"
"spacex","Software Engineer, High Performance Computing","Hawthorne, CA","https://boards.greenhouse.io/spacex/jobs/8365469002?gh_jid=8365469002","2026-01-26T12:37:08-05:00","2026-03-30T15:11:16-04:00"
"spacex","Software Engineer, High Performance Computing (Starlink)   ","Redmond, WA","https://boards.greenhouse.io/spacex/jobs/8450116002?gh_jid=8450116002","2026-03-13T16:57:31-04:00","2026-03-27T11:37:18-04:00"
"spacex","Software Engineer, HITL - Top Secret Clearance","Hawthorne, CA","https://boards.greenhouse.io/spacex/jobs/8397596002?gh_jid=8397596002","2026-02-02T13:15:32-05:00","2026-03-31T16:57:16-04:00"
"spacex","Software Engineering, Starlink Growth ","Sunnyvale, CA","https://boards.greenhouse.io/spacex/jobs/8403945002?gh_jid=8403945002","2026-02-04T19:20:41-05:00","2026-03-30T18:06:08-04:00"
"spacex","Software Engineer, Low Latency Computing (Starlink)   ","Redmond, WA","https://boards.greenhouse.io/spacex/jobs/8450095002?gh_jid=8450095002","2026-03-13T16:57:32-04:00","2026-03-27T11:37:18-04:00"
"spacex","Software Engineer (Network Performance)","Redmond, WA","https://boards.greenhouse.io/spacex/jobs/8391111002?gh_jid=8391111002","2026-01-26T20:51:42-05:00","2026-03-27T11:37:18-04:00"
"spacex","Software Engineer, PCBA (Starlink)","Redmond, WA","https://boards.greenhouse.io/spacex/jobs/8456289002?gh_jid=8456289002","2026-03-11T11:46:51-04:00","2026-03-27T21:02:03-04:00"
"spacex","Software Engineer, Power Systems Controls (Starlink)","Redmond, WA","https://boards.greenhouse.io/spacex/jobs/8395307002?gh_jid=8395307002","2026-01-29T11:49:49-05:00","2026-03-31T17:48:46-04:00"
"spacex","Software Engineer, Product Development (Starshield)","Hawthorne, CA","https://boards.greenhouse.io/spacex/jobs/8436728002?gh_jid=8436728002","2026-02-26T17:21:15-05:00","2026-03-27T11:37:18-04:00"
"spacex","Software Engineer, Propulsion Simulation & Data Analysis","Hawthorne, CA","https://boards.greenhouse.io/spacex/jobs/8213250002?gh_jid=8213250002","2025-10-16T10:25:05-04:00","2026-03-31T16:46:58-04:00"
"spacex","Software Engineer, Satellite Operations (Starshield)","Hawthorne, CA","https://boards.greenhouse.io/spacex/jobs/8382088002?gh_jid=8382088002","2026-01-21T20:57:30-05:00","2026-04-01T18:10:20-04:00"
"spacex","Software Engineer, Satellite Systems (Starshield)","Hawthorne, CA","https://boards.greenhouse.io/spacex/jobs/8308587002?gh_jid=8308587002","2025-12-03T12:27:32-05:00","2026-03-27T11:37:18-04:00"
"spacex","Software Engineer, Simulation","Hawthorne, CA","https://boards.greenhouse.io/spacex/jobs/8443290002?gh_jid=8443290002","2026-03-03T13:59:48-05:00","2026-03-27T11:37:18-04:00"
"spacex","Software Engineer, Simulations (Application Software)","Hawthorne, CA","https://boards.greenhouse.io/spacex/jobs/8487534002?gh_jid=8487534002","2026-03-31T16:52:59-04:00","2026-03-31T16:52:59-04:00"
"spacex","Software Engineer, Simulations (Starlink)","Redmond, WA","https://boards.greenhouse.io/spacex/jobs/8395326002?gh_jid=8395326002","2026-01-29T11:50:39-05:00","2026-04-02T13:08:15-04:00"
"spacex","Software Engineer (Special Projects) - Top Secret Clearance","Hawthorne, CA","https://boards.greenhouse.io/spacex/jobs/8306500002?gh_jid=8306500002","2025-11-24T21:44:19-05:00","2026-03-31T18:40:57-04:00"
"spacex","Software Engineer (Starlink)","Redmond, WA","https://boards.greenhouse.io/spacex/jobs/8479562002?gh_jid=8479562002","2026-04-02T17:32:36-04:00","2026-04-02T17:32:36-04:00"
"spacex","Software Engineer (Starlink)","Redmond, WA","https://boards.greenhouse.io/spacex/jobs/8406816002?gh_jid=8406816002","2026-02-06T12:28:20-05:00","2026-03-27T11:37:18-04:00"
"spacex","Software Engineer (Starlink)","Bastrop, TX","https://boards.greenhouse.io/spacex/jobs/8379301002?gh_jid=8379301002","2026-01-20T09:37:25-05:00","2026-04-01T19:07:21-04:00"
"spacex","Software Engineer (Starlink Ground Network)","Redmond, WA","https://boards.greenhouse.io/spacex/jobs/8342599002?gh_jid=8342599002","2025-12-29T14:57:06-05:00","2026-04-01T20:17:23-04:00"
"spacex","Software Engineer, Starlink Growth","Redmond, WA","https://boards.greenhouse.io/spacex/jobs/8403855002?gh_jid=8403855002","2026-02-06T14:52:46-05:00","2026-03-27T11:37:18-04:00"
"spacex","Software Engineer, Starlink Growth","Bastrop, TX","https://boards.greenhouse.io/spacex/jobs/8403929002?gh_jid=8403929002","2026-02-04T19:20:53-05:00","2026-03-30T17:51:36-04:00"
"spacex","Software Engineer, Starlink Network","Redmond, WA","https://boards.greenhouse.io/spacex/jobs/8477137002?gh_jid=8477137002","2026-03-25T15:07:21-04:00","2026-03-27T11:37:18-04:00"
"spacex","Software Engineer, Starlink Network","Sunnyvale, CA","https://boards.greenhouse.io/spacex/jobs/8458001002?gh_jid=8458001002","2026-03-11T20:01:57-04:00","2026-03-27T11:37:18-04:00"
"spacex","Software Engineer (Starshield)","Hawthorne, CA","https://boards.greenhouse.io/spacex/jobs/8385191002?gh_jid=8385191002","2026-01-26T13:27:07-05:00","2026-03-27T19:30:00-04:00"
"spacex","Software Engineer (Starshield) - Top Secret Clearance","Hawthorne, CA","https://boards.greenhouse.io/spacex/jobs/8387886002?gh_jid=8387886002","2026-02-02T19:01:55-05:00","2026-03-30T17:09:33-04:00"
"spacex","Software Engineer, Telemetry (Starlink)","Hawthorne, CA","https://boards.greenhouse.io/spacex/jobs/8451998002?gh_jid=8451998002","2026-03-09T20:39:11-04:00","2026-03-27T11:37:18-04:00"
"spacex","Software Engineer, Test & Automation (Starlink Mobile)","Sunnyvale, CA","https://boards.greenhouse.io/spacex/jobs/8451679002?gh_jid=8451679002","2026-03-13T18:35:38-04:00","2026-03-27T11:37:18-04:00"
"spacex","Software Engineer, Tracking (Starshield)","Hawthorne, CA","https://boards.greenhouse.io/spacex/jobs/8414648002?gh_jid=8414648002","2026-02-18T12:25:46-05:00","2026-03-27T11:37:18-04:00"
"spacex","Software Engineer (Vehicle Engineering)","Hawthorne, CA","https://boards.greenhouse.io/spacex/jobs/8397542002?gh_jid=8397542002","2026-02-02T15:21:40-05:00","2026-03-27T11:37:18-04:00"
"spacex","Software Infrastructure Engineer, Flight Software (Starlink)","Redmond, WA","https://boards.greenhouse.io/spacex/jobs/8478283002?gh_jid=8478283002","2026-03-25T18:44:31-04:00","2026-03-27T11:37:18-04:00"
"spacex","Software Infrastructure Engineer (Starlink)","Redmond, WA","https://boards.greenhouse.io/spacex/jobs/8391128002?gh_jid=8391128002","2026-01-27T10:21:08-05:00","2026-03-31T17:51:14-04:00"
"spacex","Structural Engineer (Starship Infrastructure)","Starbase, TX","https://boards.greenhouse.io/spacex/jobs/8389500002?gh_jid=8389500002","2026-01-23T15:04:57-05:00","2026-03-27T20:15:27-04:00"
"spacex","Supervisor, IT Network Infrastructure","Redmond, WA","https://boards.greenhouse.io/spacex/jobs/8377059002?gh_jid=8377059002","2026-01-15T19:40:35-05:00","2026-03-27T11:37:18-04:00"
"spacex","Supervisor, IT Network Infrastructure","Bastrop, TX","https://boards.greenhouse.io/spacex/jobs/8387971002?gh_jid=8387971002","2026-01-22T23:00:28-05:00","2026-04-01T18:08:51-04:00"
"spacex","Technical Training Engineer (Starship)","Starbase, TX","https://boards.greenhouse.io/spacex/jobs/8385001002?gh_jid=8385001002","2026-01-26T13:51:24-05:00","2026-04-01T17:44:46-04:00"
"Squarespace","Founding Machine Learning Engineer, Domains Search","New York City","http://www.squarespace.com/about/careers?gh_jid=7672420","2026-03-03T07:52:39-05:00","2026-03-24T09:18:17-04:00"
"spacex","TIG Welding Trainer, GTAW (Starship)","Starbase, TX","https://boards.greenhouse.io/spacex/jobs/8369864002?gh_jid=8369864002","2026-01-11T15:07:37-05:00","2026-03-27T11:37:18-04:00"
"spacex","TIG Welding Trainer, GTAW (Starship) - Nights","Starbase, TX","https://boards.greenhouse.io/spacex/jobs/8459762002?gh_jid=8459762002","2026-03-11T17:19:29-04:00","2026-03-27T11:37:18-04:00"
"spacex","Tooling Maintainer (Composites) - Level 4/5","Hawthorne, CA","https://boards.greenhouse.io/spacex/jobs/8345178002?gh_jid=8345178002","2025-12-18T10:17:21-05:00","2026-03-27T11:37:18-04:00"
"spacex","Welding Technical Trainer, GTAW (Starship)","Starbase, TX","https://boards.greenhouse.io/spacex/jobs/8294804002?gh_jid=8294804002","2025-11-21T12:25:53-05:00","2026-03-27T11:37:18-04:00"
"spacex","Wi-Fi Software Engineer (Starlink) ","Bastrop, TX","https://boards.greenhouse.io/spacex/jobs/8379209002?gh_jid=8379209002","2026-01-16T18:32:26-05:00","2026-04-01T19:07:49-04:00"
"Stevens Capital Management","Developer Internship","Radnor, PA","https://job-boards.greenhouse.io/scm/jobs/721888","","2025-04-01T12:55:20-04:00"
"Stevens Capital Management","Execution Developer","Radnor, PA","https://job-boards.greenhouse.io/scm/jobs/712321","","2025-04-01T12:55:20-04:00"
"Stevens Capital Management","Execution Developer - Jersey City, NJ","Jersey City, NJ","https://job-boards.greenhouse.io/scm/jobs/4833266","2023-01-30T09:06:17-05:00","2025-04-01T12:55:20-04:00"
"Stevens Capital Management","Implementation Developer","Radnor, PA","https://job-boards.greenhouse.io/scm/jobs/721856","","2025-04-01T12:55:20-04:00"
"Stevens Capital Management","Implementation Developer - Jersey City, NJ","Jersey City, NJ","https://job-boards.greenhouse.io/scm/jobs/4833274","2023-01-30T09:06:19-05:00","2025-04-01T12:55:20-04:00"
"Stevens Capital Management","Quantitative Research Analyst Internship","Radnor, PA","https://job-boards.greenhouse.io/scm/jobs/721895","","2025-04-01T12:55:20-04:00"
"Stevens Capital Management","Quantitative Research Developer","Radnor, PA","https://job-boards.greenhouse.io/scm/jobs/1659323","2019-04-24T07:57:57-04:00","2025-04-01T12:55:20-04:00"
"Stevens Capital Management","Quantitative Research Developer - Jersey City, NJ","Jersey City, NJ","https://job-boards.greenhouse.io/scm/jobs/4833303","2023-01-30T09:06:25-05:00","2025-04-01T12:55:20-04:00"
"Stevens Capital Management","Quantitative Research Developer - Remote","Radnor, PA","https://job-boards.greenhouse.io/scm/jobs/4262414","2022-05-20T13:22:49-04:00","2025-04-01T12:55:20-04:00"
"Stripe","Android Engineer, Terminal Developer Productivity","San Francisco, Seattle, Remote in US","https://stripe.com/jobs/search?gh_jid=7550154","2026-01-20T14:28:28-05:00","2026-04-01T11:46:05-04:00"
"Stripe","Backend / API Engineer, Billing","San Francisco, Seattle, NYC, US-Remote","https://stripe.com/jobs/search?gh_jid=7737241","2026-03-20T18:48:49-04:00","2026-04-01T11:46:05-04:00"
"Stripe","Backend/API Engineer, Money as a Service","US","https://stripe.com/jobs/search?gh_jid=6176758","2024-08-25T08:36:49-04:00","2026-04-01T11:46:05-04:00"
"Stripe","Backend Engineer, Core Technology","Seattle, San Francisco, US-Remote, Chicago, New York ","https://stripe.com/jobs/search?gh_jid=6042172","2024-06-14T18:04:50-04:00","2026-04-01T11:46:05-04:00"
"Stripe","Backend Engineer, Developer Experience & Product Platform ","Toronto Canada, San Francisco, Remote in US, Remote in Canada","https://stripe.com/jobs/search?gh_jid=7292520","2025-11-06T20:48:57-05:00","2026-04-01T11:46:05-04:00"
"Stripe","Backend Engineer, Payments and Risk","US","https://stripe.com/jobs/search?gh_jid=6163230","2024-08-08T11:03:55-04:00","2026-04-01T11:46:05-04:00"
"Stripe","Backend Engineer, Payments and Risk","US","https://stripe.com/jobs/search?gh_jid=7232592","2026-02-03T12:30:22-05:00","2026-04-01T11:46:05-04:00"
"Stripe","Full Stack Engineer, Link","Toronto, Remote in Canada","https://stripe.com/jobs/search?gh_jid=6447175","2024-12-03T14:16:40-05:00","2026-04-01T11:46:05-04:00"
"Stripe","Fullstack Engineer, Privy","NYC-Privy, US-Remote ","https://stripe.com/jobs/search?gh_jid=7091959","2025-08-04T11:42:07-04:00","2026-04-01T11:46:05-04:00"
"Stripe","Infrastructure Engineer, Privy","New York","https://stripe.com/jobs/search?gh_jid=7462961","2026-01-02T18:20:05-05:00","2026-04-01T11:46:05-04:00"
"Stripe","Machine Learning Engineer, Payments ML Accelerator","Seattle; San Francisco; New York City","https://stripe.com/jobs/search?gh_jid=7079044","2025-07-22T11:36:45-04:00","2026-04-01T11:46:05-04:00"
"Stripe","Market Researcher, Startups and AI","US","https://stripe.com/jobs/search?gh_jid=7739365","2026-03-26T18:49:23-04:00","2026-04-01T11:46:05-04:00"
"Stripe","PhD Machine Learning Engineer, Intern","San Francisco, New York City, Seattle","https://stripe.com/jobs/search?gh_jid=7216664","2025-09-02T20:57:21-04:00","2026-04-01T11:46:05-04:00"
"Stripe","PhD Machine Learning Engineer, New Grad","San Francisco, New York City, Seattle","https://stripe.com/jobs/search?gh_jid=7216668","2025-09-02T20:57:18-04:00","2026-04-01T11:46:05-04:00"
"Stripe","Software Engineer, Bridge","San Francisco, NY, Seattle","https://stripe.com/jobs/search?gh_jid=7277110","2025-11-20T15:28:04-05:00","2026-04-01T11:46:05-04:00"
"Stripe","Software Engineer, Intern","Sydney, Australia","https://stripe.com/jobs/search?gh_jid=7532256","2026-03-23T22:37:23-04:00","2026-04-01T11:46:05-04:00"
"Stripe","Software Engineer, Intern (Summer)","San Francisco, Seattle, New York City","https://stripe.com/jobs/search?gh_jid=7210115","2025-09-02T19:49:18-04:00","2026-04-01T11:46:05-04:00"
"Stripe","Software Engineer - Smart Contract, Bridge","San Francisco or New York","https://stripe.com/jobs/search?gh_jid=7507904","2025-12-31T14:29:41-05:00","2026-04-01T11:46:05-04:00"
"sumup","AML Investigator","Vilnius, Lithuania","https://sumup.com/careers/positions/8427282002?gh_jid=8427282002","2026-02-18T11:12:18-05:00","2026-03-10T05:16:23-04:00"
"sumup","Backend Engineer - Transfers ","Vilnius, Lithuania","https://sumup.com/careers/positions/8388972002?gh_jid=8388972002","2026-01-23T11:26:25-05:00","2026-02-19T10:58:35-05:00"
"Talos Trading","Software Engineer, New York","New York","https://jobs.ashbyhq.com/Talos-Trading/885d627f-9bf2-4310-81ae-fda27121fd7b","2025-07-23T10:24:48.943+00:00",""
"Talos Trading","Software Engineer, Trading Connectivity, Cyprus ","Cyprus","https://jobs.ashbyhq.com/Talos-Trading/020ee9f6-fd78-4a48-9651-e389a8cc0ed8","2026-01-12T14:42:53.611+00:00",""
"Talos Trading","Software Engineer, Portfolio Engineering","New York","https://jobs.ashbyhq.com/Talos-Trading/ba99413f-ab1b-4b2d-ae30-58155c2ac36e","2026-02-23T10:14:08.991+00:00",""
"Talos Trading"," Software Engineer, Tokenization","New York","https://jobs.ashbyhq.com/Talos-Trading/3ec93f41-3231-4170-bb25-aa33a0f406b0","2026-03-04T09:51:34.140+00:00",""
"Tandem","Software Engineer","New York office","https://jobs.ashbyhq.com/tandem/a7b0368a-97aa-4cd8-afbc-cae8e86dafb7","2024-06-18T02:02:28.878+00:00",""
"Tandem","Infrastructure Engineer","New York office","https://jobs.ashbyhq.com/tandem/9727023d-02ff-412f-89ec-0f3074bb0ef3","2025-07-27T19:41:54.945+00:00",""
"Tandem","Data Scientist","New York office","https://jobs.ashbyhq.com/tandem/1ae72b76-5611-4423-a2ea-e11933cea33f","2024-09-04T04:09:23.116+00:00",""
"Tandem","Applied AI Engineer","New York office","https://jobs.ashbyhq.com/tandem/09564102-1713-4941-bbd5-77eaac9ca88e","2025-03-08T21:25:09.381+00:00",""
"Tandem","Data & Analytics Engineer","New York office","https://jobs.ashbyhq.com/tandem/5a8640ce-8a3e-40bf-afd1-f0b63a0a2ef3","2025-07-31T17:49:45.374+00:00",""
"Tandem","Engineering Internship","New York office","https://jobs.ashbyhq.com/tandem/82e10191-232e-4e8d-9c5e-cb82940cdfc7","2025-06-03T16:15:32.472+00:00",""
"Tatari ","Data Science Analyst ","San Francisco, California, United States","https://job-boards.greenhouse.io/tatari/jobs/8350484002","2026-02-17T11:48:42-05:00","2026-03-09T17:16:44-04:00"
"Tatari ","Data Science Analyst ","Los Angeles, California, United States","https://job-boards.greenhouse.io/tatari/jobs/8350482002","2026-02-17T11:48:41-05:00","2026-03-09T17:16:28-04:00"
"Tatari ","Data Science Analyst ","New York, New York, United States","https://job-boards.greenhouse.io/tatari/jobs/8350483002","2025-12-22T14:44:57-05:00","2026-03-09T17:16:10-04:00"
"Tatari ","Data Science Analyst, Intern","Los Angeles, California, United States","https://job-boards.greenhouse.io/tatari/jobs/8432039002","2026-02-20T16:02:51-05:00","2026-02-23T12:50:11-05:00"
"Tatari ","Data Science Analyst, Intern","New York, New York, United States","https://job-boards.greenhouse.io/tatari/jobs/8432038002","2026-02-20T16:02:50-05:00","2026-02-23T12:49:53-05:00"
"Tatari ","Data Science Analyst, Intern","San Francisco, California, United States","https://job-boards.greenhouse.io/tatari/jobs/8432037002","2026-02-20T16:02:49-05:00","2026-02-20T16:02:49-05:00"
"Tatari ","Data Science BI, Intern","San Francisco, California, United States","https://job-boards.greenhouse.io/tatari/jobs/8443708002","2026-02-28T10:10:41-05:00","2026-02-28T10:10:41-05:00"
"Tatari ","Data Science BI, Intern","New York, New York, United States","https://job-boards.greenhouse.io/tatari/jobs/8443709002","2026-02-28T10:10:42-05:00","2026-02-28T10:10:42-05:00"
"Tatari ","Data Science BI, Intern","Los Angeles, California, United States","https://job-boards.greenhouse.io/tatari/jobs/8443710002","2026-02-28T10:10:43-05:00","2026-02-28T10:10:43-05:00"
"Tatari ","Data Science, Intern","New York, New York, United States","https://job-boards.greenhouse.io/tatari/jobs/8432059002","2026-02-20T16:11:39-05:00","2026-02-23T12:50:42-05:00"
"Tatari ","Data Science, Intern","Los Angeles, California, United States","https://job-boards.greenhouse.io/tatari/jobs/8432060002","2026-02-20T16:11:40-05:00","2026-02-23T12:51:01-05:00"
"Tatari ","Data Science, Intern","San Francisco, California, United States","https://job-boards.greenhouse.io/tatari/jobs/8432058002","2026-02-20T16:11:39-05:00","2026-02-23T13:23:48-05:00"
"Tatari ","Software Engineer Intern","New York, New York, United States","https://job-boards.greenhouse.io/tatari/jobs/8451505002","2026-03-05T15:40:40-05:00","2026-03-09T14:10:59-04:00"
"Tatari ","Software Engineer Intern","San Francisco, California, United States","https://job-boards.greenhouse.io/tatari/jobs/8451506002","2026-03-05T15:40:41-05:00","2026-03-09T14:11:16-04:00"
"Tatari ","Software Engineer Intern","Los Angeles, California, United States","https://job-boards.greenhouse.io/tatari/jobs/8451504002","2026-03-05T15:40:39-05:00","2026-03-09T14:10:27-04:00"
"Salesforce","Software Engineering SMTS","Indiana - Indianapolis","https://salesforce.wd12.myworkdayjobs.com/en-US/External_Career_Site/job/Indiana---Indianapolis/Software-Engineering-SMTS_JR330170","Posted 27 Days Ago",""
"Targetbase","Intern - Decision Sciences ","Irving, TX","https://targetbase.com/careers?gh_jid=7659266003","2026-03-10T12:27:55-04:00","2026-03-11T19:08:42-04:00"
"Targetbase","Intern - Decision Sciences ","Raleigh, NC","https://targetbase.com/careers?gh_jid=7659210003","2026-03-10T12:28:07-04:00","2026-03-11T18:54:38-04:00"
"Targetbase","Intern - Project Management","Irving, TX","https://targetbase.com/careers?gh_jid=7659279003","2026-03-10T12:28:29-04:00","2026-03-11T19:20:49-04:00"
"Targetbase","Intern - SQL Developer ","Irving, TX","https://targetbase.com/careers?gh_jid=7659203003","2026-03-10T12:28:43-04:00","2026-03-23T11:23:07-04:00"
"Testnisc","Print Services Operator (Mailroom)","Lake Saint Louis, MO","https://job-boards.greenhouse.io/testnisc/jobs/7578487","2026-01-30T09:39:21-05:00","2026-01-30T09:39:21-05:00"
"Testnisc","Print Services Operator (Mailroom)","Laket Saint Louis, MO","https://job-boards.greenhouse.io/testnisc/jobs/7578475","2026-01-30T09:37:57-05:00","2026-01-30T09:37:57-05:00"
"Testnisc","Print Services Operator (Mailroom)","Lake Saint Louis, MO","https://job-boards.greenhouse.io/testnisc/jobs/7578481","2026-01-30T09:38:35-05:00","2026-01-30T09:38:35-05:00"
"Testnisc","Software Developer III - Distributed Engineering Workstation (Power Flow Software) ","Blacksburg, VA","https://job-boards.greenhouse.io/testnisc/jobs/7699994","2026-03-10T11:36:01-04:00","2026-03-10T11:36:01-04:00"
"Testnisc","Software Developer III - Distributed Engineering Workstation (Power Flow Software) ","Cedar Rapids, IA","https://job-boards.greenhouse.io/testnisc/jobs/7699996","2026-03-10T11:36:02-04:00","2026-03-10T11:36:02-04:00"
"Testnisc","Software Developer III - Distributed Engineering Workstation (Power Flow Software) ","Lake Saint Louis, MO","https://job-boards.greenhouse.io/testnisc/jobs/7700002","2026-03-10T11:36:03-04:00","2026-03-10T11:36:03-04:00"
"Testnisc","Software Developer III - Distributed Engineering Workstation (Power Flow Software) ","Mandan, ND","https://job-boards.greenhouse.io/testnisc/jobs/7700005","2026-03-10T11:36:04-04:00","2026-03-10T11:36:04-04:00"
"Testnisc","Software Engineer - AI/ML","Albuquerque, NM","https://job-boards.greenhouse.io/testnisc/jobs/7662691","2026-02-27T11:49:46-05:00","2026-02-27T11:49:46-05:00"
"Testnisc","Software Engineer - AI/ML","Omaha, NE","https://job-boards.greenhouse.io/testnisc/jobs/7662700","2026-02-27T11:57:52-05:00","2026-02-27T11:57:52-05:00"
"Testnisc","Software Engineer - AI/ML","Lincoln, NE","https://job-boards.greenhouse.io/testnisc/jobs/7662703","2026-02-27T11:57:53-05:00","2026-02-27T11:57:53-05:00"
"Testnisc","Software Engineer - AI/ML","Minot, ND","https://job-boards.greenhouse.io/testnisc/jobs/7662706","2026-02-27T11:57:56-05:00","2026-02-27T11:57:56-05:00"
"Testnisc","Software Engineer - AI/ML","Fargo, ND","https://job-boards.greenhouse.io/testnisc/jobs/7662710","2026-02-27T11:57:58-05:00","2026-02-27T11:57:58-05:00"
"Testnisc","Software Engineer - AI/ML","Grand Forks, ND","https://job-boards.greenhouse.io/testnisc/jobs/7662708","2026-02-27T11:57:57-05:00","2026-02-27T11:57:57-05:00"
"Testnisc","Software Engineer - AI/ML","Raleigh, NC","https://job-boards.greenhouse.io/testnisc/jobs/7662723","2026-02-27T11:57:59-05:00","2026-02-27T11:57:59-05:00"
"Testnisc","Software Engineer - AI/ML","Bozeman, MT","https://job-boards.greenhouse.io/testnisc/jobs/7662739","2026-02-27T12:00:24-05:00","2026-02-27T12:00:24-05:00"
"Testnisc","Software Engineer - AI/ML","Durham, NC","https://job-boards.greenhouse.io/testnisc/jobs/7662737","2026-02-27T12:00:23-05:00","2026-02-27T12:00:23-05:00"
"Testnisc","Software Engineer - AI/ML","Billings, MT","https://job-boards.greenhouse.io/testnisc/jobs/7662741","2026-02-27T12:00:25-05:00","2026-02-27T12:00:25-05:00"
"Testnisc","Software Engineer - AI/ML","Springfield, MO","https://job-boards.greenhouse.io/testnisc/jobs/7662751","2026-02-27T12:01:35-05:00","2026-02-27T12:01:35-05:00"
"Testnisc","Software Engineer - AI/ML","Kansas City, MO","https://job-boards.greenhouse.io/testnisc/jobs/7662825","2026-02-27T12:29:18-05:00","2026-02-27T12:29:18-05:00"
"Testnisc","Software Engineer - AI/ML","Columbia, MO","https://job-boards.greenhouse.io/testnisc/jobs/7662906","2026-02-27T12:29:56-05:00","2026-02-27T12:29:56-05:00"
"Testnisc","Software Engineer - AI/ML","Rochester, MN","https://job-boards.greenhouse.io/testnisc/jobs/7663277","2026-02-27T13:43:14-05:00","2026-02-27T13:43:14-05:00"
"Testnisc","Software Engineer - AI/ML","Grand Rapids, MI","https://job-boards.greenhouse.io/testnisc/jobs/7663283","2026-02-27T13:43:15-05:00","2026-02-27T13:43:15-05:00"
"Testnisc","Software Engineer - AI/ML","Minneapolis, MN","https://job-boards.greenhouse.io/testnisc/jobs/7663281","2026-02-27T13:43:14-05:00","2026-02-27T13:43:14-05:00"
"Testnisc","Software Engineer - AI/ML","Detroit, MI","https://job-boards.greenhouse.io/testnisc/jobs/7663289","2026-02-27T13:43:16-05:00","2026-02-27T13:43:16-05:00"
"Testnisc","Software Engineer - AI/ML","Ann Arbor, MI","https://job-boards.greenhouse.io/testnisc/jobs/7663300","2026-02-27T13:43:17-05:00","2026-02-27T13:43:17-05:00"
"Testnisc","Software Engineer - AI/ML","Louisville, KY","https://job-boards.greenhouse.io/testnisc/jobs/7663302","2026-02-27T13:43:18-05:00","2026-02-27T13:43:18-05:00"
"Testnisc","Software Engineer - AI/ML","Indianapolis, IN","https://job-boards.greenhouse.io/testnisc/jobs/7663305","2026-02-27T13:43:21-05:00","2026-02-27T13:43:21-05:00"
"Testnisc","Software Engineer - AI/ML","Evansville, IN","https://job-boards.greenhouse.io/testnisc/jobs/7663307","2026-02-27T13:43:22-05:00","2026-02-27T13:43:22-05:00"
"Testnisc","Software Engineer - AI/ML","Springfield, IL","https://job-boards.greenhouse.io/testnisc/jobs/7663310","2026-02-27T13:43:22-05:00","2026-02-27T13:43:22-05:00"
"Testnisc","Software Engineer - AI/ML","Boise, ID","https://job-boards.greenhouse.io/testnisc/jobs/7663313","2026-02-27T13:43:23-05:00","2026-02-27T13:43:23-05:00"
"Testnisc","Software Engineer - AI/ML","Sioux City, IA","https://job-boards.greenhouse.io/testnisc/jobs/7663319","2026-02-27T13:43:24-05:00","2026-02-27T13:43:24-05:00"
"Testnisc","Software Engineer - AI/ML","Des Moines, IA","https://job-boards.greenhouse.io/testnisc/jobs/7663329","2026-02-27T13:43:24-05:00","2026-02-27T13:43:24-05:00"
"Testnisc","Software Engineer - AI/ML","Cedar Falls, IA","https://job-boards.greenhouse.io/testnisc/jobs/7663337","2026-02-27T13:43:25-05:00","2026-02-27T13:43:25-05:00"
"Testnisc","Software Engineer - AI/ML","Ames, IA","https://job-boards.greenhouse.io/testnisc/jobs/7663339","2026-02-27T13:43:27-05:00","2026-02-27T13:43:27-05:00"
"Testnisc","Software Engineer - AI/ML","Atlanta, GA","https://job-boards.greenhouse.io/testnisc/jobs/7663342","2026-02-27T13:43:28-05:00","2026-02-27T13:43:28-05:00"
"Testnisc","Software Engineer - AI/ML","Miami, FL","https://job-boards.greenhouse.io/testnisc/jobs/7663346","2026-02-27T13:43:32-05:00","2026-02-27T13:43:32-05:00"
"Testnisc","Software Engineer - AI/ML","Tampa, FL","https://job-boards.greenhouse.io/testnisc/jobs/7663344","2026-02-27T13:43:32-05:00","2026-02-27T13:43:32-05:00"
"Testnisc","Software Engineer - AI/ML","Orlando, FL","https://job-boards.greenhouse.io/testnisc/jobs/7663348","2026-02-27T13:43:33-05:00","2026-02-27T13:43:33-05:00"
"Testnisc","Software Engineer - AI/ML","Denver, CO","https://job-boards.greenhouse.io/testnisc/jobs/7663354","2026-02-27T13:43:35-05:00","2026-02-27T13:43:35-05:00"
"Testnisc","Software Engineer - AI/ML","Jacksonville, FL","https://job-boards.greenhouse.io/testnisc/jobs/7663351","2026-02-27T13:43:34-05:00","2026-02-27T13:43:34-05:00"
"Testnisc","Software Engineer - AI/ML","Phoenix, AZ","https://job-boards.greenhouse.io/testnisc/jobs/7663362","2026-02-27T13:43:37-05:00","2026-02-27T13:43:37-05:00"
"Testnisc","Software Engineer - AI/ML","Little Rock, AR","https://job-boards.greenhouse.io/testnisc/jobs/7663364","2026-02-27T13:43:38-05:00","2026-02-27T13:43:38-05:00"
"Testnisc","Software Engineer - AI/ML","Huntsville, AL","https://job-boards.greenhouse.io/testnisc/jobs/7663368","2026-02-27T13:43:39-05:00","2026-02-27T13:43:39-05:00"
"Testnisc","Software Engineer - AI/ML","Birmingham, AL","https://job-boards.greenhouse.io/testnisc/jobs/7663370","2026-02-27T13:43:40-05:00","2026-02-27T13:43:40-05:00"
"Testnisc","Software Engineer - AI/ML","Tucson, AZ","https://job-boards.greenhouse.io/testnisc/jobs/7663356","2026-02-27T13:43:36-05:00","2026-02-27T13:43:36-05:00"
"Testnisc","Software Engineer - AI/ML","Cedar Rapids, IA","https://job-boards.greenhouse.io/testnisc/jobs/7662542","2026-02-27T11:26:56-05:00","2026-02-27T11:26:56-05:00"
"Testnisc","Software Engineer - AI/ML","Lake Saint Louis, MO","https://job-boards.greenhouse.io/testnisc/jobs/7662545","2026-02-27T11:26:57-05:00","2026-02-27T11:26:57-05:00"
"Testnisc","Software Engineer - AI/ML","Mandan, ND","https://job-boards.greenhouse.io/testnisc/jobs/7662547","2026-02-27T11:27:01-05:00","2026-02-27T11:27:01-05:00"
"Testnisc","Software Engineer - AI/ML","Salt Lake City, UT","https://job-boards.greenhouse.io/testnisc/jobs/7662579","2026-02-27T11:36:46-05:00","2026-02-27T11:36:46-05:00"
"Testnisc","Software Engineer - AI/ML","Milwaukee, WI","https://job-boards.greenhouse.io/testnisc/jobs/7662581","2026-02-27T11:36:46-05:00","2026-02-27T11:36:46-05:00"
"Testnisc","Software Engineer - AI/ML","Madison, WI","https://job-boards.greenhouse.io/testnisc/jobs/7662583","2026-02-27T11:36:47-05:00","2026-02-27T11:36:47-05:00"
"Testnisc","Software Engineer - AI/ML","Green Bay, WI","https://job-boards.greenhouse.io/testnisc/jobs/7662587","2026-02-27T11:36:48-05:00","2026-02-27T11:36:48-05:00"
"Testnisc","Software Engineer - AI/ML","San Antonio, TX","https://job-boards.greenhouse.io/testnisc/jobs/7662590","2026-02-27T11:36:49-05:00","2026-02-27T11:36:49-05:00"
"Testnisc","Software Engineer - AI/ML","Houston, TX","https://job-boards.greenhouse.io/testnisc/jobs/7662592","2026-02-27T11:36:49-05:00","2026-02-27T11:36:49-05:00"
"Testnisc","Software Engineer - AI/ML","Dallas, TX","https://job-boards.greenhouse.io/testnisc/jobs/7662593","2026-02-27T11:36:50-05:00","2026-02-27T11:36:50-05:00"
"Testnisc","Software Engineer - AI/ML","Austin, TX","https://job-boards.greenhouse.io/testnisc/jobs/7662606","2026-02-27T11:36:51-05:00","2026-02-27T11:36:51-05:00"
"Testnisc","Software Engineer - AI/ML","Sioux Falls, SD","https://job-boards.greenhouse.io/testnisc/jobs/7662611","2026-02-27T11:43:47-05:00","2026-02-27T11:43:47-05:00"
"Testnisc","Software Engineer - AI/ML","Rapid City, SD","https://job-boards.greenhouse.io/testnisc/jobs/7662638","2026-02-27T11:43:48-05:00","2026-02-27T11:43:48-05:00"
"Testnisc","Software Engineer - AI/ML","Mitchell, SD","https://job-boards.greenhouse.io/testnisc/jobs/7662640","2026-02-27T11:43:48-05:00","2026-02-27T11:43:48-05:00"
"Testnisc","Software Engineer - AI/ML","Tulsa, OK","https://job-boards.greenhouse.io/testnisc/jobs/7662644","2026-02-27T11:43:49-05:00","2026-02-27T11:43:49-05:00"
"Testnisc","Software Engineer - AI/ML","Oklahoma City, OK","https://job-boards.greenhouse.io/testnisc/jobs/7662647","2026-02-27T11:43:50-05:00","2026-02-27T11:43:50-05:00"
"Testnisc","Software Engineer - AI/ML","Toledo, OH","https://job-boards.greenhouse.io/testnisc/jobs/7662650","2026-02-27T11:49:43-05:00","2026-02-27T11:49:43-05:00"
"Testnisc","Software Engineer - AI/ML","Columbus, OH","https://job-boards.greenhouse.io/testnisc/jobs/7662656","2026-02-27T11:49:44-05:00","2026-02-27T11:49:44-05:00"
"Testnisc","Software Engineer - AI/ML","Cleveland, OH","https://job-boards.greenhouse.io/testnisc/jobs/7662679","2026-02-27T11:49:44-05:00","2026-02-27T11:49:44-05:00"
"Testnisc","Software Engineer - AI/ML","Cincinnati, OH","https://job-boards.greenhouse.io/testnisc/jobs/7662688","2026-02-27T11:49:45-05:00","2026-02-27T11:49:45-05:00"
"The Pattern Data","Software Engineer (Entry)","Richmond, VA","https://job-boards.greenhouse.io/patterndata/jobs/5092337007","2026-03-27T16:50:08-04:00","2026-03-27T16:50:08-04:00"
"The Scion Group","Data Engineer","Chicago, Illinois, United States","https://job-boards.greenhouse.io/thesciongroupllc/jobs/8454367002","2026-03-08T19:07:38-04:00","2026-03-25T17:42:36-04:00"
"Solera","Data Quality Analyst / Eagan, MN","Eagan, Minnesota","https://solera.wd5.myworkdayjobs.com/en-US/Global_Career_Site/job/Eagan-Minnesota/Data-Quality-Analyst---Eagan--MN_JR-018974","Posted Yesterday",""
"Salesforce","LMTS Front End Engineer, Agentforce Voice","California - Palo Alto","https://salesforce.wd12.myworkdayjobs.com/en-US/External_Career_Site/job/California---Palo-Alto/LMTS-Front-End-Engineer--Agentforce-Voice_JR327161-1","Posted 28 Days Ago",""
"Sony AI America Inc","Research Intern on Generative and Protective AI for Content Creation","New York","https://sonyglobal.wd1.myworkdayjobs.com/en-US/SonyGlobalCareers/job/New-York/Research-Intern-on-Generative-and-Protective-AI-for-Content-Creation_JR-118961","Posted Yesterday",""
"STANDARD & POOR'S FINANCIAL SERVICE","Summer Intern","Dallas, TX","https://spgi.wd5.myworkdayjobs.com/en-US/SPGI_Careers/job/Dallas-TX/Summer-Intern_326741-1","Posted Today",""
"SRK Supplylogix LLC","Central Fill Pharmacy Training Coordinator","USA, IN, Jeffersonville","https://mckesson.wd3.myworkdayjobs.com/en-US/External_Careers/job/USA-IN-Jeffersonville/Central-Fill-Pharmacy-Training-Coordinator_JR0145040","Posted Today",""
"Sony AI America Inc","Tax Intern","New York","https://sonyglobal.wd1.myworkdayjobs.com/en-US/SonyGlobalCareers/job/New-York/Tax-Intern_JR-118944","Posted 15 Days Ago",""
"STANDARD & POOR'S FINANCIAL SERVICE","Quality Engineering Intern","New York, NY","https://spgi.wd5.myworkdayjobs.com/en-US/SPGI_Careers/job/New-York-NY/Quality-Engineering-Intern_326964-2","Posted Yesterday",""
"SRK Supplylogix LLC","Material Handler Specialist - Warehouse","USA, KY, Erlanger","https://mckesson.wd3.myworkdayjobs.com/en-US/External_Careers/job/USA-KY-Erlanger/Material-Handler-Specialist---Warehouse_JR0145238","Posted Today",""
"SRK Supplylogix LLC","Trainer, Warehouse","USA, VA, Ruther Glen","https://mckesson.wd3.myworkdayjobs.com/en-US/External_Careers/job/USA-VA-Ruther-Glen/Trainer--Warehouse_JR0144779","Posted Yesterday",""
"Sony AI America Inc","Tax Intern","New York","https://sonyglobal.wd1.myworkdayjobs.com/en-US/SonyGlobalCareers/job/New-York/Tax-Intern_JR-118778","Posted 30+ Days Ago",""
"STANDARD & POOR'S FINANCIAL SERVICE","Private Market and other Thematic Indices‘ data owner","New York, NY","https://spgi.wd5.myworkdayjobs.com/en-US/SPGI_Careers/job/New-York-NY/Private-Market-Data-Owner_318429-1","Posted 2 Days Ago",""
"STANDARD & POOR'S FINANCIAL SERVICE","Summer Intern - Product Performance","New York, NY","https://spgi.wd5.myworkdayjobs.com/en-US/SPGI_Careers/job/New-York-NY/Summer-Intern---Product-Performance_326530-1","Posted 2 Days Ago",""
"The Toro","Manufacturing Engineer Intern - The Toro Company","Shakopee, MN","https://ttc.wd1.myworkdayjobs.com/en-US/Toro_External_Careers/job/Shakopee-MN/Manufacturing-Engineer-Intern---The-Toro-Company_JR15799","Posted 2 Days Ago",""
"The Toro","Mechatronics Engineering Intern - The Toro Company","Bloomington, MN","https://ttc.wd1.myworkdayjobs.com/en-US/Toro_External_Careers/job/Bloomington-MN/Mechatronics-Engineering-Intern---The-Toro-Company_JR13759","Posted 3 Days Ago",""
"The Toro","Material Handler - The Toro Company","Windom, MN","https://ttc.wd1.myworkdayjobs.com/en-US/Toro_External_Careers/job/Windom-MN/Material-Handler---The-Toro-Company_JR15798","Posted 3 Days Ago",""
"The Toro","CDL Driver - The Toro Company","El Paso, TX","https://ttc.wd1.myworkdayjobs.com/en-US/Toro_External_Careers/job/El-Paso-TX/CDL-Driver---The-Toro-Company_JR15734","Posted 3 Days Ago",""
"terex","2026 Robotics Engineering Intern","USA, WA, Redmond","https://terex.wd1.myworkdayjobs.com/en-US/terexcareers/job/USA-WA-Redmond/XMLNAME-2026-Robotics-Engineering-Intern_REQ-10161","Posted 2 Days Ago",""
"The Toro","Material Handler, 1st Shift - Exmark","Beatrice, NE","https://ttc.wd1.myworkdayjobs.com/en-US/Toro_External_Careers/job/Beatrice-NE/Material-Handler--1st-Shift---Exmark_JR15743","Posted 8 Days Ago",""
"The Toro","Material Handler, 2nd Shift - Exmark","Beatrice, NE","https://ttc.wd1.myworkdayjobs.com/en-US/Toro_External_Careers/job/Beatrice-NE/Material-Handler--2nd-Shift---Exmark_JR15712","Posted 9 Days Ago",""
"State Street","Software Engineer II, Officer","Burlington Massachusetts","https://statestreet.wd1.myworkdayjobs.com/en-US/Global/job/Burlington-Massachusetts/Software-Engineer-II--Officer_R-785620","Posted Yesterday",""
"State Street","Software Engineering & Development","Quincy, Massachusetts","https://statestreet.wd1.myworkdayjobs.com/en-US/Global/job/Quincy-Massachusetts/Software-Engineering---Development_R-787353","Posted Yesterday",""
"The Toro","Material Handler - The Toro Company (Mid Shift)","Shakopee, MN","https://ttc.wd1.myworkdayjobs.com/en-US/Toro_External_Careers/job/Shakopee-MN/Material-Handler---The-Toro-Company--Mid-Shift-_JR15636","Posted 15 Days Ago",""
"The Toro","Material Handler I - Weekend Shift - Ditch Witch","Perry, OK","https://ttc.wd1.myworkdayjobs.com/en-US/Toro_External_Careers/job/Perry-OK/Material-Handler-I---Weekend-Shift---Ditch-Witch_JR15687","Posted 16 Days Ago",""
"The Toro","Paint Line - Ventrac","Orrville, OH","https://ttc.wd1.myworkdayjobs.com/en-US/Toro_External_Careers/job/Orrville-OH/Paint-Line---Ventrac_JR15596","Posted 16 Days Ago",""
"The Walt Disney Company","Software Engineer","Orlando, FL, USA","https://disney.wd5.myworkdayjobs.com/en-US/disneycareer/job/Orlando-FL-USA/Software-Engineer_10146412","Posted Yesterday",""
"terex","Manufacturing Engineer (Training) Intern, Birmingham","US-AL Birmingham","https://terex.wd1.myworkdayjobs.com/en-US/terexcareers/job/US-AL-Birmingham/Manufacturing-Engineer--Training--Intern--Birmingham_REQ-12271","Posted 6 Days Ago",""
"STANDARD & POOR'S FINANCIAL SERVICE","Data Analyst","PK - ISLAMABAD 101 W AL KHAIR PLAZA","https://spgi.wd5.myworkdayjobs.com/en-US/SPGI_Careers/job/PK---ISLAMABAD-101-W-AL-KHAIR-PLAZA/Data-Analyst_325877","Posted 3 Days Ago",""
"The Toro","Material Handler - The Toro Company","Windom, MN","https://ttc.wd1.myworkdayjobs.com/en-US/Toro_External_Careers/job/Windom-MN/Material-Handler---The-Toro-Company_JR15577","Posted 22 Days Ago",""
"The Toro","Material Handler, 2nd Shift - Exmark","Beatrice, NE","https://ttc.wd1.myworkdayjobs.com/en-US/Toro_External_Careers/job/Beatrice-NE/Material-Handler--2nd-Shift---Exmark_JR15529","Posted 24 Days Ago",""
"The Toro","Paint Loader/Unloader - Spartan Mowers","Batesville, AR","https://ttc.wd1.myworkdayjobs.com/en-US/Toro_External_Careers/job/Batesville-AR/Paint-Loader-Unloader---Spartan-Mowers_JR15583","Posted 28 Days Ago",""
"The Toro","Material Handler, 2nd Shift - Exmark","Beatrice, NE","https://ttc.wd1.myworkdayjobs.com/en-US/Toro_External_Careers/job/Beatrice-NE/Material-Handler--2nd-Shift---Exmark_JR15543","Posted 29 Days Ago",""
"The Toro","Material Handler - American Augers","West Salem, OH","https://ttc.wd1.myworkdayjobs.com/en-US/Toro_External_Careers/job/West-Salem-OH/Material-Handler---American-Augers_JR15213","Posted 30+ Days Ago",""
"terex","Painter B - 2nd Shift **$1k Sign-On Bonus**","US-SD Watertown","https://terex.wd1.myworkdayjobs.com/en-US/terexcareers/job/US-SD-Watertown/Painter-B---2nd-Shift----1k-Sign-On-Bonus--_REQ-12136","Posted 10 Days Ago",""
"terex","2026 Operational Technology Engineering Intern","USA, WA, Redmond","https://terex.wd1.myworkdayjobs.com/en-US/terexcareers/job/USA-WA-Redmond/XMLNAME-2026-Operational-Technology-Engineering-Co-op_REQ-10001","Posted 14 Days Ago",""
"The Walt Disney Company","Disney Entertainment Television Communication Intern, Summer/Fall 2026","Burbank, CA, USA","https://disney.wd5.myworkdayjobs.com/en-US/disneycareer/job/Burbank-CA-USA/Disney-Entertainment-Television-Communication-Intern--Summer-Fall-2026_10138044-2","Posted Today",""
"The Toro","Software Developer  I","Pune, IN","https://ttc.wd1.myworkdayjobs.com/en-US/Toro_External_Careers/job/Pune-IN/Software-Developer--I_JR15377","Posted 30+ Days Ago",""
"The Toro","PDL CNC Prototype Machinist - The Toro Company","Bloomington, MN","https://ttc.wd1.myworkdayjobs.com/en-US/Toro_External_Careers/job/Bloomington-MN/PDL-CNC-Prototype-Machinist---The-Toro-Company_JR15347-1","Posted 30+ Days Ago",""
"The Toro","Paint / Weld Supervisor - The Toro Company","Windom, MN","https://ttc.wd1.myworkdayjobs.com/en-US/Toro_External_Careers/job/Windom-MN/Paint---Weld-Supervisor---2nd-Shift---The-Toro-Company_JR15062","Posted 30+ Days Ago",""
"terex","Automotive Painter - 2nd Shift **$3K Sign-on Bonus**","US-WI Waukesha Factory","https://terex.wd1.myworkdayjobs.com/en-US/terexcareers/job/US-WI-Waukesha-Factory/Automotive-Painter---2nd-Shift----3K-Sign-on-Bonus--_REQ-12146","Posted 14 Days Ago",""
"terex","Finish Painter - 2nd Shift **3k Sign on Bonus**","US-WI Waukesha Factory","https://terex.wd1.myworkdayjobs.com/en-US/terexcareers/job/US-WI-Waukesha-Factory/Finish-Painter---2nd-Shift---3k-Sign-on-Bonus--_REQ-12145","Posted 14 Days Ago",""
"The Walt Disney Company","Procurement Specialist (Project Hire/Internal Assignment)","Anaheim, CA, USA","https://disney.wd5.myworkdayjobs.com/en-US/disneycareer/job/Anaheim-CA-USA/Procurement-Specialist--Project-Hire-Internal-Assignment-_10146446","Posted Yesterday",""
"STANDARD & POOR'S FINANCIAL SERVICE","Software Engineer - Mobility","New York, NY","https://spgi.wd5.myworkdayjobs.com/en-US/SPGI_Careers/job/New-York-NY/Software-Engineer---Mobility_326073-1","Posted 7 Days Ago",""
"STANDARD & POOR'S FINANCIAL SERVICE","Summer Intern- Tax Product Specialist","New York, NY","https://spgi.wd5.myworkdayjobs.com/en-US/SPGI_Careers/job/New-York-NY/Summer-Intern--Tax-Product-Specialist_327066-2","Posted 7 Days Ago",""
"STANDARD & POOR'S FINANCIAL SERVICE","Data Scientist","IN - HYDERABAD SKYVIEW","https://spgi.wd5.myworkdayjobs.com/en-US/SPGI_Careers/job/IN---HYDERABAD-SKYVIEW/Data-Intelligence-Engineer_324266","Posted 7 Days Ago",""
"The Toro","Paint and Weld Supervisor - The Toro Company","Windom, MN","https://ttc.wd1.myworkdayjobs.com/en-US/Toro_External_Careers/job/Windom-MN/Paint-and-Weld-Supervisor---The-Toro-Company_JR14750","Posted 30+ Days Ago",""
"The Toro","Material Handler - Ditch Witch (All Shifts)","Perry, OK","https://ttc.wd1.myworkdayjobs.com/en-US/Toro_External_Careers/job/Perry-OK/Material-Handler---Ditch-Witch--Night-Shift-_JR14006","Posted 30+ Days Ago",""
"The Walt Disney Company","WDI Franchise Planning Intern, Glendale, Summer/Fall 2026","Glendale, CA, USA","https://disney.wd5.myworkdayjobs.com/en-US/disneycareer/job/Glendale-CA-USA/WDI-Franchise-and-Partnership-Intern--Glendale--Summer-Fall-2026_10141071-2","Posted Yesterday",""
"SRK Supplylogix LLC","AI Engineer","USA, VA, Richmond","https://mckesson.wd3.myworkdayjobs.com/en-US/External_Careers/job/USA-VA-Richmond/AI-Engineer_JR0140567","Posted 8 Days Ago",""
"The Walt Disney Company","Yellow Shoes Planning Innovation Intern, Summer/Fall 2026","Celebration, FL, USA","https://disney.wd5.myworkdayjobs.com/en-US/disneycareer/job/Celebration-FL-USA/Yellow-Shoes-Planning-Innovation-Intern--Summer-Fall-2026_10139196","Posted 2 Days Ago",""
"The Walt Disney Company","WDI Project Controls Planning Intern, Summer/Fall 2026","Lake Buena Vista, FL, USA","https://disney.wd5.myworkdayjobs.com/en-US/disneycareer/job/Lake-Buena-Vista-FL-USA/WDI-Project-Controls-Planning-Intern--Summer-Fall-2026_10140055","Posted 2 Days Ago",""
"STANDARD & POOR'S FINANCIAL SERVICE","Summer Intern - Business Analytics & Insights","Dallas, TX","https://spgi.wd5.myworkdayjobs.com/en-US/SPGI_Careers/job/Dallas-TX/Summer-Intern---Business-Analytics---Insights_326449-1","Posted 8 Days Ago",""
"The Walt Disney Company","Project Engineer - Project Hire/Internal Assignment","Glendale, CA, USA","https://disney.wd5.myworkdayjobs.com/en-US/disneycareer/job/Glendale-CA-USA/Project-Engineer---Project-Hire-Internal-Assignment_10142309","Posted 3 Days Ago",""
"terex","Material Handler","US-MO Mount Vernon","https://terex.wd1.myworkdayjobs.com/en-US/terexcareers/job/US-MO-Mount-Vernon/Material-Handler_REQ-11853-1","Posted 30+ Days Ago",""
"terex","AI Engineer III","USA, TX, Austin","https://terex.wd1.myworkdayjobs.com/en-US/terexcareers/job/USA-TX-Austin/AI-Engineer-III_REQ-11566-1","Posted 30+ Days Ago",""
"The Walt Disney Company","Decision Science Product Graduate Associate, AI, Summer/Fall 2026","Lake Buena Vista, FL, USA","https://disney.wd5.myworkdayjobs.com/en-US/disneycareer/job/Lake-Buena-Vista-FL-USA/Decision-Science-Product-Graduate-Associate--AI--Summer-Fall-2026_10142061-1","Posted 3 Days Ago",""
"STANDARD & POOR'S FINANCIAL SERVICE","Summer Intern - Product Corporate Actions","New York, NY","https://spgi.wd5.myworkdayjobs.com/en-US/SPGI_Careers/job/New-York-NY/XMLNAME-2026-Summer-Intern---Product-Corporate-Actions_326599-1","Posted 9 Days Ago",""
"The Walt Disney Company","Entertainment Project Coordinator, Technical (Project Hire/Internal Assignment)","Glendale, CA, USA","https://disney.wd5.myworkdayjobs.com/en-US/disneycareer/job/Glendale-CA-USA/Entertainment-Project-Coordinator--Technical--Project-Hire-Internal-Assignment-_10146349","Posted 6 Days Ago",""
"The Walt Disney Company","WABC - TV (ABC7) Programming Intern, Summer/Fall 2026","New York, NY, USA","https://disney.wd5.myworkdayjobs.com/en-US/disneycareer/job/New-York-NY-USA/WABC---TV--ABC7--Programming-Intern--Summer-Fall-2026_10138638","Posted 6 Days Ago",""
"The Walt Disney Company","ABC News Podcast Production Intern, Summer/Fall 2026","New York, NY, USA","https://disney.wd5.myworkdayjobs.com/en-US/disneycareer/job/New-York-NY-USA/ABC-News-Podcast-Production-Intern--Summer-Fall-2026_10146302-2","Posted 6 Days Ago",""
"terex","Tax Intern","US-CT Norwalk","https://terex.wd1.myworkdayjobs.com/en-US/terexcareers/job/US-CT-Norwalk/Tax-Intern_REQ-11276","Posted 30+ Days Ago",""
"terex","Mobile Field Service Technician - Maine","USA, TX, San Antonio","https://terex.wd1.myworkdayjobs.com/en-US/terexcareers/job/USA-TX-San-Antonio/Mobile-Field-Mechanic--Bangor--Maine_REQ-7424-1","Posted 30+ Days Ago",""
"terex","Finish Painter - 2nd Shift **$1k Sign-On Bonus**","USA, SD, Watertown","https://terex.wd1.myworkdayjobs.com/en-US/terexcareers/job/USA-SD-Watertown/Finish-Painter---2nd-Shift----1k-Sign-On-Bonus--_REQ-11518","Posted 30+ Days Ago",""
"terex","Finish Painter","USA, SD, Watertown","https://terex.wd1.myworkdayjobs.com/en-US/terexcareers/job/USA-SD-Watertown/Finish-Painter_REQ-11517","Posted 30+ Days Ago",""
"The Walt Disney Company","Fire Captain","Glendale, CA, USA","https://disney.wd5.myworkdayjobs.com/en-US/disneycareer/job/Glendale-CA-USA/Fire-Captain_10135520","Posted 8 Days Ago",""
"terex","Painter B **$1k Sign-On Bonus**","USA, SD, Watertown","https://terex.wd1.myworkdayjobs.com/en-US/terexcareers/job/USA-SD-Watertown/Painter-B----1k-Sign-On-Bonus--_REQ-11520","Posted 30+ Days Ago",""
"The Walt Disney Company","Sports Data Engineer","Bristol, CT, USA","https://disney.wd5.myworkdayjobs.com/en-US/disneycareer/job/Bristol-CT-USA/Sports-Data-Engineer_10145511","Posted 9 Days Ago",""
"STANDARD & POOR'S FINANCIAL SERVICE","People Team Intern","New York, NY","https://spgi.wd5.myworkdayjobs.com/en-US/SPGI_Careers/job/New-York-NY/People-Team-Intern_327158-1","Posted 13 Days Ago",""
"terex","Data Engineer","IN-Bangalore","https://terex.wd1.myworkdayjobs.com/en-US/terexcareers/job/IN-Bangalore/Data-Engineer_REQ-10065","Posted 30+ Days Ago",""
"terex","Quality Engineer Intern","USA, SD, Watertown","https://terex.wd1.myworkdayjobs.com/en-US/terexcareers/job/USA-SD-Watertown/Quality-Engineer-Intern_REQ-10219","Posted 30+ Days Ago",""
"The Walt Disney Company","Junior Compositor","San Francisco, CA, USA","https://disney.wd5.myworkdayjobs.com/en-US/disneycareer/job/San-Francisco-CA-USA/Junior-Compositor_10146238","Posted 10 Days Ago",""
"The Walt Disney Company","20/20 Production Intern, Summer/Fall 2026","New York, NY, USA","https://disney.wd5.myworkdayjobs.com/en-US/disneycareer/job/New-York-NY-USA/XMLNAME-20-20-Production-Intern--Summer-Fall-2026_10138128-2","Posted 10 Days Ago",""
"SRK Supplylogix LLC","Material Handler Specialist","USA, VA, Clear Brook","https://mckesson.wd3.myworkdayjobs.com/en-US/External_Careers/job/USA-VA-Clear-Brook/Material-Handler-Specialist_JR0144209","Posted 16 Days Ago",""
"The Walt Disney Company","WABC Newscast Producer - Daily Hire","New York, NY, USA","https://disney.wd5.myworkdayjobs.com/en-US/disneycareer/job/New-York-NY-USA/WABC-Newscast-Producer---Daily-Hire_10146239","Posted 14 Days Ago",""
"The Walt Disney Company","Software Engineer II - Data Transformation","New York, NY, USA","https://disney.wd5.myworkdayjobs.com/en-US/disneycareer/job/New-York-NY-USA/Software-Engineer-II---Data-Transformation_10141158","Posted 14 Days Ago",""
"The Walt Disney Company","Software Engineer II - Data Ingestion & Data Store","New York, NY, USA","https://disney.wd5.myworkdayjobs.com/en-US/disneycareer/job/New-York-NY-USA/Software-Engineer-II---Data-Ingestion---Data-Store_10141160-1","Posted 14 Days Ago",""
"STANDARD & POOR'S FINANCIAL SERVICE","Product Specialist Intern - ETF & Benchmark Solutions (Early Careers)","New York, NY","https://spgi.wd5.myworkdayjobs.com/en-US/SPGI_Careers/job/New-York-NY/Product-Specialist-Intern---ETF---Benchmark-Solutions--Early-Careers-_321941","Posted 15 Days Ago",""
"SRK Supplylogix LLC","Operations Trainer - Distribution Center","USA, MS, Olive Branch","https://mckesson.wd3.myworkdayjobs.com/en-US/External_Careers/job/USA-MS-Olive-Branch/Operations-Trainer---Distribution-Center_JR0144334","Posted 21 Days Ago",""
"STANDARD & POOR'S FINANCIAL SERVICE","Summer Intern, Implementation Specialist / Analyst – Loan Platforms","Dallas, TX","https://spgi.wd5.myworkdayjobs.com/en-US/SPGI_Careers/job/Dallas-TX/Summer-Intern--Implementation-Specialist---Analyst---Loan-Platforms_326726-1","Posted 15 Days Ago",""
"STANDARD & POOR'S FINANCIAL SERVICE","AD - Engineering - Java {Backend}","IN - HYDERABAD ORION","https://spgi.wd5.myworkdayjobs.com/en-US/SPGI_Careers/job/IN---HYDERABAD-ORION/Associate-Director--Data-Engineering--J2EE-Angular-React-Full-Stack-Individual-Contributor-_312492-1","Posted 15 Days Ago",""
"STANDARD & POOR'S FINANCIAL SERVICE","DevOps Engineer - Mobility","New York, NY","https://spgi.wd5.myworkdayjobs.com/en-US/SPGI_Careers/job/New-York-NY/DevOps-Engineer---Mobility_324809-2","Posted 16 Days Ago",""
"SRK Supplylogix LLC","Material Handler Specialist - Warehouse","USA, KY, Erlanger","https://mckesson.wd3.myworkdayjobs.com/en-US/External_Careers/job/USA-KY-Erlanger/Material-Handler-Specialist---Warehouse_JR0143413","Posted 23 Days Ago",""
"The Walt Disney Company","Software Engineer - Interactive Visualization","Burbank, CA, USA","https://disney.wd5.myworkdayjobs.com/en-US/disneycareer/job/Burbank-CA-USA/Software-Engineer---Interactive-Visualization_10145212","Posted 28 Days Ago",""
"State Street","State Street - Global Delivery - Alpha Operations Summer Internship 2026","Sacramento, California","https://statestreet.wd1.myworkdayjobs.com/en-US/Global/job/Sacramento-California/State-Street---Global-Delivery---Alpha-Operations-Summer-Internship-2026_R-783053","Posted 7 Days Ago",""
"State Street","OTC Alpha Product,6 Months Full-time Internship (Jul- Dec 2026)","Boston, Massachusetts","https://statestreet.wd1.myworkdayjobs.com/en-US/Global/job/Boston-Massachusetts/OTC-Alpha-Product-6-Months-Full-time-Internship--Jul--Dec-2026-_R-787072","Posted 7 Days Ago",""
"The Walt Disney Company","Ingénieur(e) Mécanique (terrain) F/H/NB - CDI","Marne la Vallee Cedex 4, France","https://disney.wd5.myworkdayjobs.com/en-US/disneycareer/job/Marne-la-Vallee-Cedex-4-France/Ingnieur-e--Mcanique--terrain--F-H-NB---CDI_10143890","Posted 29 Days Ago",""
"SRK Supplylogix LLC","Material Handler Specialist, Distribution Center","USA, VA, Clear Brook","https://mckesson.wd3.myworkdayjobs.com/en-US/External_Careers/job/USA-VA-Clear-Brook/Material-Handler-Specialist--Distribution-Center_JR0144050-1","Posted 27 Days Ago",""
"STANDARD & POOR'S FINANCIAL SERVICE","Corporate Actions Intern","New York, NY","https://spgi.wd5.myworkdayjobs.com/en-US/SPGI_Careers/job/New-York-NY/Corporate-Actions-Intern_326482-1","Posted 22 Days Ago",""
"The Walt Disney Company","Contrôleur(euse) Qualité Pièces Mécaniques (Poste Terrain) F/H/NB - CDI","Marne la Vallee Cedex 4, France","https://disney.wd5.myworkdayjobs.com/en-US/disneycareer/job/Marne-la-Vallee-Cedex-4-France/Contrleur-euse--Qualit-Pices-Mcaniques--Poste-Terrain--F-H-NB---CDI_10143017","Posted 30+ Days Ago",""
"STANDARD & POOR'S FINANCIAL SERVICE","Engineer III, Software Development","New York, NY","https://spgi.wd5.myworkdayjobs.com/en-US/SPGI_Careers/job/New-York-NY/Engineer-III--Software-Development_316138-1","Posted 22 Days Ago",""
"STANDARD & POOR'S FINANCIAL SERVICE","AI Agent Developer, Summer Intern","Princeton, NJ","https://spgi.wd5.myworkdayjobs.com/en-US/SPGI_Careers/job/Princeton-NJ/AI-Agent-Developer--Summer-Intern_325750-1","Posted 23 Days Ago",""
"State Street","SW Engineer I – Full Stack, Officer","Burlington Massachusetts","https://statestreet.wd1.myworkdayjobs.com/en-US/Global/job/Burlington-Massachusetts/SW-Engineer-I---Full-Stack--Officer_R-785495","Posted 9 Days Ago",""
"The Walt Disney Company","KGO - Meteorologist/Weather Anchor (Daily Hire)","San Francisco, CA, USA","https://disney.wd5.myworkdayjobs.com/en-US/disneycareer/job/San-Francisco-CA-USA/KGO---Meteorologist-Weather-Anchor--Daily-Hire-_10133733","Posted 30+ Days Ago",""
"STANDARD & POOR'S FINANCIAL SERVICE","Data Analyst, Compliance","US - NY NYC - 55 WATER ST 40 HRS","https://spgi.wd5.myworkdayjobs.com/en-US/SPGI_Careers/job/US---NY-NYC---55-WATER-ST-40-HRS/Data-Analyst--Compliance_325090-1","Posted 29 Days Ago",""
"STANDARD & POOR'S FINANCIAL SERVICE","Summer Intern - Product Management","Dallas, TX","https://spgi.wd5.myworkdayjobs.com/en-US/SPGI_Careers/job/Dallas-TX/Summer-Intern---Product-Management_326496-1","Posted 29 Days Ago",""
"STANDARD & POOR'S FINANCIAL SERVICE","WSO Core Operations, Intern","Dallas, TX","https://spgi.wd5.myworkdayjobs.com/en-US/SPGI_Careers/job/Dallas-TX/WSO-Core-Operations--Intern_326308-1","Posted 30 Days Ago",""
"STANDARD & POOR'S FINANCIAL SERVICE","Tax Compliance Intern","Massachusetts, US","https://spgi.wd5.myworkdayjobs.com/en-US/SPGI_Careers/job/Massachusetts-US/Tax-Compliance-Intern_326316-1","Posted 30 Days Ago",""
"SRK Supplylogix LLC","Consolidated Mail Outpatient Pharmacy (CMOP) Coordinator (Conroe, TX)","USA, TX, Conroe","https://mckesson.wd3.myworkdayjobs.com/en-US/External_Careers/job/USA-TX-Conroe/Consolilidated-Mail-Outpatient-Pharmacy--CMOP--Coordinator--Conroe-TX-_JR0142998","Posted 30+ Days Ago",""
"STANDARD & POOR'S FINANCIAL SERVICE","Counterparty Analyst Intern","Dallas, TX","https://spgi.wd5.myworkdayjobs.com/en-US/SPGI_Careers/job/Dallas-TX/Counterparty-Analyst-Intern_326497-1","Posted 30+ Days Ago",""
"STANDARD & POOR'S FINANCIAL SERVICE","WSO Operations Intern (Early Careers)","Dallas, TX","https://spgi.wd5.myworkdayjobs.com/en-US/SPGI_Careers/job/Dallas-TX/WSO-Operations-Intern--Early-Careers-_326382-1","Posted 30+ Days Ago",""
"State Street","State Street Global Delivery - AIS Summer Internship 2026","Sacramento, California","https://statestreet.wd1.myworkdayjobs.com/en-US/Global/job/Sacramento-California/State-Street-Global-Delivery---AIS-Summer-Internship-2026_R-783044","Posted 10 Days Ago",""
"SRK Supplylogix LLC","Operations Intern - Summer 2026 - Shepherdsville, KY","USA, KY, Shepherdsville","https://mckesson.wd3.myworkdayjobs.com/en-US/External_Careers/job/USA-KY-Shepherdsville/Operations-Intern---Summer-2026---Shepherdsville--KY_JR0142804","Posted 30+ Days Ago",""
"SRK Supplylogix LLC","Operations Intern - Summer 2026 - Olive Branch, MS","USA, MS, Olive Branch","https://mckesson.wd3.myworkdayjobs.com/en-US/External_Careers/job/USA-MS-Olive-Branch/Operations-Intern---Summer-2026---Olive-Branch--MS_JR0142624","Posted 30+ Days Ago",""
"State Street","Software Developer, Officer","Quincy, Massachusetts","https://statestreet.wd1.myworkdayjobs.com/en-US/Global/job/Quincy-Massachusetts/Software-Developer--Officer_R-786294-1","Posted 13 Days Ago",""
"SRK Supplylogix LLC","Operations Intern - Summer 2026 - Memphis, TN (FDC)","USA, TN, Memphis","https://mckesson.wd3.myworkdayjobs.com/en-US/External_Careers/job/USA-TN-Memphis/Operations-Intern---Summer-2026---Memphis--TN--FDC-_JR0138782","Posted 30+ Days Ago",""
"SRK Supplylogix LLC","OBF Specialty Operations Intern - Summer 2026 - Olive Branch, MS","USA, MS, Olive Branch","https://mckesson.wd3.myworkdayjobs.com/en-US/External_Careers/job/USA-MS-Olive-Branch/OBF-Specialty-Operations-Intern---Summer-2026---Olive-Branch--MS_JR0140226","Posted 30+ Days Ago",""
"State Street","International Tax Analyst (Officer)","Boston, Massachusetts","https://statestreet.wd1.myworkdayjobs.com/en-US/Global/job/Boston-Massachusetts/Finance-Tax--Off_R-786435","Posted 14 Days Ago",""
"STANDARD & POOR'S FINANCIAL SERVICE","Software Engineer","US - MI - SOUTHFIELD 26533 EVERGREEN ROAD","https://spgi.wd5.myworkdayjobs.com/en-US/SPGI_Careers/job/US---MI---SOUTHFIELD-26533-EVERGREEN-ROAD/Software-Engineer_324800-1","Posted 30+ Days Ago",""
"STANDARD & POOR'S FINANCIAL SERVICE","Cloud Platform and DevOps Engineer","Michigan, US","https://spgi.wd5.myworkdayjobs.com/en-US/SPGI_Careers/job/Michigan-US/Cloud-DevOps-Engineer_322581","Posted 30+ Days Ago",""
"STANDARD & POOR'S FINANCIAL SERVICE","Release Train Engineer (RTE)","Houston, TX","https://spgi.wd5.myworkdayjobs.com/en-US/SPGI_Careers/job/Houston-TX/Release-Train-Engineer--RTE-_325130-1","Posted 30+ Days Ago",""
"State Street","Software Engineering & Development, MD","Quincy, Massachusetts","https://statestreet.wd1.myworkdayjobs.com/en-US/Global/job/Quincy-Massachusetts/IT-Prog---Proj-Mngmt---BA--MD_R-786163","Posted 16 Days Ago",""
"State Street","Software Engineer I, Officer","Burlington Massachusetts","https://statestreet.wd1.myworkdayjobs.com/en-US/Global/job/Burlington-Massachusetts/Software-Engineer-I--Officer_R-785261","Posted 16 Days Ago",""
"State Street","Investment Management 6 Months Full-time Internship (Jul- Dec 2026)","Boston, Massachusetts","https://statestreet.wd1.myworkdayjobs.com/en-US/Global/job/Boston-Massachusetts/Investment-Management-6-Months-Full-time-Internship--Jul--Dec-2026-_R-786135-1","Posted 16 Days Ago",""
"State Street","Alpha Inkind Product 6 Months Full-time Internship (Jul- Dec 2026)","Quincy, Massachusetts","https://statestreet.wd1.myworkdayjobs.com/en-US/Global/job/Quincy-Massachusetts/Alpha-Inkind-Product-6-Months-Full-time-Internship--Jul--Dec-2026-_R-786054","Posted 17 Days Ago",""
"State Street","Alpha Business Architecture, 6 Months Full-time Internship (Jul- Dec 2026)","Clifton, New Jersey","https://statestreet.wd1.myworkdayjobs.com/en-US/Global/job/Clifton-New-Jersey/Alpha-Business-Architecture--6-Months-Full-time-Internship--Jul--Dec-2026-_R-786049","Posted 17 Days Ago",""
"STANDARD & POOR'S FINANCIAL SERVICE","Intern, Mobility Consulting (6 months Internship)","Frankfurt, DE","https://spgi.wd5.myworkdayjobs.com/en-US/SPGI_Careers/job/Frankfurt-DE/Intern--Mobility-Consulting--6-months-Internship-_324997","Posted 30+ Days Ago",""
"TigerGraph ","Software Engineer","Santa Clara, CA","https://job-boards.greenhouse.io/tigergraph/jobs/7362523","2025-10-29T15:33:34-04:00","2025-10-29T15:33:34-04:00"
"State Street","Software Engineer II - Java, Officer","Burlington Massachusetts","https://statestreet.wd1.myworkdayjobs.com/en-US/Global/job/Burlington-Massachusetts/Software-Engineer-II---Java--Officer_R-785260","Posted 17 Days Ago",""
"STANDARD & POOR'S FINANCIAL SERVICE","Analyst, Data Management - Fixed Income Indices","Dallas, TX","https://spgi.wd5.myworkdayjobs.com/en-US/SPGI_Careers/job/Dallas-TX/Analyst--Data-Management---Fixed-Income-Indices_319188","Posted 30+ Days Ago",""
"State Street","Middle Office - Assoicate 2","Sacramento, California","https://statestreet.wd1.myworkdayjobs.com/en-US/Global/job/Sacramento-California/Middle-Office---Assoicate-2_R-785851-1","Posted 21 Days Ago",""
"State Street","AIS Centralized Pricing- Associate 2","Sacramento, California","https://statestreet.wd1.myworkdayjobs.com/en-US/Global/job/Sacramento-California/AIS-Centralized-Pricing--Associate-2_R-785841","Posted 21 Days Ago",""
"STANDARD & POOR'S FINANCIAL SERVICE","Release Train Engineer (RTE)","Princeton, NJ","https://spgi.wd5.myworkdayjobs.com/en-US/SPGI_Careers/job/Princeton-NJ/Release-Train-Engineer--RTE-_323425","Posted 30+ Days Ago",""
"State Street","Alternative Investment Services Middle Office Treasury, Officer","Princeton, New Jersey","https://statestreet.wd1.myworkdayjobs.com/en-US/Global/job/Princeton-New-Jersey/Alternative-Investment-Services-Middle-Office-Treasury--Officer_R-785748","Posted 21 Days Ago",""
"State Street","Alpha Data Services – Data Analyst  (US) – Officer","Clifton, New Jersey","https://statestreet.wd1.myworkdayjobs.com/en-US/Global/job/Clifton-New-Jersey/Alpha-Data-Services---Data-Analyst---US----Officer_R-785720","Posted 22 Days Ago",""
"Toast","PeopleHub Intern","Boston, MA","https://careers.toasttab.com/jobs?gh_jid=7768523","2026-03-31T11:27:13-04:00","2026-04-01T10:13:33-04:00"
"State Street","Software Engineering and Development","Burlington Massachusetts","https://statestreet.wd1.myworkdayjobs.com/en-US/Global/job/Burlington-Massachusetts/Software-Engineering-and-Development_R-785488","Posted 24 Days Ago",""
"Travellers","Data Engineer II (Snowflake, Databricks, Ab Initio)","CT - Hartford","https://travelers.wd5.myworkdayjobs.com/en-US/External/job/CT---Hartford/Data-Engineer-II--Snowflake--Databricks--Ab-Initio-_R-49849","Posted Yesterday",""
"Travellers","Data Engineer I (ETL, PySpark, SQL)","GA - Atlanta","https://travelers.wd5.myworkdayjobs.com/en-US/External/job/GA---Atlanta/Data-Engineer-I--ETL--PySpark--SQL-_R-49836","Posted 2 Days Ago",""
"State Street","IT Business Analyst – Data & Regulatory Reporting, Fulltime Internship (July - Dec 2026)","Quincy, Massachusetts","https://statestreet.wd1.myworkdayjobs.com/en-US/Global/job/Quincy-Massachusetts/IT-Business-Analyst---Data---Regulatory-Reporting--Fulltime-Internship--July---Dec-2026-_R-784963","Posted 30+ Days Ago",""
"State Street","Business Analyst - Market Data Interfaces","Burlington Massachusetts","https://statestreet.wd1.myworkdayjobs.com/en-US/Global/job/Burlington-Massachusetts/Business-Analyst-EDM-and-Data-Warhouse-2_R-783215","Posted 30+ Days Ago",""
"State Street","CLO & Private Credit, 6 Months Full-time Internship (Jul- Dec 2026)","Boston, Massachusetts","https://statestreet.wd1.myworkdayjobs.com/en-US/Global/job/Boston-Massachusetts/CLO---Private-Credit--6-Months-Full-time-Internship--Jul--Dec-2026-_R-784730","Posted 30+ Days Ago",""
"State Street","GPD - Check Reconcilement Specialist, 6 Months Full-time Internship (Jul- Dec 2026)","Quincy, Massachusetts","https://statestreet.wd1.myworkdayjobs.com/en-US/Global/job/Quincy-Massachusetts/GPD---Check-Reconcilement-Specialist--6-Months-Full-time-Internship--Jul--Dec-2026-_R-784718-1","Posted 30+ Days Ago",""
"State Street","Wealth R&D Product, 6 Months Full-time Internship (Jul- Dec 2026)","Boston, Massachusetts","https://statestreet.wd1.myworkdayjobs.com/en-US/Global/job/Boston-Massachusetts/Wealth-R-D-Product--6-Months-Full-time-Internship--Jul--Dec-2026-_R-784536","Posted 30+ Days Ago",""
"Travellers","Software Engineer I (Java, Business Rules)","CT - Hartford","https://travelers.wd5.myworkdayjobs.com/en-US/External/job/CT---Hartford/Software-Engineer-I--Java--Business-Rules-_R-49044","Posted 9 Days Ago",""
"Tricentis ","AI Solutions Engineer","Austin, Texas","https://tricentis.wd1.myworkdayjobs.com/en-US/Tricentis_Careers/job/Austin-Texas/AI-Solutions-Engineer_JR105558","Posted 23 Days Ago",""
"State Street","Application, Infrastructure & Service Management","Quincy, Massachusetts","https://statestreet.wd1.myworkdayjobs.com/en-US/Global/job/Quincy-Massachusetts/Application--Infrastructure---Service-Management_R-784009","Posted 30+ Days Ago",""
"Truveta","Agentic AI Software Testing Intern – Intelligence Platform (IPA)","Seattle, WA","https://job-boards.greenhouse.io/truveta/jobs/5837714004","2026-03-25T19:07:58-04:00","2026-03-25T19:07:58-04:00"
"Truveta","Machine Learning Engineer - LLMs & Generative AI","Seattle, WA","https://job-boards.greenhouse.io/truveta/jobs/5555763004","2025-06-02T19:05:37-04:00","2026-02-12T19:07:27-05:00"
"Truveta","ML PhD Intern - LLMs & Generative AI","Seattle, WA","https://job-boards.greenhouse.io/truveta/jobs/5712997004","2025-11-19T18:18:43-05:00","2026-02-12T19:07:27-05:00"
"Truveta","ML Postdoc Researcher - LLMs & Generative AI","Seattle, WA","https://job-boards.greenhouse.io/truveta/jobs/5424558004","2025-01-21T14:31:43-05:00","2026-02-12T19:07:27-05:00"
"Truveta","Real World Data Analyst","Seattle, WA","https://job-boards.greenhouse.io/truveta/jobs/5821336004","2026-03-06T17:30:01-05:00","2026-03-06T19:51:55-05:00"
"Truveta","Software Engineer - Person Matching","Seattle, WA","https://job-boards.greenhouse.io/truveta/jobs/5817190004","2026-03-02T17:34:13-05:00","2026-03-02T17:34:13-05:00"
"Truveta","Summer 2026 Engineering Intern","Seattle, WA","https://job-boards.greenhouse.io/truveta/jobs/5659745004","2026-02-24T19:35:35-05:00","2026-02-24T19:36:37-05:00"
"Twilio","Analyst Relations Intern","Remote - US","https://job-boards.greenhouse.io/twilio/jobs/7748959","2026-03-26T15:03:52-04:00","2026-03-26T16:36:59-04:00"
"Twilio","Evangelist Intern","Remote - US","https://job-boards.greenhouse.io/twilio/jobs/7728956","2026-03-24T10:11:50-04:00","2026-03-26T16:35:26-04:00"
"Twilio","Product Engineer (Backend)","Remote - US","https://job-boards.greenhouse.io/twilio/jobs/7671815","2026-03-04T15:54:02-05:00","2026-04-01T18:47:16-04:00"
"Twilio","Software Architect, Reliability Engineering","Remote - US","https://job-boards.greenhouse.io/twilio/jobs/7658259","2026-02-26T13:48:21-05:00","2026-03-26T14:32:19-04:00"
"Twilio","Software Engineer","Remote - US","https://job-boards.greenhouse.io/twilio/jobs/7605743","2026-02-11T14:21:18-05:00","2026-04-01T18:47:33-04:00"
"Twilio","Software Engineer (L1)","Remote - US","https://job-boards.greenhouse.io/twilio/jobs/7681338","2026-03-27T10:40:28-04:00","2026-03-27T10:40:28-04:00"
"Twilio","Software Engineer, (L2) Audiences & Journeys","Remote - US","https://job-boards.greenhouse.io/twilio/jobs/7602727","2026-02-19T10:12:52-05:00","2026-03-30T16:02:55-04:00"
"Twilio","Software Engineer L3 Phone Numbers","Remote - US","https://job-boards.greenhouse.io/twilio/jobs/7724877","2026-03-26T18:22:01-04:00","2026-03-26T18:22:01-04:00"
"Twilio","Technical Video Content Intern, Developer Ecosystem","Remote - US","https://job-boards.greenhouse.io/twilio/jobs/7748961","2026-03-26T13:12:45-04:00","2026-03-26T16:37:39-04:00"
"Twilio","Video Producer Intern","Remote - US","https://job-boards.greenhouse.io/twilio/jobs/7748964","2026-03-26T13:04:50-04:00","2026-03-26T16:38:09-04:00"
"Twitch","Data Scientist","San Francisco, CA","https://job-boards.greenhouse.io/twitch/jobs/8401220002","2026-02-03T16:55:57-05:00","2026-03-24T16:04:04-04:00"
"Twitch","Software Development Engineer, Onboarding/Payouts","San Francisco, CA","https://job-boards.greenhouse.io/twitch/jobs/8369609002","2026-01-15T17:30:23-05:00","2026-03-24T16:04:04-04:00"
"Twitch","Software Engineer","Seattle, WA","https://job-boards.greenhouse.io/twitch/jobs/8186269002","2025-09-26T16:34:43-04:00","2026-03-24T16:04:04-04:00"
"Twitch","Software Engineer, Creator Sponsorships","San Francisco, CA","https://job-boards.greenhouse.io/twitch/jobs/8345959002","2025-12-18T17:17:01-05:00","2026-03-24T16:04:04-04:00"
"Twitch","Software Engineer I - Ads Demand Enablement","San Francisco, CA","https://job-boards.greenhouse.io/twitch/jobs/8162197002","2026-01-08T14:36:18-05:00","2026-03-24T16:04:04-04:00"
"Twitch","Software Engineer I, Commerce Engineering","Seattle, WA","https://job-boards.greenhouse.io/twitch/jobs/8459320002","2026-03-25T16:08:02-04:00","2026-03-25T16:12:09-04:00"
"Twitch","Software Engineer I, Commerce Engineering","San Francisco, CA","https://job-boards.greenhouse.io/twitch/jobs/8457711002","2026-03-25T16:08:01-04:00","2026-03-25T16:12:08-04:00"
"Twitch","Software Engineer I, Community Growth","San Francisco, CA","https://job-boards.greenhouse.io/twitch/jobs/8468673002","2026-03-18T18:18:42-04:00","2026-03-24T16:04:04-04:00"
"Twitch","Software Engineer II, Android","San Francisco, CA","https://job-boards.greenhouse.io/twitch/jobs/8390044002","2026-03-31T16:51:38-04:00","2026-03-31T16:51:38-04:00"
"Twitch","Software Engineer I, Monetization ML","San Francisco, CA","https://job-boards.greenhouse.io/twitch/jobs/8417166002","2026-02-10T15:08:31-05:00","2026-03-24T16:04:04-04:00"
"Twitch","Software Engineer I, Monetization ML","Seattle, WA","https://job-boards.greenhouse.io/twitch/jobs/8417224002","2026-02-10T15:08:31-05:00","2026-03-24T16:04:04-04:00"
"Twitch","Software Engineer I, Streamer Monetization Experience","Seattle, WA","https://job-boards.greenhouse.io/twitch/jobs/8470752002","2026-03-23T15:29:09-04:00","2026-03-24T16:04:04-04:00"
"Twitch","Software Engineer I, Twitch Chat","San Francisco, CA","https://job-boards.greenhouse.io/twitch/jobs/8447271002","2026-03-06T14:08:31-05:00","2026-03-24T16:04:04-04:00"
"Twitch","Software Engineer, ML Products","San Francisco, CA","https://job-boards.greenhouse.io/twitch/jobs/8183360002","2025-09-25T14:03:41-04:00","2026-03-24T16:04:04-04:00"
"Travellers","Outside Auto Appraiser","CA - San Diego","https://travelers.wd5.myworkdayjobs.com/en-US/External/job/CA---San-Diego/Outside-Auto-Appraiser_R-49430-1","Posted 22 Days Ago",""
"Typeface","ML Engineer Intern","Palo Alto, CA","https://job-boards.greenhouse.io/typeface/jobs/4986825007","2025-11-19T17:08:38-05:00","2026-01-21T15:46:30-05:00"
"Upstart","Data Science Intern","United States | Remote","https://careers.upstart.com/jobs?gh_jid=7338780","2026-01-26T16:00:41-05:00","2026-03-25T15:33:09-04:00"
"Upstart","Research Scientist Intern","United States | Remote","https://careers.upstart.com/jobs?gh_jid=7448874","2026-02-11T21:15:23-05:00","2026-03-25T15:33:09-04:00"
"Upstart","Software Engineer, Monetization ","United States | Remote","https://careers.upstart.com/jobs?gh_jid=7740261","2026-04-02T18:47:23-04:00","2026-04-02T19:04:15-04:00"
"Travellers","Quantum Algorithm Developer","CT - Hartford","https://travelers.wd5.myworkdayjobs.com/en-US/External/job/CT---Hartford/Quantum-Algorithm-Developer_R-49311","Posted 30 Days Ago",""
"Vast","CNC Programmer","Long Beach, California, United States","https://boards.greenhouse.io/vast/jobs/4664409006?gh_jid=4664409006","2026-03-17T21:20:17-04:00","2026-03-25T18:13:52-04:00"
"Vast","Teamcenter Application Engineer","Long Beach, California, United States","https://boards.greenhouse.io/vast/jobs/4602966006?gh_jid=4602966006","2025-09-19T11:20:18-04:00","2026-03-25T18:13:49-04:00"
"Travellers","Software Engineer I","CT - Hartford","https://travelers.wd5.myworkdayjobs.com/en-US/External/job/CT---Hartford/Software-Engineer-I_R-49164","Posted 30+ Days Ago",""
"USAA","AI/ML Engineer II","Phoenix Campus (Main)","https://usaa.wd1.myworkdayjobs.com/en-US/USAAJOBSWD/job/Phoenix-Campus-Main/AI-ML-Engineer-II_R0116705","Posted Yesterday",""
"Travellers","Data Engineer II (AWS, Snowflake, MongoDB)","CT - Hartford","https://travelers.wd5.myworkdayjobs.com/en-US/External/job/CT---Hartford/Data-Engineer-II--AWS--Snowflake--MongoDB-_R-48727","Posted 30+ Days Ago",""
"Travellers","Gen AI Data Engineer II","GA - Atlanta","https://travelers.wd5.myworkdayjobs.com/en-US/External/job/GA---Atlanta/Gen-AI-Data-Engineer-II_R-48452","Posted 30+ Days Ago",""
"Travellers","Software Engineer I (AWS)","CT - Hartford","https://travelers.wd5.myworkdayjobs.com/en-US/External/job/CT---Hartford/Software-Engineer-I_R-48464","Posted 30+ Days Ago",""
"Travellers","Underwriting Internship (Summer 2026): Bond and Specialty Insurance Underwriting","TX - Houston","https://travelers.wd5.myworkdayjobs.com/en-US/External/job/TX---Houston/Underwriting-Internship--Summer-2026---Bond-and-Specialty-Insurance-Underwriting_R-47034","Posted 30+ Days Ago",""
"Verkada ","Backend Engineer - Access Control","San Mateo, CA United States","https://job-boards.greenhouse.io/verkada/jobs/4915101007","2025-09-22T13:38:18-04:00","2026-03-09T13:31:14-04:00"
"Verkada ","Backend Engineer - Alerts and Operations","San Mateo, CA United States","https://job-boards.greenhouse.io/verkada/jobs/4128767007","2023-11-10T11:19:26-05:00","2026-03-09T13:31:11-04:00"
"Verkada ","Backend Software Engineer - University Graduate 2026","San Mateo, CA United States","https://job-boards.greenhouse.io/verkada/jobs/5026066007","2026-01-15T18:43:17-05:00","2026-03-09T13:31:13-04:00"
"Verkada ","Computer Vision Software Engineer - University Graduate 2026","San Mateo, CA United States","https://job-boards.greenhouse.io/verkada/jobs/5040765007","2026-02-03T13:24:02-05:00","2026-03-11T15:50:22-04:00"
"Verkada ","Frontend Software Engineer - University Graduate 2026","San Mateo, CA United States","https://job-boards.greenhouse.io/verkada/jobs/5026067007","2026-01-15T18:44:08-05:00","2026-03-09T13:31:14-04:00"
"Verkada ","MBA Intern - Hardware Operations","San Mateo, CA United States","https://job-boards.greenhouse.io/verkada/jobs/5021999007","2026-01-12T15:42:07-05:00","2026-03-09T13:31:15-04:00"
"Verkada ","MBA Intern - Product","San Mateo, CA United States","https://job-boards.greenhouse.io/verkada/jobs/4996420007","2025-12-05T15:17:01-05:00","2026-04-02T20:07:39-04:00"
"Verkada ","Site Reliability Engineer - Infrastructure","San Mateo, CA United States","https://job-boards.greenhouse.io/verkada/jobs/4129338007","2023-11-10T11:24:45-05:00","2026-03-09T13:31:11-04:00"
"Verkada ","Software Engineer - Computer Vision","San Mateo, CA United States","https://job-boards.greenhouse.io/verkada/jobs/4128624007","2023-11-10T11:24:46-05:00","2026-03-09T13:31:11-04:00"
"Verkada ","Software Engineer - Fleet Management","San Mateo, CA United States","https://job-boards.greenhouse.io/verkada/jobs/4135093007","2023-11-10T11:24:27-05:00","2026-03-09T13:31:11-04:00"
"Verkada ","Software Engineer - Imaging Systems","San Mateo, CA United States","https://job-boards.greenhouse.io/verkada/jobs/4134234007","2023-11-10T11:19:42-05:00","2026-03-09T13:31:11-04:00"
"Verkada ","Software Engineer, Platform Infrastructure","San Mateo, CA United States","https://job-boards.greenhouse.io/verkada/jobs/5029725007","2026-01-21T01:10:27-05:00","2026-03-09T13:31:13-04:00"
"Verkada ","Technical Support Engineering Intern - Fall 2026","San Mateo, CA United States","https://job-boards.greenhouse.io/verkada/jobs/5017082007","2026-01-09T15:09:54-05:00","2026-04-02T18:08:10-04:00"
"Verkada ","Technical Support Engineering Intern - Summer 2026","San Mateo, CA United States","https://job-boards.greenhouse.io/verkada/jobs/4838307007","2025-08-25T19:23:20-04:00","2026-04-02T18:08:00-04:00"
"Verkada ","Technical Support Engineer - University Graduate 2026","San Mateo, CA United States","https://job-boards.greenhouse.io/verkada/jobs/4715534007","2025-08-08T19:26:19-04:00","2026-04-02T18:06:23-04:00"
"Vermont Information Processing","Application Support Analyst","Colchester, Vermont, United States","https://job-boards.greenhouse.io/vipvermontinformationprocessing2/jobs/5046797007","2026-02-09T10:55:41-05:00","2026-03-17T08:14:54-04:00"
"Vermont Information Processing","Infant and Toddler Teacher","Colchester, Vermont, United States","https://job-boards.greenhouse.io/vipvermontinformationprocessing2/jobs/5062550007","2026-02-25T11:57:15-05:00","2026-03-31T15:16:47-04:00"
"Vermont Information Processing","Software Implementation Specialist","Colchester, VT","https://job-boards.greenhouse.io/vipvermontinformationprocessing2/jobs/5052266007","2026-02-13T10:31:44-05:00","2026-03-09T11:04:38-04:00"
"Veeva Systems","Associate Quality Engineer - Infrastructure","Massachusetts - Boston","https://jobs.lever.co/veeva/c45f9436-6174-4b16-9459-3bebb588b474","2022-11-18 23:13:23","N/A"
"Veeva Systems","Associate Software Engineer - Seeking 2025 & 2026 Grads","California - Pleasanton","https://jobs.lever.co/veeva/8fe22df0-02b4-453d-919c-c8998cf913f6","2025-08-20 21:41:24","N/A"
"Veeva Systems","Associate Software Engineer - Seeking 2025 & 2026 Grads","Ohio - Columbus","https://jobs.lever.co/veeva/907dccc7-0052-41e9-920b-28e5ba6aaba9","2025-08-20 21:40:56","N/A"
"Veeva Systems","Associate Software Engineer - Seeking 2025 & 2026 Grads","Missouri - Kansas City","https://jobs.lever.co/veeva/93aa70b0-3f70-449a-ab56-ffa7df61a488","2026-02-25 22:42:26","N/A"
"Veeva Systems","Associate Software Engineer - Seeking 2025 & 2026 Grads","North Carolina - Raleigh","https://jobs.lever.co/veeva/e31a2a3c-a508-459c-9f77-a2692a95f233","2025-10-24 20:51:57","N/A"
"Veeva Systems","Associate Software Engineer - Seeking 2026 Grads","Massachusetts - Boston","https://jobs.lever.co/veeva/52ba79af-1086-457d-b5d2-8e184f111ffd","2025-08-20 21:39:30","N/A"
"Veeva Systems","Associate Software Engineer in Test","California - Pleasanton","https://jobs.lever.co/veeva/452d7860-6d5f-45e0-bc00-6a2e8852698d","2025-01-30 18:46:32","N/A"
"Veeva Systems","Associate Software Engineer in Test","Massachusetts - Boston","https://jobs.lever.co/veeva/8683a486-a11b-44be-8824-d3afdaa37b2d","2024-06-06 18:42:08","N/A"
"Veeva Systems","eLearning Curriculum Developer - Veeva Safety","Massachusetts - Boston","https://jobs.lever.co/veeva/8ade6d2a-befa-465c-8ef7-e5f7080a5ed1","2025-11-21 16:42:38","N/A"
"Veeva Systems","General Application","Massachusetts - Boston","https://jobs.lever.co/veeva/23f7a166-8051-470b-80ad-c7e3879a33ea","2020-04-09 20:04:56","N/A"
"Veeva Systems","Intern Software Engineer (2026)","Massachusetts - Boston","https://jobs.lever.co/veeva/8fd7767d-b134-422c-890b-338ec2e79212","2026-03-19 19:48:42","N/A"
"Veeva Systems","Intern Software Engineer (Summer 2026)","California - Pleasanton","https://jobs.lever.co/veeva/4df9c2ca-d702-4d41-af82-290deff66564","2025-08-26 20:51:17","N/A"
"Veeva Systems","IT Application Support Analyst","Ohio - Columbus","https://jobs.lever.co/veeva/5185483a-9663-4567-a9c5-30c062d8e3d4","2026-04-02 14:40:39","N/A"
"Veeva Systems","Product Expert - Clinical Data Management Systems","Massachusetts - Boston","https://jobs.lever.co/veeva/3f8bbabf-5018-4d77-8019-ce164695af40","2026-03-05 21:40:16","N/A"
"Veeva Systems","Product Expert - Clinical Data Management Systems","Massachusetts - Boston","https://jobs.lever.co/veeva/8c0a5c23-4fd7-44c1-b02e-65038b85d582","2026-03-05 18:48:31","N/A"
"Veeva Systems","Product Expert - Clinical Data Management Systems","California - Pleasanton","https://jobs.lever.co/veeva/b692743d-7236-4e2d-8295-7c2e65954eb7","2026-03-05 21:40:55","N/A"
"Veeva Systems","Software Architect - Front End","California - Pleasanton","https://jobs.lever.co/veeva/05902970-5e70-4bbd-aa3d-f1e64d505d0a","2024-11-15 17:49:49","N/A"
"Veeva Systems","Software Architect - Front End","Oregon - Bend","https://jobs.lever.co/veeva/474d1886-d317-4667-ab05-236da885b485","2024-11-15 17:51:09","N/A"
"Veeva Systems","Software Architect - Front End","California - Pleasanton","https://jobs.lever.co/veeva/7323234c-6a61-484e-bd59-be229a518b5f","2024-11-15 17:51:40","N/A"
"Veeva Systems","Software Architect - Front End","Oregon - Portland","https://jobs.lever.co/veeva/9924158c-c693-4712-a370-8d4176d218bd","2024-11-15 17:50:48","N/A"
"Veeva Systems","Software Architect - Front End","California - San Luis Obispo","https://jobs.lever.co/veeva/f6750c29-6b63-41e7-9059-061a2e00f556","2024-11-15 17:50:24","N/A"
"Veeva Systems","Software Architect - Java","California - Pleasanton","https://jobs.lever.co/veeva/5410f465-9a3a-4bb8-b066-64895446f218","2022-04-05 14:40:18","N/A"
"Veeva Systems","Software Architect - Java","Oregon - Portland","https://jobs.lever.co/veeva/6147fb52-eda5-4ef5-aabc-95ba56af0e46","2023-12-21 20:36:49","N/A"
"Veeva Systems","Software Architect - Java","California - Pleasanton","https://jobs.lever.co/veeva/6a5b09dc-f3c3-4c25-a7f8-eea8d14620bd","2022-04-05 14:04:56","N/A"
"Veeva Systems","Software Architect - Java","Oregon - Bend","https://jobs.lever.co/veeva/6e31d941-4f4f-4860-b727-b0f0c7bb2e44","2023-12-21 20:39:09","N/A"
"Veeva Systems","Software Architect - Java","California - San Luis Obispo","https://jobs.lever.co/veeva/aafc78d1-b31a-4315-a612-0654135094c5","2023-12-21 20:37:59","N/A"
"Veeva Systems","Software Engineer - Full Stack","California - San Luis Obispo","https://jobs.lever.co/veeva/20f768d9-4e96-4d09-b829-91507e9c612d","2023-12-21 20:46:19","N/A"
"Veeva Systems","Software Engineer - Full Stack","Oregon - Bend","https://jobs.lever.co/veeva/73034c4d-7d43-4dde-8ba5-da7a0b61e802","2023-12-21 21:00:05","N/A"
"Veeva Systems","Software Engineer - Java","Massachusetts - Boston","https://jobs.lever.co/veeva/4d5dd1de-44d2-41ff-a8f2-1113a8e310ff","2023-11-30 22:47:25","N/A"
"Veeva Systems","Software Engineer in Test","California - Pleasanton","https://jobs.lever.co/veeva/29e49eb1-5c80-4465-9103-515c8b16771f","2021-11-04 16:53:49","N/A"
"Veeva Systems","Software Engineer in Test","North Carolina - Raleigh","https://jobs.lever.co/veeva/34c41864-e8c4-4bcc-8374-7cc4190f6fdb","2026-03-19 20:53:04","N/A"
"Veeva Systems","Supervisor - OpenData Research Center","Pennsylvania - Radnor","https://jobs.lever.co/veeva/6d1ec2e2-b93c-4b17-a4d3-9793587965bb","2024-04-22 20:09:41","N/A"
"Veeva Systems","Sustaining Engineer","Massachusetts - Boston","https://jobs.lever.co/veeva/2450c9b7-83f3-475d-a48e-96cc13e81f4a","2025-10-02 20:13:46","N/A"
"Veeva Systems","Sustaining Engineer","California - San Luis Obispo","https://jobs.lever.co/veeva/5b95b0a7-fa52-4b05-9e5c-003cc456b890","2026-01-19 20:55:06","N/A"
"Veeva Systems","Technical Curriculum Developer - Enterprise Software","Washington - Seattle","https://jobs.lever.co/veeva/41ba9c5b-0730-4eaa-a68a-00d640740321","2025-11-13 21:28:44","N/A"
"Veeva Systems","Technical Curriculum Developer - Enterprise Software","Massachusetts - Boston","https://jobs.lever.co/veeva/a69a50e2-ce4c-4bc8-bfd1-d4f0efe421fc","2025-11-13 16:48:43","N/A"
"Veeva Systems","Technical Curriculum Developer - Enterprise Software","California - Pleasanton","https://jobs.lever.co/veeva/f4df2de5-27a0-4ed1-b58c-648b50fad405","2025-11-13 21:27:42","N/A"
"Versana","Data Platform Engineer","New York, NY","https://jobs.lever.co/Versana/e216ead1-4dfa-4e9f-9070-384a33f621cc","2026-04-02 14:20:37","N/A"
"Versana","DevOps Engineer","Charlotte, NC","https://jobs.lever.co/Versana/e7f95deb-3929-45b1-b51a-6819345c9c3b","2025-12-24 15:50:40","N/A"
"Versana","Full Stack Software Engineer","New York, NY","https://jobs.lever.co/Versana/3cc5882f-ddc8-45e6-bb97-f286d9639b8e","2026-02-24 05:15:55","N/A"
"Versana","Full Stack Software Engineer","Charlotte, NC","https://jobs.lever.co/Versana/e2f06659-a97e-4e16-a77c-b516c8e2cd4b","2026-02-18 00:11:17","N/A"
"Virtru ","Graduate Software Developer Intern","Washington DC - Hybrid","https://job-boards.greenhouse.io/virtru/jobs/4653402005","2026-01-24T18:02:19-05:00","2026-03-17T12:29:30-04:00"
"Virtu Financial","Software Engineer - Frontend Trading Application (C#/.NET)","New York","https://job-boards.greenhouse.io/virtu/jobs/4261145002","2019-04-11T21:42:54-04:00","2026-03-06T15:24:29-05:00"
"Virtu Financial","Software Engineer - Reference Data (Java/SQL)","New York","https://job-boards.greenhouse.io/virtu/jobs/7329539002","2026-03-18T22:20:57-04:00","2026-03-23T17:38:16-04:00"
"visa","Software Engineer - Transformation","Austin","https://www.smartrecruiters.com/visa/744000118492497","2026-04-02T20:15:50.234Z",""
"visa","Data Scientist","Washington","https://www.smartrecruiters.com/visa/744000118404157","2026-04-02T12:42:11.030Z",""
"Verily","Android Software Engineer III, Verily Me","San Bruno, California","https://verily.wd1.myworkdayjobs.com/en-US/Verily_Careers/job/San-Bruno-California/Android-Software-Engineer-III--Verily-Me_REQ-15","Posted 30+ Days Ago",""
"Verily","Software Engineer III - Verily Me Web","San Bruno, California","https://verily.wd1.myworkdayjobs.com/en-US/Verily_Careers/job/San-Bruno-California/Software-Engineer-III---Verily-Me-Web_REQ-511","Posted 30+ Days Ago",""
"Verily","Software Engineer, Developer Platform","San Bruno, California","https://verily.wd1.myworkdayjobs.com/en-US/Verily_Careers/job/San-Bruno-California/Software-Engineer--Developer-Platform_REQ-647","Posted 30+ Days Ago",""
"Verily","Software Engineer III, Consumer Health Systems","Boston, Massachusetts","https://verily.wd1.myworkdayjobs.com/en-US/Verily_Careers/job/Boston-Massachusetts/Software-Engineer-III--Devices_REQ-653","Posted 30+ Days Ago",""
"Verily","Solution Seller, Data Solutions","Remote, United States","https://verily.wd1.myworkdayjobs.com/en-US/Verily_Careers/job/Remote-United-States/Solution-Seller--Data-Solutions_REQ-615","Posted 30+ Days Ago",""
"Verily","Cloud Engineer II","Mountain View, California","https://verily.wd1.myworkdayjobs.com/en-US/Verily_Careers/job/Mountain-View-California/Cloud-Engineer-II_REQ-695","Posted 30+ Days Ago",""
"Verily","Software Engineer III, Viewpoint","Raleigh, North Carolina","https://verily.wd1.myworkdayjobs.com/en-US/Verily_Careers/job/Raleigh-North-Carolina/Software-Engineer-III--Viewpoint_REQ-556","Posted 30+ Days Ago",""
"Verily","Software Engineer II, Sensors Infra","San Bruno, California","https://verily.wd1.myworkdayjobs.com/en-US/Verily_Careers/job/San-Bruno-California/Software-Engineer-II--Sensors-Infra_REQ-553","Posted 30+ Days Ago",""
"Verily","Software Engineer III, CTMS","Raleigh, North Carolina","https://verily.wd1.myworkdayjobs.com/en-US/Verily_Careers/job/Raleigh-North-Carolina/Software-Engineer-III--Viewpoint_REQ-635","Posted 30+ Days Ago",""
"Verily","Android Software Engineer III","Boston, Massachusetts","https://verily.wd1.myworkdayjobs.com/en-US/Verily_Careers/job/Boston-Massachusetts/Android-Software-Engineer-III_REQ-336","Posted 30+ Days Ago",""
"Verily","Software Engineer - CIAM","Mountain View, California","https://verily.wd1.myworkdayjobs.com/en-US/Verily_Careers/job/Mountain-View-California/Software-Engineer---CIAM_REQ-619","Posted 30+ Days Ago",""
"Verily","Mobile Software Engineer (iOS)","Boston, Massachusetts","https://verily.wd1.myworkdayjobs.com/en-US/Verily_Careers/job/Boston-Massachusetts/Mobile-Software-Engineer--iOS-_REQ-337","Posted 30+ Days Ago",""
"Verily","Software Engineer III, Verily Me","Boston, Massachusetts","https://verily.wd1.myworkdayjobs.com/en-US/Verily_Careers/job/Boston-Massachusetts/Software-Engineer-III--Precision-Health-Platform_REQ-54","Posted 30+ Days Ago",""
"Verily","Software Engineer III","Boston, Massachusetts","https://verily.wd1.myworkdayjobs.com/en-US/Verily_Careers/job/Boston-Massachusetts/Software-Engineer-III_REQ-546-1","Posted 30+ Days Ago",""
"Verily","Software Engineer III","Boston, Massachusetts","https://verily.wd1.myworkdayjobs.com/en-US/Verily_Careers/job/Boston-Massachusetts/Software-Engineer---Surveys-Team_REQ-430","Posted 30+ Days Ago",""
"Verily","Software Engineer III, Enterprise Apps","San Bruno, California","https://verily.wd1.myworkdayjobs.com/en-US/Verily_Careers/job/San-Bruno-California/Software-Engineer-III--Enterprise-Apps_REQ-485","Posted 30+ Days Ago",""
"Verily","Software Engineer, Workbench","Boston, Massachusetts","https://verily.wd1.myworkdayjobs.com/en-US/Verily_Careers/job/Boston-Massachusetts/Software-Engineer-TRE-Apps_REQ-377","Posted 30+ Days Ago",""
"Verily","Software Engineer III, Sensors Infra","San Bruno, California","https://verily.wd1.myworkdayjobs.com/en-US/Verily_Careers/job/San-Bruno-California/Software-Engineer-III--Sensors-Infra_REQ-384","Posted 30+ Days Ago",""
"Verily","Software Engineer III, Verily Me","Boston, Massachusetts","https://verily.wd1.myworkdayjobs.com/en-US/Verily_Careers/job/Boston-Massachusetts/Software-Engineer-III--Verily-Me_REQ-162","Posted 30+ Days Ago",""
"Verily","Software Engineer II, Consumer Health Systems","Boston, Massachusetts","https://verily.wd1.myworkdayjobs.com/en-US/Verily_Careers/job/Boston-Massachusetts/Software-Engineer-III--Consent---Content_REQ-130","Posted 30+ Days Ago",""
"Watershed","Infrastructure Engineer","Cambridge, MA","https://boards.greenhouse.io/watershed/jobs/5820041003?gh_jid=5820041003","2023-11-29T16:42:46-05:00","2025-04-01T12:20:40-04:00"
"Waymo","2026 Intern, PhD, Machine Learning Engineer, Simulation","Mountain View, CA","https://careers.withwaymo.com/jobs?gh_jid=7252833","2025-09-17T10:57:00-04:00","2026-03-31T23:01:29-04:00"
"Waymo","2026 Summer Intern, BS/MS, Software Engineering, Simulation","Mountain View, CA","https://careers.withwaymo.com/jobs?gh_jid=7249409","2025-09-15T19:12:01-04:00","2026-03-31T23:01:29-04:00"
"Waymo","2026 Summer Intern, MS/PhD, ML Runtime and Deployment","Mountain View, CA, USA","https://careers.withwaymo.com/jobs?gh_jid=7296694","2026-03-02T13:10:30-05:00","2026-03-31T23:01:30-04:00"
"Waymo","2026 Summer Intern, MS/PhD, ML Training Infra and Efficiency","Mountain View, CA, USA","https://careers.withwaymo.com/jobs?gh_jid=7395734","2025-11-14T14:34:26-05:00","2026-03-31T23:01:31-04:00"
"Waymo","2026 Summer Intern, PhD, Software Engineer, Predictive Planner ML/DL","Mountain View, CA,  USA","https://careers.withwaymo.com/jobs?gh_jid=7368864","2025-10-30T22:44:37-04:00","2026-03-31T23:01:31-04:00"
"Waymo","Applied Research Scientist, 3D Object Detection  (PhD New Grad)","Mountain View, CA USA;  San Francisco, CA USA;","https://careers.withwaymo.com/jobs?gh_jid=7467839","2025-12-12T18:30:56-05:00","2026-03-31T23:01:37-04:00"
"Waymo","Applied Research Scientist, Perception LLM/VLM (PhD, New Grad)","Mountain View, CA USA;  San Francisco, CA USA;","https://careers.withwaymo.com/jobs?gh_jid=7488508","2025-12-22T18:35:42-05:00","2026-03-31T23:01:37-04:00"
"Waymo","Data Scientist ","Mountain View, California, USA","https://careers.withwaymo.com/jobs?gh_jid=6608598","2025-02-12T10:58:33-05:00","2026-03-31T23:01:28-04:00"
"Waymo","Fullstack Engineer - Waymo Applications and Tools","Mountain View, CA, USA","https://careers.withwaymo.com/jobs?gh_jid=7426754","2025-12-17T15:53:38-05:00","2026-03-31T23:01:32-04:00"
"Waymo","Machine Learning Engineer, 3D Object Detection  (PhD New Grad)","Mountain View, CA USA;  San Francisco, CA USA;","https://careers.withwaymo.com/jobs?gh_jid=7539786","2026-01-14T15:25:27-05:00","2026-03-31T23:01:37-04:00"
"Waymo","Machine Learning Engineer, Data & Systems ","Mountain View, California, United States; San Francisco, California, United States","https://careers.withwaymo.com/jobs?gh_jid=7446301","2025-12-05T17:17:48-05:00","2026-03-31T23:01:35-04:00"
"Waymo","Machine Learning Engineer, ML Flywheel","Mountain View, CA, USA","https://careers.withwaymo.com/jobs?gh_jid=7426598","2025-12-03T12:08:38-05:00","2026-03-31T23:01:32-04:00"
"Waymo","Machine Learning Engineer, ML Resources","Mountain View, CA, USA","https://careers.withwaymo.com/jobs?gh_jid=7424806","2025-11-26T15:49:41-05:00","2026-03-31T23:01:32-04:00"
"Waymo","ML Accelerator Architect","Mountain View, CA, US; New York City, NY, US","https://careers.withwaymo.com/jobs?gh_jid=7509005","2026-01-05T10:55:26-05:00","2026-03-31T23:01:38-04:00"
"Waymo","ML Engineer, Foundation Model Evaluation","Mountain View, CA, USA; Remote US","https://careers.withwaymo.com/jobs?gh_jid=7536948","2026-01-14T16:01:12-05:00","2026-03-31T23:01:38-04:00"
"Waymo","ML Engineer, Foundation Model Infrastructure","Mountain View, CA, USA; Remote US","https://careers.withwaymo.com/jobs?gh_jid=7536801","2026-01-14T16:03:15-05:00","2026-03-31T23:01:38-04:00"
"Waymo","ML Microarchitect","Mountain View, California ","https://careers.withwaymo.com/jobs?gh_jid=7616808","2026-02-13T19:40:48-05:00","2026-03-31T23:01:40-04:00"
"Waymo","Onboard Developer Platform Software Engineer","Mountain View, CA, USA","https://careers.withwaymo.com/jobs?gh_jid=7461052","2025-12-15T16:24:08-05:00","2026-03-31T23:01:36-04:00"
"Waymo","Onboard Frameworks Software Engineer","Mountain View, CA, USA","https://careers.withwaymo.com/jobs?gh_jid=7412386","2025-11-26T15:49:59-05:00","2026-03-31T23:01:32-04:00"
"Waymo","Onboard Infrastructure Software Engineer","Mountain View, CA, USA","https://careers.withwaymo.com/jobs?gh_jid=7461103","2025-12-15T16:26:08-05:00","2026-03-31T23:01:37-04:00"
"Waymo","Software Engineer, Applied Machine Learning, Planner Technology","Mountain View, California","https://careers.withwaymo.com/jobs?gh_jid=7163224","2025-08-15T17:50:09-04:00","2026-03-31T23:01:29-04:00"
"Waymo","Software Engineer, Bulk/Interactive Inference","Mountain View, CA, USA","https://careers.withwaymo.com/jobs?gh_jid=7466529","2025-12-16T15:47:12-05:00","2026-03-31T23:01:37-04:00"
"Waymo","Software Engineer, Data & Evaluation","Mountain View, CA, USA ; San Francisco, CA, USA","https://careers.withwaymo.com/jobs?gh_jid=7428871","2025-12-17T18:52:47-05:00","2026-03-31T23:01:32-04:00"
"Waymo","Software Engineer, Event Response","San Francisco, CA, USA","https://careers.withwaymo.com/jobs?gh_jid=7430650","2025-12-19T12:53:41-05:00","2026-03-31T23:01:33-04:00"
"Waymo","Software Engineer, Fleet Orchestration & Optimization","Mountain View, CA, USA; San Francisco, CA, USA","https://careers.withwaymo.com/jobs?gh_jid=7430364","2025-12-10T15:24:16-05:00","2026-03-31T23:01:33-04:00"
"Waymo","Software Engineer, GPU","Mountain View, CA, USA; New York, NY, USA","https://careers.withwaymo.com/jobs?gh_jid=7554830","2026-01-23T17:52:44-05:00","2026-03-31T23:01:39-04:00"
"Waymo","Software Engineer, Labeling Infrastructure","Mountain View, CA, USA","https://careers.withwaymo.com/jobs?gh_jid=7416895","2025-11-26T15:48:46-05:00","2026-03-31T23:01:32-04:00"
"Waymo","Software Engineer, Large Model Evaluation","Mountain View, California, USA; San Francisco, California, USA","https://careers.withwaymo.com/jobs?gh_jid=7487849","2025-12-29T11:53:07-05:00","2026-03-31T23:01:37-04:00"
"Waymo","Software Engineer, ML Tools","Mountain View, CA, USA","https://careers.withwaymo.com/jobs?gh_jid=7426718","2025-11-26T15:49:05-05:00","2026-03-31T23:01:32-04:00"
"Waymo","Software Engineer, Model Lifecycle","Kirkland, Washington, USA","https://careers.withwaymo.com/jobs?gh_jid=7609435","2026-02-14T15:27:30-05:00","2026-03-31T23:01:40-04:00"
"Waymo","Software Engineer, Multiverse","San Francisco, CA, USA; Mountain View, CA, USA","https://careers.withwaymo.com/jobs?gh_jid=7531397","2026-01-22T14:53:59-05:00","2026-03-31T23:01:38-04:00"
"Waymo","Software Engineer, Onboard Reliability Infra","Mountain View, CA, USA","https://careers.withwaymo.com/jobs?gh_jid=7461072","2025-12-15T16:26:38-05:00","2026-03-31T23:01:36-04:00"
"Waymo","Software Engineer, Perception Evaluation","Mountain View, CA, USA","https://careers.withwaymo.com/jobs?gh_jid=7256244","2025-09-16T21:25:51-04:00","2026-03-31T23:01:28-04:00"
"Waymo","Software Engineer, Perception Evaluation and Test Automation","Mountain View, CA, USA; San Francisco, CA, USA","https://careers.withwaymo.com/jobs?gh_jid=7449712","2025-12-10T20:09:52-05:00","2026-03-31T23:01:35-04:00"
"Waymo","Software Engineer, Perception Optimization","Mountain View, California, United States; San Francisco, California, United States","https://careers.withwaymo.com/jobs?gh_jid=7450565","2025-12-15T16:38:45-05:00","2026-03-31T23:01:35-04:00"
"Waymo","Software Engineer, Planner","Mountain View, CA","https://careers.withwaymo.com/jobs?gh_jid=7459622","2026-01-16T12:47:33-05:00","2026-03-31T23:01:36-04:00"
"Waymo","Software Engineer, Planner Reasoning","Mountain View, CA, USA; San Francisco, CA, USA","https://careers.withwaymo.com/jobs?gh_jid=7259110","2025-10-14T15:38:04-04:00","2026-03-31T23:01:30-04:00"
"Waymo","Software Engineer, Planner Vehicle Dynamics","Mountain View, California","https://careers.withwaymo.com/jobs?gh_jid=7141380","2025-08-11T11:25:37-04:00","2026-03-31T23:01:29-04:00"
"Waymo","Software Engineer, Privacy","Mountain View, CA, USA ","https://careers.withwaymo.com/jobs?gh_jid=7547529","2026-01-21T18:02:59-05:00","2026-03-31T23:01:39-04:00"
"Waymo","Software Engineer, Quantitative Evaluations","Mountain View, CA, USA; San Francisco, CA, USA ","https://careers.withwaymo.com/jobs?gh_jid=7466534","2025-12-16T14:44:40-05:00","2026-03-31T23:01:37-04:00"
"Waymo","Software Engineer, Sensor/Imaging","Mountain View, CA, US; San Francisco, CA, US","https://careers.withwaymo.com/jobs?gh_jid=7587455","2026-02-04T17:41:31-05:00","2026-04-02T21:02:52-04:00"
"Waymo","Software Engineer, Simulation Infrastructure","Mountain View, CA, USA","https://careers.withwaymo.com/jobs?gh_jid=7430555","2025-12-05T13:39:10-05:00","2026-03-31T23:01:33-04:00"
"Waymo","Software Engineer, Simulation Infrastructure","Mountain View, California, USA","https://careers.withwaymo.com/jobs?gh_jid=7719169","2026-03-30T17:00:25-04:00","2026-03-31T23:01:42-04:00"
"Waymo","Software Engineer, Simulator Evaluation","Mountain View, California, United States; San Francisco, California, United States","https://careers.withwaymo.com/jobs?gh_jid=6562547","2025-01-22T18:15:04-05:00","2026-03-31T23:01:28-04:00"
"Waymo","Software Engineer, Statistical Evaluation and Sampling","Mountain View, CA, USA; San Francisco, CA, USA","https://careers.withwaymo.com/jobs?gh_jid=7543520","2026-01-20T14:28:49-05:00","2026-03-31T23:01:38-04:00"
"Waymo","Software Engineer, Test Automation Infrastructure","San Francisco, CA, US; Mountain View, CA, US","https://careers.withwaymo.com/jobs?gh_jid=7532414","2026-01-14T12:58:27-05:00","2026-03-31T23:01:38-04:00"
"Waymo","Software Engineer, Trip Platform","Mountain View, CA, US","https://careers.withwaymo.com/jobs?gh_jid=7433503","2025-12-09T17:20:56-05:00","2026-03-31T23:01:33-04:00"
"Waymo","Software Quality Operations Specialist","Mountain View, CA, United States","https://careers.withwaymo.com/jobs?gh_jid=7283734","2025-10-03T14:49:32-04:00","2026-03-31T23:01:30-04:00"
"Waymo","Software Quality Operations Specialist","Mountain View, CA, United States","https://careers.withwaymo.com/jobs?gh_jid=7456163","2025-12-17T11:42:15-05:00","2026-03-31T23:01:36-04:00"
"Waymo","Software Quality Operations Specialist","Mountain View, CA, United States","https://careers.withwaymo.com/jobs?gh_jid=7271413","2025-09-29T21:52:59-04:00","2026-03-31T23:01:30-04:00"
"Waymo","Software Quality Operations Specialist","Mountain View, CA, United States","https://careers.withwaymo.com/jobs?gh_jid=7458098","2025-12-17T11:38:44-05:00","2026-03-31T23:01:36-04:00"
"Waymo","Software Quality Operations Specialist","Mountain View, CA, United States","https://careers.withwaymo.com/jobs?gh_jid=7458066","2025-12-17T11:40:26-05:00","2026-03-31T23:01:36-04:00"
"Waymo","Software Quality Operations Specialist ","Remote, United States of America","https://careers.withwaymo.com/jobs?gh_jid=7747197","2026-03-26T12:09:22-04:00","2026-03-31T23:01:42-04:00"
"Waymo","Software Quality Operations Specialist, Domain Expansion","Remote, US","https://careers.withwaymo.com/jobs?gh_jid=7421839","2025-12-09T22:49:37-05:00","2026-03-31T23:01:32-04:00"
"Waymo","Software Quality Ops Scenarios Specialist","Mountain View, CA","https://careers.withwaymo.com/jobs?gh_jid=7456195","2026-01-05T13:31:04-05:00","2026-03-31T23:01:36-04:00"
"Waymo","Software Quality Ops Scenarios Specialist","Mountain View, CA","https://careers.withwaymo.com/jobs?gh_jid=7456161","2026-01-13T10:13:03-05:00","2026-03-31T23:01:36-04:00"
"Weride","2026 Summer Intern - PhD","San Jose, CA","https://jobs.lever.co/weride/c7652fd5-65d8-443d-ab4c-5b450acac77d","2025-10-07 17:26:47","N/A"
"Weride","2026 Summer Intern - Software Engineer","San Jose, CA","https://jobs.lever.co/weride/8f84c602-8a79-43f6-b662-74a92ef761f5","2025-10-07 17:29:22","N/A"
"Weride","Application Engineer","San Jose, CA","https://jobs.lever.co/weride/82955de9-485d-4db0-8fd9-1c018489fc8d","2019-01-17 03:46:57","N/A"
"Weride","General Software Engineer","San Jose, CA","https://jobs.lever.co/weride/2f22df18-e019-450e-bcfa-9b1c7b94334f","2020-05-02 02:05:03","N/A"
"Weride","New Grads 2026 - Data Engineer","San Jose, CA","https://jobs.lever.co/weride/7815ebc0-1668-4aa8-b4ba-919f5c3f9622","2025-10-01 00:41:44","N/A"
"Weride","New Grads 2026 - General Software Engineer","San Jose, CA","https://jobs.lever.co/weride/94562b95-f574-4a60-bfbf-0cafb5c8ea3d","2025-08-28 21:51:09","N/A"
"Weride","New Grads 2026 - Software Engineer - Computer Vision","San Jose, CA","https://jobs.lever.co/weride/d87ddf51-0def-436f-a178-135481b88f96","2025-08-28 22:45:36","N/A"
"Weride","New Grads 2026 - Software Engineer, Algorithm","San Jose, CA","https://jobs.lever.co/weride/1dc0209a-f90b-4f1c-a614-75f5b7883e6d","2025-08-28 22:41:31","N/A"
"Weride","Perception Engineer – ML/CV and Algorithms","San Jose, CA","https://jobs.lever.co/weride/628b7118-d946-47a2-a03b-ac034622d908","2020-05-02 02:22:28","N/A"
"Weride","Software Engineer - Backend / Infrastructure","San Jose, CA","https://jobs.lever.co/weride/92454854-2938-4a18-a920-2c1295986ddb","2020-05-02 02:20:16","N/A"
"Weride","Software Engineer - Mapping & Localization","San Jose, CA","https://jobs.lever.co/weride/acb82703-595c-48bc-9b7c-815a70d0c5a9","2020-05-02 02:11:12","N/A"
"VSP","Business Intelligence Developer - SaaS Solutions","Remote US","https://vsp.wd1.myworkdayjobs.com/en-US/vspvisioncareers/job/Remote-US/Business-Intelligence-Developer_R-9109","Posted 6 Days Ago",""
"VSP","Internship, Compliance and Privacy Department","Remote US","https://vsp.wd1.myworkdayjobs.com/en-US/vspvisioncareers/job/Remote-US/Internship--Compliance-and-Privacy-Department_R-9221","Posted 14 Days Ago",""
"VSP","Internship, Inclusive Business Programs","Remote US","https://vsp.wd1.myworkdayjobs.com/en-US/vspvisioncareers/job/Remote-US/Internship--Inclusive-Business-Programs_R-9214-1","Posted 21 Days Ago",""
"VSP","Internship, Software Engineer - Ventures","Remote US","https://vsp.wd1.myworkdayjobs.com/en-US/vspvisioncareers/job/Remote-US/Internship--Software-Engineer---Ventures_R-8827","Posted 30+ Days Ago",""
"Voya","Private Credit Data Operations Specialist","Atlanta, GA","https://godirect.wd5.myworkdayjobs.com/en-US/voya_jobs/job/Atlanta-GA/Private-Credit-Portfolio-Data-Analyst_JR0032118","Posted 3 Days Ago",""
"Voya","Snowflake Data Cloud Architect","New York, NY","https://godirect.wd5.myworkdayjobs.com/en-US/voya_jobs/job/New-York-NY/Snowflake-Data-Cloud-Architect_JR0032112","Posted 3 Days Ago",""
"WEX","Software Development Engineer","Melbourne, Australia","https://wexinc.wd5.myworkdayjobs.com/en-US/WEXInc/job/Melbourne-Australia/Software-Development-Engineer_R21153","Posted 2 Days Ago",""
"WEX","Data Scientist","US - Remote","https://wexinc.wd5.myworkdayjobs.com/en-US/WEXInc/job/US---Remote/Data-Scientist_R21323","Posted 6 Days Ago",""
"Woven","AI Associate","Palo Alto, CA","https://jobs.lever.co/woven-by-toyota/df0efcf8-3132-43ea-a176-ce7806f75c5f","2026-03-17 18:46:56","N/A"
"Woven","Data Scientist, Ego and Ado Decision (Internship)","Ann Arbor, MI","https://jobs.lever.co/woven-by-toyota/1c67939f-c779-4061-bf80-d83c3b775656","2026-01-23 23:05:54","N/A"
"Woven","Fullstack Visualization Software Engineer","Palo Alto, CA","https://jobs.lever.co/woven-by-toyota/8d269eb6-504b-4668-9111-31e071c17cc9","2026-02-23 22:16:39","N/A"
"Woven","HR Trainee (3-Month Fixed-Term)","Palo Alto, CA","https://jobs.lever.co/woven-by-toyota/95504fd9-3f8d-4c72-ad2e-6b43e81053ba","2026-03-24 18:24:03","N/A"
"Woven","Machine Learning Engineer, Perception Autolabeling (Internship)","Palo Alto, CA","https://jobs.lever.co/woven-by-toyota/24cceda1-b852-413c-8e60-039280a1c849","2026-01-06 19:31:07","N/A"
"Woven","Machine Learning Engineer, Vehicle Perception (Internship)","Palo Alto, CA","https://jobs.lever.co/woven-by-toyota/b5e4fe1a-240d-433d-ac40-e2cc04588985","2026-01-06 19:43:47","N/A"
"Woven","Software Engineer, ML Platform (Internship)","Ann Arbor, MI","https://jobs.lever.co/woven-by-toyota/b6bb0a14-829c-45d6-b64d-7ddaeb1851b3","2026-02-14 02:13:22","N/A"
"Woven","Software Engineer, Tooling (Internship)","Ann Arbor, MI","https://jobs.lever.co/woven-by-toyota/2146e4cc-76bb-4f6f-a26f-d9838ae20653","2025-12-24 01:47:58","N/A"
"Walmart","(USA) Coach/Ops Mgr Trainee","(USA) NM LAS VEGAS 01380 WM SUPERCENTER","https://walmart.wd5.myworkdayjobs.com/en-US/WalmartExternal/job/USA-NM-LAS-VEGAS-01380-WM-SUPERCENTER/XMLNAME--USA--Coach-Ops-Mgr-Trainee_R-2434841-1","Posted 8 Days Ago",""
"Walmart","(IND) Software Engineer III","IN KA BANGALORE Home Office PTPP2","https://walmart.wd5.myworkdayjobs.com/en-US/WalmartExternal/job/IN-KA-BANGALORE-Home-Office-PTPP2/XMLNAME--IND--Software-Engineer-III_R-2427186","Posted 9 Days Ago",""
"WEX","Python Developer","US - Remote","https://wexinc.wd5.myworkdayjobs.com/en-US/WEXInc/job/US---Remote/Python-Developer_R21101","Posted 27 Days Ago",""
"Warner Bros","Software Engineer II","GA Atlanta 1050 Techwood Drive NW","https://warnerbros.wd5.myworkdayjobs.com/en-US/global/job/GA-Atlanta-1050-Techwood-Drive-NW/Software-Engineer-II_R000102854","Posted 7 Days Ago",""
"Wyetech LLC","Agile Developer 3","Annapolis Junction, Maryland","https://jobs.lever.co/wyetechllc/1386ac36-e8fe-4615-a184-c9548023601b","2026-03-09 20:42:23","N/A"
"Wyetech LLC","Agile Developer 3","Annapolis Junction, Maryland","https://jobs.lever.co/wyetechllc/8bc9310a-ce1b-4021-bbf6-a58bdcff2840","2026-03-09 20:48:44","N/A"
"Wyetech LLC","Agile Developer 3","Annapolis Junction, Maryland","https://jobs.lever.co/wyetechllc/adc18832-c568-45b2-b406-6de19b3e51d7","2026-03-09 20:59:32","N/A"
"Wyetech LLC","Agile Developer 3","Annapolis Junction, Maryland","https://jobs.lever.co/wyetechllc/cc3388bf-f74d-4316-be96-fb59c1eed01b","2026-03-09 20:51:02","N/A"
"Wyetech LLC","Agile Developer 4","Annapolis Junction, Maryland","https://jobs.lever.co/wyetechllc/cf10c57e-df1a-4f2d-8d71-42e477dcacb1","2026-02-26 18:09:12","N/A"
"Wyetech LLC","Analysis & Reporting (A&R) Training Developers 2","San Angelo, TX","https://jobs.lever.co/wyetechllc/a35e9bee-fd3f-4827-be86-4486e3b15511","2025-06-20 17:09:44","N/A"
"Wyetech LLC","Arabic Cryptologic Training Developer/Instructor 1 (Cryptologic Language)","San Angelo, TX","https://jobs.lever.co/wyetechllc/7b34232d-046b-4343-8cf3-eeacad95c9ac","2025-04-30 17:08:35","N/A"
"Wyetech LLC","Chinese Cryptologic Training Developer/Instructor 1 (Cryptologic Language)","San Angelo, TX","https://jobs.lever.co/wyetechllc/83238ad1-9723-49d1-849b-68e81ba3158c","2025-01-16 22:16:08","N/A"
"Wyetech LLC","Cloud Software Engineer 1","Annapolis Junction, Maryland","https://jobs.lever.co/wyetechllc/3e55509d-619b-43d2-836a-0830b8ad5f92","2025-10-13 19:52:21","N/A"
"Wyetech LLC","Cloud Software Engineer 2","Annapolis Junction, Maryland","https://jobs.lever.co/wyetechllc/d532e6d0-ff9b-4d0c-9416-f479c4e4d78a","2025-10-13 20:13:28","N/A"
"Wyetech LLC","Cloud Software Engineer 3","Annapolis Junction, Maryland","https://jobs.lever.co/wyetechllc/e0edd2d8-3990-4907-a1b8-5a856b2679fe","2025-10-13 20:22:12","N/A"
"Wyetech LLC","Cloud System Administrator 2","Annapolis Junction, Maryland","https://jobs.lever.co/wyetechllc/d5c6285c-8524-4572-be67-de3d278a3cb6","2026-03-23 18:59:49","N/A"
"Wyetech LLC","Cloud System Architect 2","Annapolis Junction, Maryland","https://jobs.lever.co/wyetechllc/a9a9ff07-4897-494e-9090-94c3b99686d5","2026-03-23 18:29:18","N/A"
"Wyetech LLC","CNO Analyst/Programmer 0","Maryland","https://jobs.lever.co/wyetechllc/e0670581-cfb1-4400-be91-8813416f95ca","2026-01-29 20:52:51","N/A"
"Wyetech LLC","CNO Analyst/Programmer 1","Maryland","https://jobs.lever.co/wyetechllc/fc876ce9-0302-4266-b114-922eea3c75eb","2026-01-29 21:26:49","N/A"
"Wyetech LLC","CNO Analyst/Programmer 2","Maryland","https://jobs.lever.co/wyetechllc/ee9146fa-1bb9-4770-a0ca-dd9a2cbfa3c4","2026-01-29 21:42:17","N/A"
"Wyetech LLC","CNO Analyst/Programmer 3","Maryland","https://jobs.lever.co/wyetechllc/34af74ec-1d33-4101-aaed-bc429dfb6557","2026-01-30 16:10:39","N/A"
"Wyetech LLC","Data Scientist 2","Annapolis Junction, Maryland","https://jobs.lever.co/wyetechllc/a0360db8-6d05-44eb-a446-b806160400a8","2026-01-16 20:26:11","N/A"
"Wyetech LLC","Database Administrator 2","Columbia, Maryland","https://jobs.lever.co/wyetechllc/3abc8c72-70e8-488e-ada8-75f6303d41f3","2026-01-26 20:26:55","N/A"
"Wyetech LLC","Database Engineer 0","Annapolis Junction, Maryland","https://jobs.lever.co/wyetechllc/686d2ecb-f9df-4775-b26f-253c889b1452","2025-10-23 17:53:28","N/A"
"Wyetech LLC","Database Engineer 2","Linthicum Heights, Maryland","https://jobs.lever.co/wyetechllc/5e07acbf-a14b-48aa-8e55-5bb917d2971a","2024-09-16 20:29:03","N/A"
"Wyetech LLC","Database Engineer 3","Linthicum Heights, Maryland","https://jobs.lever.co/wyetechllc/d7cce882-f21e-485e-8b1f-3721c6da805f","2025-11-18 21:17:18","N/A"
"Wyetech LLC","DevOps Engineer (Hybrid) - 26570","San Antonio, Texas","https://jobs.lever.co/wyetechllc/6791d735-b69f-429a-b902-0d9aec9c39e0","2026-01-19 18:03:28","N/A"
"Wyetech LLC","DevOps Engineer 3","Annapolis Junction, Maryland","https://jobs.lever.co/wyetechllc/34a719f6-cd60-4ac6-b9c5-4bb5b8519c12","2025-06-11 17:39:03","N/A"
"Wyetech LLC","DevOps Engineer 3","Columbia, Maryland","https://jobs.lever.co/wyetechllc/f1ee7898-8552-44dc-b202-49de194de782","2026-02-18 15:35:01","N/A"
"Wyetech LLC","Korean Cryptologic Training Developer/Instructor 1 (Cryptologic Language)","San Angelo, TX","https://jobs.lever.co/wyetechllc/653a43ef-3502-4419-aed1-a387b7883be7","2024-10-23 15:03:19","N/A"
"Wyetech LLC","Network-Savvy CNO Developer","Ft. Meade, Maryland","https://jobs.lever.co/wyetechllc/01f99b99-9608-4b4a-8aca-e406f5e1e6d6","2026-01-27 19:10:51","N/A"
"Wyetech LLC","Network-Savvy CNO Developer","Ft. Meade, Maryland","https://jobs.lever.co/wyetechllc/52b1d0d5-083d-4469-b997-c0f92c012659","2026-01-27 19:16:33","N/A"
"Wyetech LLC","Signals Software Engineer 2","Columbia, Maryland","https://jobs.lever.co/wyetechllc/e6bbaf22-60ef-4128-9608-b03b79abd249","2026-03-16 19:10:24","N/A"
"Wyetech LLC","Signals Software Engineer 3","Annapolis Junction, Maryland","https://jobs.lever.co/wyetechllc/f27d6863-5e44-4d8c-8bff-7d4c0526f569","2025-10-09 17:01:46","N/A"
"Wyetech LLC","Software Developer (Systems Software)","Chantilly, Virginia","https://jobs.lever.co/wyetechllc/d1891202-50d0-446a-be8a-e6ae77a50897","2026-02-26 19:43:35","N/A"
"Wyetech LLC","Software Engineer","Chantilly, Virginia","https://jobs.lever.co/wyetechllc/d2bfed19-a281-45fa-a173-07f3643b0d47","2026-02-26 19:34:38","N/A"
"Wyetech LLC","Software Engineer (Hybrid) - 26397","Greenville, SC","https://jobs.lever.co/wyetechllc/6a928bd3-aec6-44ac-b999-90eb710ffadf","2026-01-01 15:27:59","N/A"
"Wyetech LLC","Software Engineer 0","Annapolis Junction, Maryland","https://jobs.lever.co/wyetechllc/37094832-f2d0-46ce-968d-9c2369068034","2025-10-23 16:08:57","N/A"
"Wyetech LLC","Software Engineer 1","Annapolis Junction, Maryland","https://jobs.lever.co/wyetechllc/3572b9a8-e843-43dc-965e-b795ec4ba2d3","2026-03-23 18:21:10","N/A"
"Wyetech LLC","Software Engineer 1","Columbia, Maryland","https://jobs.lever.co/wyetechllc/5c0bf8c9-2097-4fca-9276-3732fbcd3d42","2026-02-18 15:27:54","N/A"
"Wyetech LLC","Software Engineer 1","Linthicum Heights, Maryland","https://jobs.lever.co/wyetechllc/63a3c4e8-35a8-45b7-8e93-b5bef6894fa7","2026-03-18 18:50:46","N/A"
"Wyetech LLC","Software Engineer 1","Annapolis Junction, Maryland","https://jobs.lever.co/wyetechllc/667ffa29-e209-4f5e-9e06-c7aa4c8800f1","2026-01-16 21:41:02","N/A"
"Wyetech LLC","Software Engineer 1","Maryland","https://jobs.lever.co/wyetechllc/6b2178ca-8913-4ae8-ba23-9a20a871cd7b","2026-02-02 15:05:51","N/A"
"Wyetech LLC","Software Engineer 1","Columbia, Maryland","https://jobs.lever.co/wyetechllc/79041a3c-7443-4c04-a3a5-3c5c568f7270","2026-03-16 18:23:55","N/A"
"Wyetech LLC","Software Engineer 1","Annapolis Junction, Maryland","https://jobs.lever.co/wyetechllc/9505e4ae-8f0e-4bd6-ae2c-906cf987ae51","2026-01-16 21:53:02","N/A"
"Wyetech LLC","Software Engineer 1","Annapolis Junction, Maryland","https://jobs.lever.co/wyetechllc/a1419a4d-bba3-4a88-bb32-e0ed5c28dc6a","2025-12-30 15:27:50","N/A"
"Wyetech LLC","Software Engineer 1","Laurel, Maryland","https://jobs.lever.co/wyetechllc/ae7f49f0-9544-4eb2-9363-7fb442aba0f2","2026-03-23 13:48:13","N/A"
"Wyetech LLC","Software Engineer 1","Linthicum Heights, Maryland","https://jobs.lever.co/wyetechllc/fdc899b5-2718-40df-b7b4-9a331455277c","2026-02-05 17:17:08","N/A"
"Wyetech LLC","Software Engineer 2","Annapolis Junction, Maryland","https://jobs.lever.co/wyetechllc/0bd2ad7c-1e29-48f8-8cc6-223b23eadca0","2026-02-18 20:06:37","N/A"
"Wyetech LLC","Software Engineer 2","Linthicum Heights, Maryland","https://jobs.lever.co/wyetechllc/16fd4a3d-2530-4b46-b44e-54c35f82bbab","2026-03-23 19:13:54","N/A"
"Wyetech LLC","Software Engineer 2","Annapolis Junction, Maryland","https://jobs.lever.co/wyetechllc/173fbbc7-7dfa-43f4-9608-719884453de2","2025-12-09 19:38:50","N/A"
"Wyetech LLC","Software Engineer 2","Laurel, Maryland","https://jobs.lever.co/wyetechllc/2931a075-b1ac-4b60-b15a-b77ec75cfdec","2026-03-31 13:48:20","N/A"
"Wyetech LLC","Software Engineer 2","Ft. Meade, Maryland","https://jobs.lever.co/wyetechllc/3ede7370-5c88-4ea2-a2f4-08643c9ffb1f","2026-02-03 14:43:23","N/A"
"Wyetech LLC","Software Engineer 2","Annapolis Junction, Maryland","https://jobs.lever.co/wyetechllc/4e698108-0499-4468-9e2b-7f5e005af13d","2026-02-11 20:13:45","N/A"
"Wyetech LLC","Software Engineer 2","Annapolis Junction, Maryland","https://jobs.lever.co/wyetechllc/4f28aa80-2e33-4243-b0d7-e8c601e3ee93","2026-01-16 20:34:01","N/A"
"Wyetech LLC","Software Engineer 2","Maryland","https://jobs.lever.co/wyetechllc/67551c14-69e7-4d80-9d5b-9b35a6e316d4","2026-02-02 15:12:20","N/A"
"Wyetech LLC","Software Engineer 2","Annapolis Junction, Maryland","https://jobs.lever.co/wyetechllc/681aec75-1474-43e9-b12c-8b0838178ef5","2026-01-07 20:32:03","N/A"
"Wyetech LLC","Software Engineer 2","Annapolis Junction, Maryland","https://jobs.lever.co/wyetechllc/79199eb8-b35f-4300-be56-9013c2a93726","2026-02-11 19:47:38","N/A"
"Wyetech LLC","Software Engineer 2","Linthicum Heights, Maryland","https://jobs.lever.co/wyetechllc/7afd7c7c-f2b1-4fa0-a267-c4292d72ef24","2026-02-11 19:54:37","N/A"
"Wyetech LLC","Software Engineer 2","Annapolis Junction, Maryland","https://jobs.lever.co/wyetechllc/91f47583-eee9-4039-aca8-5ac69c7fac0e","2026-03-23 17:11:36","N/A"
"Wyetech LLC","Software Engineer 2","Columbia, Maryland","https://jobs.lever.co/wyetechllc/95731b10-fcc3-4609-988b-27dbc8c9f86b","2025-12-30 21:42:14","N/A"
"Wyetech LLC","Software Engineer 2","Annapolis Junction, Maryland","https://jobs.lever.co/wyetechllc/b40245a3-2406-4af0-91d5-4fedd37fe617","2026-02-26 16:30:42","N/A"
"Wyetech LLC","Software Engineer 2","Annapolis Junction, Maryland","https://jobs.lever.co/wyetechllc/b8117f20-7cab-4e1e-867f-465b41bcd170","2026-03-23 17:03:50","N/A"
"Wyetech LLC","Software Engineer 2","Hanover, Maryland","https://jobs.lever.co/wyetechllc/c7c2e2e7-0a2b-4a68-b384-693984d6c8c5","2026-03-23 17:55:43","N/A"
"Wyetech LLC","Software Engineer 2","Annapolis Junction, Maryland","https://jobs.lever.co/wyetechllc/fdeedf3f-1050-420f-94e3-778a51f022fb","2025-10-03 13:22:11","N/A"
"Wyetech LLC","Software Engineer 2 (16 hours of Telework Available each Week)","Annapolis Junction, Maryland","https://jobs.lever.co/wyetechllc/a289f3b3-8f67-4a62-b77f-6ca017f92bd3","2026-02-11 17:37:23","N/A"
"Wyetech LLC","Software Engineer 2 (Hybrid)","Laurel, Maryland","https://jobs.lever.co/wyetechllc/6af365aa-36bf-4ad5-9629-160da0df6a9f","2026-01-27 19:30:31","N/A"
"Wyetech LLC","Software Engineer 2 (Limited Telework Available)","Annapolis Junction, Maryland","https://jobs.lever.co/wyetechllc/e674fbab-a1b9-484b-9a27-fd5b757e17a2","2026-02-23 15:55:51","N/A"
"Wyetech LLC","Software Engineer 3","Ft. Meade, Maryland","https://jobs.lever.co/wyetechllc/16808488-7536-4c79-af29-0364f1ffed75","2026-02-03 15:34:07","N/A"
"Wyetech LLC","Software Engineer 3","Ft. Meade, Maryland","https://jobs.lever.co/wyetechllc/5a6c1d50-a897-4c21-a643-a3383d627748","2026-03-16 17:11:33","N/A"
"Wyetech LLC","Software Engineer 3","Laurel, Maryland","https://jobs.lever.co/wyetechllc/65491e1c-0500-46ff-a685-3e5846e6ce6a","2026-03-23 17:47:51","N/A"
"Wyetech LLC","Software Engineer 3","Annapolis Junction, Maryland","https://jobs.lever.co/wyetechllc/6a7d6dfb-8054-4aa8-899e-a0d6df988c3c","2025-12-05 16:47:55","N/A"
"Wyetech LLC","Software Engineer 3","Annapolis Junction, Maryland","https://jobs.lever.co/wyetechllc/88637131-34d3-4334-a73a-608685ea85e5","2026-02-04 20:36:03","N/A"
"Wyetech LLC","Software Engineer 3","Ft. Meade, Maryland","https://jobs.lever.co/wyetechllc/a6df70ff-ed10-4e97-b314-cf1990aafdd3","2026-02-03 17:35:46","N/A"
"Wyetech LLC","Software Engineer 3","Ft. Meade, Maryland","https://jobs.lever.co/wyetechllc/a9f3c084-4584-4e42-ab49-2f44dc016e71","2026-02-03 15:26:07","N/A"
"Wyetech LLC","Software Engineer 3","Linthicum Heights, Maryland","https://jobs.lever.co/wyetechllc/d6c7d3fc-8f1c-49ea-babe-9544e9cbf4f5","2026-02-11 20:00:55","N/A"
"Wyetech LLC","Software Engineer 3","Maryland","https://jobs.lever.co/wyetechllc/d8a47bd0-39b3-44b6-b6cf-d1e282f973b8","2026-02-02 15:19:04","N/A"
"Wyetech LLC","Software Engineer 3","Annapolis Junction, Maryland","https://jobs.lever.co/wyetechllc/dd4f4289-37e0-4a6c-a448-14c3182d9260","2026-01-14 18:40:16","N/A"
"Wyetech LLC","Software Engineer 3","Ft. Meade, Maryland","https://jobs.lever.co/wyetechllc/e185a78d-22b3-41b5-a873-afd99ec14235","2025-07-31 17:03:47","N/A"
"Wyetech LLC","Software Engineer 3","Ft. Meade, Maryland","https://jobs.lever.co/wyetechllc/e6919509-a2f8-450c-b3b6-10501eebfe6a","2026-02-11 18:36:10","N/A"
"Wyetech LLC","Software Engineer 3","Annapolis Junction, Maryland","https://jobs.lever.co/wyetechllc/edc6c9a2-8c21-4fe1-b9d4-6834bd408fba","2026-02-11 21:54:18","N/A"
"Wyetech LLC","Software Engineer 3 (Potential Telework Available)","Annapolis Junction, Maryland","https://jobs.lever.co/wyetechllc/89c073d2-fd79-47ea-85e4-61b1466c5448","2026-02-24 14:32:33","N/A"
"Wyetech LLC","Software Engineer 4","Annapolis Junction, Maryland","https://jobs.lever.co/wyetechllc/2829a23e-5597-4842-8674-6d511e1f3449","2025-12-05 18:58:56","N/A"
"Wyetech LLC","Software Engineer 4","Annapolis Junction, Maryland","https://jobs.lever.co/wyetechllc/c58a9943-be37-4617-addf-6aa0f03f33e4","2026-02-03 15:51:37","N/A"
"Wyetech LLC","Software Integration Engineer (SIE) 4","Annapolis Junction, Maryland","https://jobs.lever.co/wyetechllc/34d127c1-3de7-4d51-a291-fb4a7b372119","2026-02-24 15:59:40","N/A"
"Wyetech LLC","Spanish Cryptologic Training Developer/Instructor 1 (Cryptologic Language)","San Angelo, TX","https://jobs.lever.co/wyetechllc/cfad2f38-c035-4876-9639-566ea2194721","2026-03-31 18:41:14","N/A"
"Wyetech LLC","Systems Data Modeler 3","Ft. Meade, Maryland","https://jobs.lever.co/wyetechllc/55f55ebb-ffd1-4a98-9872-9126cbf900f3","2025-10-23 20:47:42","N/A"
"Wyetech LLC","Wyetech General Application","Odenton, Maryland","https://jobs.lever.co/wyetechllc/16fd2ab1-ac6d-45ae-a95e-f6c79f09afa3","2022-10-05 14:06:27","N/A"
"WEX","Software development Engineer 3","US - Remote","https://wexinc.wd5.myworkdayjobs.com/en-US/WEXInc/job/US---Remote/Software-development-Engineer-3_R19121-2","Posted 30+ Days Ago",""
"Xometry","Application Engineer, Injection Molding ","Waltham, MA ","https://job-boards.greenhouse.io/xometry/jobs/5061781007","2026-02-24T14:18:47-05:00","2026-03-21T01:06:02-04:00"
"Xometry","Application Engineer, Injection Molding ","Lexington, KY ","https://job-boards.greenhouse.io/xometry/jobs/5061787007","2026-02-24T14:22:45-05:00","2026-03-21T01:06:03-04:00"
"Xometry","Application Engineer, Injection Molding ","North Bethesda, MD","https://job-boards.greenhouse.io/xometry/jobs/5061777007","2026-02-24T14:18:26-05:00","2026-03-21T01:06:02-04:00"
"Xometry","Application Engineer, Injection Molding ","Los Angeles, CA ","https://job-boards.greenhouse.io/xometry/jobs/5061783007","2026-02-24T14:18:53-05:00","2026-03-21T01:06:03-04:00"
"Xometry","Application Engineer, Injection Molding ","Denver, CO ","https://job-boards.greenhouse.io/xometry/jobs/5061782007","2026-02-24T14:18:50-05:00","2026-03-21T01:06:03-04:00"
"Xometry","Assembly and Rework Intern ","Gaithersburg, MD","https://job-boards.greenhouse.io/xometry/jobs/5008795007","2025-12-19T11:30:36-05:00","2026-03-21T01:05:25-04:00"
"Xometry","Case Management Intern ","Lexington, KY","https://job-boards.greenhouse.io/xometry/jobs/5004929007","2025-12-15T13:28:47-05:00","2026-03-21T01:05:19-04:00"
"Xometry","Case Management Intern ","Waltham, MA ","https://job-boards.greenhouse.io/xometry/jobs/5008664007","2025-12-19T10:04:44-05:00","2026-03-21T01:05:25-04:00"
"Xometry","Case Management Intern ","North Bethesda, MD","https://job-boards.greenhouse.io/xometry/jobs/5004921007","2025-12-15T13:28:06-05:00","2026-03-21T01:05:18-04:00"
"Xometry","Case Management Intern ","Gaithersburg, MD","https://job-boards.greenhouse.io/xometry/jobs/5004932007","2025-12-15T13:29:19-05:00","2026-03-21T01:05:19-04:00"
"Xometry","Category Management Intern","Lexington, KY","https://job-boards.greenhouse.io/xometry/jobs/5009086007","2025-12-19T14:03:05-05:00","2026-03-21T01:05:27-04:00"
"Xometry","Category Management Intern","Waltham, MA ","https://job-boards.greenhouse.io/xometry/jobs/5009087007","2025-12-19T14:03:30-05:00","2026-03-21T01:05:27-04:00"
"Xometry","Category Management Intern","North Bethesda, MD","https://job-boards.greenhouse.io/xometry/jobs/5009074007","2025-12-19T14:02:38-05:00","2026-03-21T01:05:27-04:00"
"Xometry","IT Service Desk Intern ","North Bethesda, MD","https://job-boards.greenhouse.io/xometry/jobs/5007900007","2025-12-18T14:06:56-05:00","2026-03-21T01:05:23-04:00"
"Xometry","Logistics Coordinator, International Freight","Gaithersburg, MD","https://job-boards.greenhouse.io/xometry/jobs/5092222007","2026-03-27T15:48:53-04:00","2026-03-27T15:48:53-04:00"
"Xometry","Machine Learning Intern","North Bethesda, Maryland","https://job-boards.greenhouse.io/xometry/jobs/5007983007","2025-12-18T14:37:48-05:00","2026-03-21T01:05:23-04:00"
"Xometry","Machine Learning Intern","Waltham, MA","https://job-boards.greenhouse.io/xometry/jobs/5007985007","2025-12-18T14:37:49-05:00","2026-03-21T01:05:23-04:00"
"Xometry","Partner Management Intern ","Lexington, KY","https://job-boards.greenhouse.io/xometry/jobs/5010165007","2025-12-22T11:22:15-05:00","2026-03-21T01:05:28-04:00"
"Xometry","Partner Management Intern ","North Bethesda, MD","https://job-boards.greenhouse.io/xometry/jobs/5010151007","2025-12-22T11:21:24-05:00","2026-03-21T01:05:27-04:00"
"Xometry","Partner Management Intern ","Waltham, MA","https://job-boards.greenhouse.io/xometry/jobs/5010163007","2025-12-22T11:21:48-05:00","2026-03-21T01:05:27-04:00"
"Xometry","Product Analytics Intern","Waltham, Massachusetts","https://job-boards.greenhouse.io/xometry/jobs/5007795007","2025-12-18T13:26:11-05:00","2026-03-21T01:05:22-04:00"
"Xometry","Product Analytics Intern","North Bethesda, Maryland","https://job-boards.greenhouse.io/xometry/jobs/5007793007","2025-12-18T13:26:09-05:00","2026-03-21T01:05:22-04:00"
"Xometry","Quality Inspection Intern ","Gaithersburg, MD","https://job-boards.greenhouse.io/xometry/jobs/5008789007","2025-12-19T11:26:26-05:00","2026-03-21T01:05:25-04:00"
"Xometry","Software Engineer II","Denver, CO","https://job-boards.greenhouse.io/xometry/jobs/5061491007","2026-02-24T14:18:36-05:00","2026-03-21T01:06:02-04:00"
"Xometry","Software Engineer II","Gaithersburg, MD","https://job-boards.greenhouse.io/xometry/jobs/5013101007","2026-01-02T10:09:19-05:00","2026-03-21T01:05:31-04:00"
"Xometry","Software Engineer II","Waltham, MA","https://job-boards.greenhouse.io/xometry/jobs/5013100007","2026-01-02T10:09:17-05:00","2026-03-21T01:05:31-04:00"
"Xometry","Software Engineer II","Waltham, MA","https://job-boards.greenhouse.io/xometry/jobs/5061488007","2026-02-24T14:18:27-05:00","2026-03-21T01:06:02-04:00"
"Xometry","Software Engineer II","Gaithersburg, MD","https://job-boards.greenhouse.io/xometry/jobs/5061489007","2026-02-24T14:18:31-05:00","2026-03-21T01:06:02-04:00"
"Xometry","Software Engineer II","Lexington, KY","https://job-boards.greenhouse.io/xometry/jobs/5061490007","2026-02-24T14:18:34-05:00","2026-03-21T01:06:02-04:00"
"Xometry","Software Engineer Intern ","Waltham, MA","https://job-boards.greenhouse.io/xometry/jobs/5007635007","2025-12-18T12:51:38-05:00","2026-03-21T01:05:21-04:00"
"Xometry","Software Engineer Intern ","North Bethesda, Maryland","https://job-boards.greenhouse.io/xometry/jobs/5007634007","2025-12-18T12:05:02-05:00","2026-03-21T01:05:21-04:00"
"Walmart","Software Engineer III","(USA) Crossman Service Building CA SUNNYVALE Home Office","https://walmart.wd5.myworkdayjobs.com/en-US/WalmartExternal/job/USA-Crossman-Service-Building-CA-SUNNYVALE-Home-Office/Software-Engineer-III_R-2435899","Posted 23 Days Ago",""
"Workday","Software Engineer, BDS Hadoop Engineer - US Federal","USA.VA.Reston","https://workday.wd5.myworkdayjobs.com/en-US/Workday/job/USAVAReston/Software-Engineer--DBaas---US-Federal_JR-0097446","Posted 2 Days Ago",""
"Workday","Software Development Engineer (US Federal)","USA.VA.Reston","https://workday.wd5.myworkdayjobs.com/en-US/Workday/job/USAVAReston/Sr-Software-Development-Engineer---US-Federal_JR-0103783","Posted 2 Days Ago",""
"Walmart","(USA) Coach/Ops Mgr Trainee","(USA) WA MONROE 05628 WM SUPERCENTER","https://walmart.wd5.myworkdayjobs.com/en-US/WalmartExternal/job/USA-WA-MONROE-05628-WM-SUPERCENTER/XMLNAME--USA--Coach-Ops-Mgr-Trainee_R-2427672-1","Posted 30+ Days Ago",""
"Xylem Services USA LLC","Summer Intern-Operations/Manufacturing Engineering","Morton Grove, Illinois","https://xylem.wd5.myworkdayjobs.com/en-US/xylem-careers/job/Morton-Grove-Illinois/Summer-Intern-Operations-Manufacturing-Engineering_R47513","Posted 2 Days Ago",""
"Xylem Services USA LLC","Warehouse Material Handler","Bensalem, Pennsylvania","https://xylem.wd5.myworkdayjobs.com/en-US/xylem-careers/job/Bensalem-Pennsylvania/Warehouse-Material-Handler_R47507","Posted 2 Days Ago",""
"Xylem Services USA LLC","Painter & Material Handler, 2nd Shift - $1,000 Sign on Bonus!","Pewaukee, Wisconsin","https://xylem.wd5.myworkdayjobs.com/en-US/xylem-careers/job/Pewaukee-Wisconsin/Painter---Material-Handler--2nd-Shift----1-000-Sign-on-Bonus-_R47599","Posted 2 Days Ago",""
"Xylem Services USA LLC","Entry Level CAD Detailer","Pewaukee, Wisconsin","https://xylem.wd5.myworkdayjobs.com/en-US/xylem-careers/job/Pewaukee-Wisconsin/Mechanical-CAD-Detailer_R46583","Posted 3 Days Ago",""
"Xylem Services USA LLC","CDL Driver Technician","Richmond, Virginia","https://xylem.wd5.myworkdayjobs.com/en-US/xylem-careers/job/Richmond-Virginia/Driver-Technician_R47243","Posted 3 Days Ago",""
"Xylem Services USA LLC","Painter","Thomasville, Georgia","https://xylem.wd5.myworkdayjobs.com/en-US/xylem-careers/job/Thomasville-Georgia/Painter_R47282-1","Posted 7 Days Ago",""
"Xylem Services USA LLC","Training and Project Coordinator","Morton Grove, Illinois","https://xylem.wd5.myworkdayjobs.com/en-US/xylem-careers/job/Morton-Grove-Illinois/Training-and-Project-Coordinator_R47465","Posted 7 Days Ago",""
"Walmart","Pre Grad Intern - Sam's","Thornton, CO","https://walmart.wd5.myworkdayjobs.com/en-US/WalmartExternal/job/Thornton-CO/Pre-Grad-Intern---Sam-s_R-2400727","Posted 30+ Days Ago",""
"Walmart","Pre Grad Intern - Sam's","Aurora, CO","https://walmart.wd5.myworkdayjobs.com/en-US/WalmartExternal/job/Aurora-CO/Pre-Grad-Intern---Sam-s_R-2357919","Posted 30+ Days Ago",""
"Xylem Services USA LLC","CDL A Delivery Driver","South Windsor, Connecticut","https://xylem.wd5.myworkdayjobs.com/en-US/xylem-careers/job/South-Windsor-Connecticut/CDL-A-Delivery-Driver_R47335","Posted 9 Days Ago",""
"Walmart","Pharmacy Grad Intern (Hrly) - $25,000 Sign On Bonus (2026 Grad Sign On Program)","Escanaba, MI","https://walmart.wd5.myworkdayjobs.com/en-US/WalmartExternal/job/Escanaba-MI/Pharmacy-Grad-Intern--Hrly-----25-000-Sign-On-Bonus--2026-Grad-Sign-On-Program-_R-2344543","Posted 30+ Days Ago",""
"Walmart","Software Engineer - Android","Reston, VA","https://walmart.wd5.myworkdayjobs.com/en-US/WalmartExternal/job/Reston-VA/Software-Engineer---Android_R-1715700-1","Posted 30+ Days Ago",""
"Walmart","Software Engineer - Android","Sunnyvale, CA","https://walmart.wd5.myworkdayjobs.com/en-US/WalmartExternal/job/Sunnyvale-CA/Software-Engineer---Android_R-1694188-1","Posted 30+ Days Ago",""
"Walmart","Software Engineer - Android","Bentonville, AR","https://walmart.wd5.myworkdayjobs.com/en-US/WalmartExternal/job/Bentonville-AR/Software-Engineer---Android_R-1717052-1","Posted 30+ Days Ago",""
"Walmart","Software Engineer - iOS","Bentonville, AR","https://walmart.wd5.myworkdayjobs.com/en-US/WalmartExternal/job/Bentonville-AR/Software-Engineer---iOS_R-1717051-1","Posted 30+ Days Ago",""
"Walmart","(IND) Grad Intern - No Work Experience","IN KA BANGALORE Home Office PTPP1","https://walmart.wd5.myworkdayjobs.com/en-US/WalmartExternal/job/IN-KA-BANGALORE-Home-Office-PTPP1/XMLNAME--IND--Grad-Intern---No-Work-Experience_R-2458907","Posted Today",""
"Walmart","IND) Grad Intern - No Work Experience","IN KA BANGALORE Home Office PTPP1","https://walmart.wd5.myworkdayjobs.com/en-US/WalmartExternal/job/IN-KA-BANGALORE-Home-Office-PTPP1/IND--Grad-Intern---No-Work-Experience_R-2458903","Posted Today",""
"Walmart","SOftware Engineer III","IN KA BANGALORE Home Office PTPP1","https://walmart.wd5.myworkdayjobs.com/en-US/WalmartExternal/job/IN-KA-BANGALORE-Home-Office-PTPP1/SOftware-Engineer-III_R-2430401","Posted Today",""
"yahoo","Full-Stack Software Dev Engineer II","United States of America","https://ouryahoo.wd5.myworkdayjobs.com/en-US/careers/job/United-States-of-America/Full-Stack-Software-Dev-Engineer-II_JR0027078","Posted Today",""
"yahoo","Frontend Software Engineer II","United States of America","https://ouryahoo.wd5.myworkdayjobs.com/en-US/careers/job/United-States-of-America/Frontend-Software-Engineer-II_JR0027055","Posted 2 Days Ago",""
"Xylem Services USA LLC","Summer Intern-Operations/Engineering","Morton Grove, Illinois","https://xylem.wd5.myworkdayjobs.com/en-US/xylem-careers/job/Morton-Grove-Illinois/Summer-Intern-Operations-Engineering_R47027","Posted 15 Days Ago",""
"Walmart","(USA) Coach/Ops Mgr Trainee","Prattville, AL","https://walmart.wd5.myworkdayjobs.com/en-US/WalmartExternal/job/Prattville-AL/XMLNAME--USA--Coach-Ops-Mgr-Trainee_R-2414173-1","Posted Today",""
"Walmart","Pharmacy Pre-Grad Intern - WM","Olney, IL","https://walmart.wd5.myworkdayjobs.com/en-US/WalmartExternal/job/Olney-IL/Pharmacy-Pre-Grad-Intern---WM_R-2368885-1","Posted Today",""
"Xylem Services USA LLC","Intern Field Engineering & Aftermarket Analytics","Pewaukee, Wisconsin","https://xylem.wd5.myworkdayjobs.com/en-US/xylem-careers/job/Pewaukee-Wisconsin/Intern-Field-Engineering---Aftermarket-Analytics_R46994","Posted 16 Days Ago",""
"yahoo","Software Dev Engineer II","United States of America","https://ouryahoo.wd5.myworkdayjobs.com/en-US/careers/job/United-States-of-America/Software-Dev-Engineer_JR0026508","Posted 29 Days Ago",""
"yahoo","Backend Software Development Engineer II","United States of America","https://ouryahoo.wd5.myworkdayjobs.com/en-US/careers/job/United-States-of-America/Backend-Software-Development-Engineer-II_JR0026696","Posted 30+ Days Ago",""
"Xylem Services USA LLC","Manufacturing Engineer Intern","Lubbock, Texas","https://xylem.wd5.myworkdayjobs.com/en-US/xylem-careers/job/Lubbock-Texas/Manufacturing-Engineer-Intern_R44450","Posted 30+ Days Ago",""
"Xylem Services USA LLC","Manufacturing Engineering Intern","Cheektowaga, New York","https://xylem.wd5.myworkdayjobs.com/en-US/xylem-careers/job/Cheektowaga-New-York/Manufacturing-Engineering-Intern_R46850-1","Posted 30+ Days Ago",""
"Xylem Services USA LLC","Digital Operations Intern, Digital Command Center","Pittsburgh, Pennsylvania (Office)","https://xylem.wd5.myworkdayjobs.com/en-US/xylem-careers/job/Pittsburgh-Pennsylvania-Office/Digital-Operations-Intern--Digital-Command-Center_R46789","Posted 30+ Days Ago",""
"Xylem Services USA LLC","Summer Intern - Project Engineer","Holland, Michigan","https://xylem.wd5.myworkdayjobs.com/en-US/xylem-careers/job/Holland-Michigan/Summer-Intern---Project-Engineer_R45315-1","Posted 30+ Days Ago",""
"Warner Bros","CX Data & Insights Analyst ","NY New York 30 Hudson Yards","https://warnerbros.wd5.myworkdayjobs.com/en-US/global/job/NY-New-York-30-Hudson-Yards/CX-Data---Insights-Analyst-_R000100354","Posted 30+ Days Ago",""
"Warner Bros","Advanced Software Engineer, Graphics","UT Salt Lake City 175 East 400 South","https://warnerbros.wd5.myworkdayjobs.com/en-US/global/job/UT-Salt-Lake-City-175-East-400-South/Advanced-Software-Engineer--FX-_R000100771","Posted 30+ Days Ago",""
"Xylem Services USA LLC","AI Solutions Architect","Charlotte, North Carolina","https://xylem.wd5.myworkdayjobs.com/en-US/xylem-careers/job/Charlotte-North-Carolina/AI-Solutions-Architect_R45747-1","Posted 30+ Days Ago",""
"Xylem Services USA LLC","Intern, Sustaining Engineering","Lubbock, Texas","https://xylem.wd5.myworkdayjobs.com/en-US/xylem-careers/job/Lubbock-Texas/Intern--Sustaining-Engineering_R45185","Posted 30+ Days Ago",""
"Walmart","(USA) Coach/Ops Mgr Trainee","Defiance, OH","https://walmart.wd5.myworkdayjobs.com/en-US/WalmartExternal/job/Defiance-OH/XMLNAME--USA--Coach-Ops-Mgr-Trainee_R-2467015","Posted Today",""
"Warner Bros","Content Producer, Global Newsource, International","GA Atlanta 1050 Techwood Drive NW","https://warnerbros.wd5.myworkdayjobs.com/en-US/global/job/GA-Atlanta-1050-Techwood-Drive-NW/Content-Producer--Global-Newsource--International_R000102704","Posted 30+ Days Ago",""
"Xylem Services USA LLC","CDL B Driver Technician","Knoxville, Tennessee","https://xylem.wd5.myworkdayjobs.com/en-US/xylem-careers/job/Knoxville-Tennessee/CDL-B-Driver-Technician_R45887","Posted 30+ Days Ago",""
"Xylem Services USA LLC","Industrial Engineering Intern","Cheektowaga, New York","https://xylem.wd5.myworkdayjobs.com/en-US/xylem-careers/job/Cheektowaga-New-York/Industrial-Engineering-Intern_R43811","Posted 30+ Days Ago",""
"Zipline","Autonomy Perception CV/ML SWE","South San Francisco, California, USA","https://www.flyzipline.com/careers/open-roles?gh_jid=4359084003","2021-02-09T14:47:58-05:00","2026-04-01T09:17:16-04:00"
"Zipline","Autonomy Platform Software Engineer","South San Francisco, California, USA","https://www.flyzipline.com/careers/open-roles?gh_jid=7516682003","2025-12-12T19:20:23-05:00","2026-04-01T09:17:16-04:00"
"Zipline","Autonomy Software Engineer","South San Francisco, California, USA","https://www.flyzipline.com/careers/open-roles?gh_jid=6570283003","2025-05-20T00:01:24-04:00","2026-04-01T09:17:16-04:00"
"Zipline","Autonomy Software Engineer, Validation Tools","South San Francisco, California, USA","https://www.flyzipline.com/careers/open-roles?gh_jid=7633532003","2026-02-16T23:54:13-05:00","2026-04-01T09:17:16-04:00"
"Zipline","Data Analyst","South San Francisco, California, USA","https://www.flyzipline.com/careers/open-roles?gh_jid=7610295003","2026-01-30T19:10:12-05:00","2026-04-01T09:17:16-04:00"
"Zipline","Electrical Engineering Intern (Summer 2026)","South San Francisco, California, USA","https://www.flyzipline.com/careers/open-roles?gh_jid=7549505003","2025-12-12T18:32:53-05:00","2026-04-01T09:17:16-04:00"
"Zipline","Fullstack - Data Platform (Autonomy) ","South San Francisco, California, USA","https://www.flyzipline.com/careers/open-roles?gh_jid=7607673003","2026-01-28T13:10:59-05:00","2026-04-01T09:17:16-04:00"
"Zipline","Join Our Fall 2026 Internships Mailing List!","South San Francisco, California, USA","https://www.flyzipline.com/careers/open-roles?gh_jid=7603255003","2026-02-02T15:50:45-05:00","2026-04-01T09:17:16-04:00"
"Zipline","Maps Intern (Summer 2026)","South San Francisco, California, USA","https://www.flyzipline.com/careers/open-roles?gh_jid=7561786003","2025-12-12T18:31:09-05:00","2026-04-01T09:17:16-04:00"
"Zipline","Motor Control Firmware Intern (Summer 2026)","South San Francisco, California, USA","https://www.flyzipline.com/careers/open-roles?gh_jid=7549489003","2025-12-12T18:31:42-05:00","2026-04-01T09:17:16-04:00"
"Zipline","Perception Intern (Summer 2026)","South San Francisco, California, USA","https://www.flyzipline.com/careers/open-roles?gh_jid=7647851003","2026-02-27T15:48:05-05:00","2026-04-01T09:17:16-04:00"
"Zipline","Quality & Manufacturing Intern (Summer 2026)","South San Francisco, California, USA","https://www.flyzipline.com/careers/open-roles?gh_jid=7610537003","2026-02-03T14:31:03-05:00","2026-04-01T09:17:16-04:00"
"Zipline","Software Engineer  - Hardware Test ","South San Francisco, California, USA","https://www.flyzipline.com/careers/open-roles?gh_jid=6653305003","2025-07-21T13:43:58-04:00","2026-04-01T09:17:16-04:00"
"Zipline","Software Engineer - Systems Validation","South San Francisco, California, USA","https://www.flyzipline.com/careers/open-roles?gh_jid=7564211003","2025-12-16T02:18:45-05:00","2026-04-01T09:17:16-04:00"
"Zipline","Supplier Industrialization Engineering Intern (Summer 2026)","South San Francisco, California, USA","https://www.flyzipline.com/careers/open-roles?gh_jid=7549483003","2025-12-12T18:31:00-05:00","2026-04-01T09:17:16-04:00"
"Zipline","System Validation & Automation Intern (Summer 2026)","South San Francisco, California, USA","https://www.flyzipline.com/careers/open-roles?gh_jid=7561788003","2025-12-12T18:30:57-05:00","2026-04-01T09:17:16-04:00"
"Zipline","Visual Observer (Contract Opportunity — Overnight Shifts Available)","Dallas-Fort Worth, Texas, USA","https://www.flyzipline.com/careers/open-roles?gh_jid=6353131003","2025-02-10T13:10:46-05:00","2026-04-01T09:17:16-04:00"
"ZipRecruiter","Software Engineer, Full Stack","Palo Alto, CA","https://job-boards.greenhouse.io/ziprecruiter/jobs/6556969","2025-01-17T17:13:28-05:00","2025-10-29T11:44:12-04:00"
"Zip ","Web Developer (Contract) ","Remote - US","https://jobs.ashbyhq.com/zip/25da2141-ede2-4294-909f-55b04b54f1bf","2026-03-05T22:00:16.174+00:00",""
"Walmart","(USA) Front End Coach","Buffalo, MO","https://walmart.wd5.myworkdayjobs.com/en-US/WalmartExternal/job/Buffalo-MO/XMLNAME--USA--Front-End-Coach_R-2466863","Posted Today",""
"Xylem Services USA LLC","Regional Driver (CDL - A)","Carterville, Illinois","https://xylem.wd5.myworkdayjobs.com/en-US/xylem-careers/job/Carterville-Illinois/Regional-Driver--CDL---A-_R42542","Posted 30+ Days Ago",""
"Workday","Software Application Engineer (US Federal)","USA, GA, Atlanta","https://workday.wd5.myworkdayjobs.com/en-US/Workday/job/USA-GA-Atlanta/Software-Application-Engineer----US-Federal-_JR-0104403-1","Posted 22 Days Ago",""
"Zoom","AI Software Engineer - Search Infrastructure","Seattle (WA)","https://zoom.wd5.myworkdayjobs.com/en-US/Zoom/job/Seattle-WA/AI-Software-Engineer---Search-Infrastructure_R18714-1","",""
"Zoom","Machine Learning Engineer - AI Agent","Seattle (WA)","https://zoom.wd5.myworkdayjobs.com/en-US/Zoom/job/Seattle-WA/Machine-Learning-Engineer---AI-Agent_R18831-1","",""
"Zoom","AI Engineer","San Jose (CA)","https://zoom.wd5.myworkdayjobs.com/en-US/Zoom/job/San-Jose-CA/AI-Engineer_R18265-1","",""
"Zoom","Machine Learning Engineer, Responsible AI","Seattle (WA)","https://zoom.wd5.myworkdayjobs.com/en-US/Zoom/job/Seattle-WA/Staff-Machine-Learning-Engineer--Responsible-AI_R18413-1","",""
"Zoom","Infrastructure Engineer","San Jose (CA)","https://zoom.wd5.myworkdayjobs.com/en-US/Zoom/job/San-Jose-CA/Infra-Apps-SRE_R18515-1","",""
"Zoom","Data Center Support Engineer","Remote  (VA)","https://zoom.wd5.myworkdayjobs.com/en-US/Zoom/job/Remote--VA/Data-Center-Support-Engineer_R18719-2","",""
"Zoom","DevOps Engineer","San Jose (CA)","https://zoom.wd5.myworkdayjobs.com/en-US/Zoom/job/San-Jose-CA/DevOps-Engineer_R18462","",""
"Zoom","AI Software Engineer","Seattle (WA)","https://zoom.wd5.myworkdayjobs.com/en-US/Zoom/job/Seattle-WA/AI-Software-Engineer_R15882-1","",""
"Zoom","Software Development Engineer, Asynchronous","San Jose (CA)","https://zoom.wd5.myworkdayjobs.com/en-US/Zoom/job/San-Jose-CA/Software-Development-Engineer--Asynchronous_R18872-1","",""
"Zoom","Data Engineer","San Jose (CA)","https://zoom.wd5.myworkdayjobs.com/en-US/Zoom/job/San-Jose-CA/Data-Engineer---Digital-Marketing_R18533-1","",""
"Zoom","DevOps Engineer","Remote  (US)","https://zoom.wd5.myworkdayjobs.com/en-US/Zoom/job/Remote--US/DevOps-Engineer_R17191-1","",""
"Zoom","Data Center Support Engineer","San Jose (CA)","https://zoom.wd5.myworkdayjobs.com/en-US/Zoom/job/San-Jose-CA/Data-Center-Support-Engineer_R18866-1","",""
"Zoom","DevOps Engineer","San Jose (CA)","https://zoom.wd5.myworkdayjobs.com/en-US/Zoom/job/San-Jose-CA/DevOps-Engineer_R18865","",""
"Walmart","Software Engineer III - Mobile","(USA) Crossman Excellence Building CA SUNNYVALE Home Office","https://walmart.wd5.myworkdayjobs.com/en-US/WalmartExternal/job/USA-Crossman-Excellence-Building-CA-SUNNYVALE-Home-Office/Software-Engineer-III---Mobile_R-2463106","Posted Today",""
"Walmart","Software Engineer III - Mobile","(USA) Crossman Excellence Building CA SUNNYVALE Home Office","https://walmart.wd5.myworkdayjobs.com/en-US/WalmartExternal/job/USA-Crossman-Excellence-Building-CA-SUNNYVALE-Home-Office/Software-Engineer-III---Mobile_R-2463116","Posted Today",""
"ZoomInfo","Research Data Scientist III","Bethesda, Maryland, United States","https://www.zoominfo.com/careers?gh_jid=8477044002","2026-03-26T11:03:53-04:00","2026-03-27T14:04:25-04:00"
"ZoomInfo","Software Engineer III - Contributory Network ","Bethesda, Maryland, United States; Waltham, Massachusetts, United States","https://www.zoominfo.com/careers?gh_jid=8461279002","2026-03-24T17:33:30-04:00","2026-03-31T20:52:59-04:00"
"Zoom","AI Engineer","Seattle (WA)","https://zoom.wd5.myworkdayjobs.com/en-US/Zoom/job/Seattle-WA/Software-Development-Engineer---Zoom-AI-API-Suite_R17822-1","",""
"Zoom","Software Engineer","San Jose (CA)","https://zoom.wd5.myworkdayjobs.com/en-US/Zoom/job/San-Jose-CA/Software-Engineer_R18600","",""
"Workday","Software Development Engineer - ML Ops (US Federal)","USA, VA, McLean","https://workday.wd5.myworkdayjobs.com/en-US/Workday/job/USA-VA-McLean/Software-Development-Engineer---ML-Ops_JR-0103064","Posted 30+ Days Ago",""
"Workday","Software Application Engineer (US Federal)","USA, VA, McLean","https://workday.wd5.myworkdayjobs.com/en-US/Workday/job/USA-VA-McLean/Software-Application-Engineer_JR-0103060","Posted 30+ Days Ago",""
"Zscaler","Executive Briefing Program Intern","San Jose, California, USA","https://job-boards.greenhouse.io/zscaler/jobs/5008016007","2025-12-22T13:29:34-05:00","2026-03-31T09:14:46-04:00"
"Zscaler","Phishing Analyst-SkillBridge Intern","USA - Update Location","https://job-boards.greenhouse.io/zscaler/jobs/5065302007","2026-03-31T11:43:42-04:00","2026-03-31T11:43:42-04:00"
"Zscaler","Product Operations Intern","San Jose, California, USA","https://job-boards.greenhouse.io/zscaler/jobs/5002419007","2025-12-12T14:29:03-05:00","2026-03-31T09:18:09-04:00"
"Zscaler","Site Reliability Engineer Federal- SkillBridge Intern","Remote - Virginia, USA","https://job-boards.greenhouse.io/zscaler/jobs/5046050007","2026-02-06T18:11:25-05:00","2026-03-31T09:18:12-04:00"
"Zscaler","Site Reliability Engineer-SkillBridge Intern","Remote - USA","https://job-boards.greenhouse.io/zscaler/jobs/5045817007","2026-02-06T18:06:05-05:00","2026-03-31T09:18:12-04:00"
"Zscaler","Software Development Engineer (Golang)","Remote - USA","https://job-boards.greenhouse.io/zscaler/jobs/5080761007","2026-03-27T16:19:07-04:00","2026-03-31T09:18:14-04:00"
"Zoox","AI Developer Productivity Engineer","Foster City, CA","https://jobs.lever.co/zoox/fe3ec246-6f0a-4405-9ae8-10e322ac6799","2024-06-20 22:26:08","N/A"
"Zoox","AI Hardware Architect","Foster City, CA","https://jobs.lever.co/zoox/789865f1-f929-4905-86e1-c82ed23c5db8","2025-06-11 16:35:20","N/A"
"Zoox","AV Safety Software Engineer","Foster City, CA","https://jobs.lever.co/zoox/78320bf3-5c38-4583-a16b-e67b676cc1f8","2026-03-30 20:01:14","N/A"
"Zoox","Data Engineer","Foster City, CA","https://jobs.lever.co/zoox/c73446f6-3e66-4e3d-a694-f768e86038e9","2025-12-08 20:02:03","N/A"
"Zoox","Data Scientist - Perception Verification and Validation","Boston, MA","https://jobs.lever.co/zoox/9ab192af-3480-40a7-9ff3-f81061ac6301","2025-12-22 21:53:30","N/A"
"Zoox","Full Stack Software Engineer, Operational Applications and Platforms","Foster City, CA","https://jobs.lever.co/zoox/0686875b-6d06-49aa-b9f2-772f756d5235","2026-03-17 21:34:18","N/A"
"Zoox","Fullstack Software Engineer - HD Mapping Web Services","Foster City, CA","https://jobs.lever.co/zoox/d4a324c6-8186-435f-a102-1ac7a69abe1e","2025-10-22 17:21:44","N/A"
"Zoox","Hardware Software Integration Engineer","Foster City, CA","https://jobs.lever.co/zoox/c60acf84-4c09-48f8-adb9-4734604355dc","2025-11-10 21:50:44","N/A"
"Zoox","Lidar Engineer Intern","Foster City, CA","https://jobs.lever.co/zoox/b28f4bc1-226d-471d-a868-1062bbe85614","2026-02-24 20:50:10","N/A"
"Zoox","Machine Learning Engineer - MLA Perception Offline Driving Intelligence","Foster City, CA","https://jobs.lever.co/zoox/03b2ccc5-85ac-4f55-9633-9215451246b2","2025-06-30 22:57:51","N/A"
"Zoox","Machine Learning Engineer - MLA Perception Offline Driving Intelligence","Boston, MA","https://jobs.lever.co/zoox/809b1301-9654-4673-8f2d-4bc68bcead7f","2025-12-19 19:26:02","N/A"
"Zoox","Machine Learning Engineer Intern (Ph.D), Perception","Foster City, CA","https://jobs.lever.co/zoox/9b3ab3ee-b130-49b6-8413-7d8fd9c33ed3","2025-11-18 22:32:26","N/A"
"Zoox","Machine Learning Engineer Intern, Simulation","Foster City, CA","https://jobs.lever.co/zoox/f24a2d0c-bda7-48ff-9c83-9a96900128b7","2025-11-18 22:26:39","N/A"
"Zoox","Motion Planning Intern","Foster City, CA","https://jobs.lever.co/zoox/d355532c-5e18-4eaf-9da1-0571c2cbbc96","2025-11-12 15:28:53","N/A"
"Zoox","Part-Time Software Engineer (6-month Contract)","Foster City, CA","https://jobs.lever.co/zoox/5f10dfaf-5920-4506-8a09-b39b29e6f48b","2025-10-16 19:27:21","N/A"
"Zoox","Part-Time Student Worker – Applied AI & LLM Workflows","Foster City, CA","https://jobs.lever.co/zoox/a0185c33-76f1-4516-bec2-a5501c49b081","2026-03-05 23:33:34","N/A"
"Zoox","Software Development Engineer in Test - Connectivity","Foster City, CA","https://jobs.lever.co/zoox/8196eca7-1b41-496f-93c4-fc02a09ee00c","2026-01-21 18:17:15","N/A"
"Zoox","Software Development Engineer in Test, Platform Safety Assurance","Foster City, CA","https://jobs.lever.co/zoox/8914da26-af12-40ce-8819-bfc9fbf98cf2","2026-02-19 17:35:18","N/A"
"Zoox","Software Engineer - Automation Tools and Infrastructure","Foster City, CA","https://jobs.lever.co/zoox/77b65c9f-0f61-4395-bd38-051e2f27b8d2","2025-11-24 21:54:15","N/A"
"Zoox","Software Engineer - Mission Planning","Foster City, CA","https://jobs.lever.co/zoox/6efb15a8-ebe0-4ffc-bcc6-1d8f8375dbee","2026-01-09 22:06:47","N/A"
"Zoox","Software Engineer - Motion Planning","Foster City, CA","https://jobs.lever.co/zoox/7dd45151-9d8a-45a4-bb33-86fb88c1995d","2016-02-08 19:02:13","N/A"
"Zoox","Software Engineer - Simulation Scenario Full Stack","Foster City, CA","https://jobs.lever.co/zoox/c36a2c54-6481-4deb-9159-04feec638e97","2025-12-19 19:49:23","N/A"
"Zoox","Software Engineer, Analytics Platform","Foster City, CA","https://jobs.lever.co/zoox/04039062-1f3a-49ed-a282-6d4529c5a082","2026-03-25 18:19:50","N/A"
"Zoox","Software Engineer, ML Core","Foster City, CA","https://jobs.lever.co/zoox/686769f4-2fd5-4333-8fe4-548891e675af","2026-01-26 22:15:26","N/A"
"Zoox","Software Engineer, ML Platform (ML Serving)","Foster City, CA","https://jobs.lever.co/zoox/9e038e75-7a0e-4176-abcf-f57343284d3b","2026-02-02 21:10:53","N/A"
"Zoox","Software Engineer, Robot Data Platform","Foster City, CA","https://jobs.lever.co/zoox/93a542db-7ee2-426c-afb8-81f3b58e3dc9","2026-02-13 22:12:21","N/A"
"Zoox","Software Systems Engineer - Middleware & Diagnostics","Foster City, CA","https://jobs.lever.co/zoox/1954cb56-93ca-4a37-ba2d-541c777e0cd2","2026-02-27 15:54:37","N/A"
"Workday","Software Development Engineer, DevOps - Lifecycle Platform (US Federal)","USA, VA, McLean","https://workday.wd5.myworkdayjobs.com/en-US/Workday/job/USA-VA-McLean/Software-Development-Engineer--DevOps---Lifecycle-Platform--US-Federal-_JR-0097425","Posted 30+ Days Ago",""
"Walmart","Systems Administrator, System & Infrastructure","(USA) ISD Office - DGTC AR BENTONVILLE Home Office","https://walmart.wd5.myworkdayjobs.com/en-US/WalmartExternal/job/USA-ISD-Office---DGTC-AR-BENTONVILLE-Home-Office/Systems-Administrator--System---Infrastructure_R-2443344","Posted Today",""
"Walmart","Pharmacy Pre-Grad Intern - WM","(USA) GA CUMMING 07185 WM SUPERCENTER","https://walmart.wd5.myworkdayjobs.com/en-US/WalmartExternal/job/USA-GA-CUMMING-07185-WM-SUPERCENTER/Pharmacy-Pre-Grad-Intern---WM_R-2463627","Posted Today",""
"Walmart","Pharmacy Grad Intern (Hrly)","Fredericksburg, VA","https://walmart.wd5.myworkdayjobs.com/en-US/WalmartExternal/job/Fredericksburg-VA/Pharmacy-Grad-Intern--Hrly-_R-2466403","Posted Today",""
"Walmart","Data Scientist III","Hoboken, NJ","https://walmart.wd5.myworkdayjobs.com/en-US/WalmartExternal/job/Hoboken-NJ/Data-Scientist-III_R-2343829","Posted Today",""
"Walmart","(USA) Coach/Ops Mgr Trainee","Show Low, AZ","https://walmart.wd5.myworkdayjobs.com/en-US/WalmartExternal/job/Show-Low-AZ/XMLNAME--USA--Coach-Ops-Mgr-Trainee_R-2466161","Posted Today",""
"Walmart","Pharmacy Pre-Grad Intern - WM","(USA) IN LAFAYETTE 01547 WM SUPERCENTER","https://walmart.wd5.myworkdayjobs.com/en-US/WalmartExternal/job/USA-IN-LAFAYETTE-01547-WM-SUPERCENTER/Pharmacy-Pre-Grad-Intern---WM_R-2464942-2","Posted Today",""
"Walmart","Software Engineer III","(USA) Crossman Respect Building CA SUNNYVALE Home Office","https://walmart.wd5.myworkdayjobs.com/en-US/WalmartExternal/job/USA-Crossman-Respect-Building-CA-SUNNYVALE-Home-Office/Software-Engineer-III_R-2459974-1","Posted Today",""
"Walmart","Pharmacy Pre-Grad Intern - WM","(USA) TX AUSTIN 04554 WM SUPERCENTER","https://walmart.wd5.myworkdayjobs.com/en-US/WalmartExternal/job/USA-TX-AUSTIN-04554-WM-SUPERCENTER/Pharmacy-Pre-Grad-Intern---WM_R-2438737","Posted Today",""
"Walmart","Pharmacy Pre-Grad Intern - WM","(USA) TX KYLE 04130 WM SUPERCENTER","https://walmart.wd5.myworkdayjobs.com/en-US/WalmartExternal/job/USA-TX-KYLE-04130-WM-SUPERCENTER/Pharmacy-Pre-Grad-Intern---WM_R-2438725","Posted Today",""
"Walmart","Freight Handler","US CA PERRIS 08799 ECOMM WHSE LOGISTICS","https://walmart.wd5.myworkdayjobs.com/en-US/WalmartExternal/job/US-CA-PERRIS-08799-ECOMM-WHSE-LOGISTICS/Freight-Handler_R-1251924","Posted Today",""
"Walmart","Freight Handler","US OH GROVEPORT 09475 ECOMM WHSE LOGISTICS","https://walmart.wd5.myworkdayjobs.com/en-US/WalmartExternal/job/US-OH-GROVEPORT-09475-ECOMM-WHSE-LOGISTICS/Freight-Handler_R-1251948-1","Posted Today",""
"Walmart","Pharmacy Grad Intern (Hrly)","Diberville, MS","https://walmart.wd5.myworkdayjobs.com/en-US/WalmartExternal/job/Diberville-MS/Pharmacy-Grad-Intern--Hrly-_R-2463163-1","Posted Today",""
"Walmart","Software Engineer III","IN KA BANGALORE Home Office Building 11","https://walmart.wd5.myworkdayjobs.com/en-US/WalmartExternal/job/IN-KA-BANGALORE-Home-Office-Building-11/Software-Engineer-III_R-2420198","Posted Today",""
"Walmart","Software Engineer III","IN KA BANGALORE Home Office PTPP1","https://walmart.wd5.myworkdayjobs.com/en-US/WalmartExternal/job/IN-KA-BANGALORE-Home-Office-PTPP1/Software-Engineer-III_R-2448239-1","Posted Today",""
"Walmart","Software Engineer III","IN KA BANGALORE Home Office PTPP1","https://walmart.wd5.myworkdayjobs.com/en-US/WalmartExternal/job/IN-KA-BANGALORE-Home-Office-PTPP1/Software-Engineer-III_R-2447862","Posted Today",""
"Walmart","Pharmacy Pre-Grad Intern - WM","Bradford, PA","https://walmart.wd5.myworkdayjobs.com/en-US/WalmartExternal/job/Bradford-PA/Pharmacy-Pre-Grad-Intern---WM_R-2464270","Posted Yesterday",""
"Walmart","(USA) Software Engineer III","(USA) Redbird AR BENTONVILLE Home Office","https://walmart.wd5.myworkdayjobs.com/en-US/WalmartExternal/job/USA-Redbird-AR-BENTONVILLE-Home-Office/XMLNAME--USA--Software-Engineer-III_R-2462669","Posted Yesterday",""
"Walmart","Software Engineer III","(USA) Crossman Service Building CA SUNNYVALE Home Office","https://walmart.wd5.myworkdayjobs.com/en-US/WalmartExternal/job/USA-Crossman-Service-Building-CA-SUNNYVALE-Home-Office/Software-Engineer-III_R-2448756","Posted Yesterday",""
"Walmart","Pharmacy Grad Intern (hrly)","Casa Grande, AZ","https://walmart.wd5.myworkdayjobs.com/en-US/WalmartExternal/job/Casa-Grande-AZ/Pharmacy-Grad-Intern--hrly-_R-2465323","Posted Yesterday",""
"Walmart","Data Engineer III","Sunnyvale, CA","https://walmart.wd5.myworkdayjobs.com/en-US/WalmartExternal/job/Sunnyvale-CA/Data-Engineer-III_R-2419537","Posted Yesterday",""
"Walmart","Fleet Development Facilitator (Spring Valley, IL)","US IL SPRING VALLEY 06892 DISPATCH TRUCKING","https://walmart.wd5.myworkdayjobs.com/en-US/WalmartExternal/job/US-IL-SPRING-VALLEY-06892-DISPATCH-TRUCKING/Fleet-Development-Facilitator--Spring-Valley--IL-_R-2456674-1","Posted Yesterday",""
"Walmart","Pharmacy Pre-Grad Intern - WM","Rutland, VT","https://walmart.wd5.myworkdayjobs.com/en-US/WalmartExternal/job/Rutland-VT/Pharmacy-Pre-Grad-Intern---WM_R-2464239","Posted Yesterday",""
"Walmart","(USA) Material Handler, Manufacturing (Starting pay $24.50, Sa, Sun, Mo 6a-6:30p)","Olathe, KS","https://walmart.wd5.myworkdayjobs.com/en-US/WalmartExternal/job/Olathe-KS/XMLNAME--USA--Material-Handler--Manufacturing--Starting-pay--2450--Sa--Sun--Mo-6a-6-30p-_R-2464993","Posted Yesterday",""
"Walmart","Pharmacy Pre-Grad Intern - WM","Sylva, NC","https://walmart.wd5.myworkdayjobs.com/en-US/WalmartExternal/job/Sylva-NC/Pharmacy-Pre-Grad-Intern---WM_R-2461231-1","Posted Yesterday",""
